#
# There is insufficient memory for the Java Runtime Environment to continue.
# Native memory allocation (mmap) failed to map 1031798784 bytes. Error detail: G1 virtual space
# Possible reasons:
#   The system is out of physical RAM or swap space
#   This process is running with CompressedOops enabled, and the Java Heap may be blocking the growth of the native heap
# Possible solutions:
#   Reduce memory load on the system
#   Increase physical memory or swap space
#   Check if swap backing store is full
#   Decrease Java heap size (-Xmx/-Xms)
#   Decrease number of Java threads
#   Decrease Java thread stack sizes (-Xss)
#   Set larger code cache with -XX:ReservedCodeCacheSize=
#   JVM is running with Zero Based Compressed Oops mode in which the Java heap is
#     placed in the first 32GB address space. The Java Heap base address is the
#     maximum limit for the native heap growth. Please use -XX:HeapBaseMinAddress
#     to set the Java Heap base and to place the Java Heap above 32GB virtual address.
# This output file may be truncated or incomplete.
#
#  Out of Memory Error (os_windows.cpp:3766), pid=7604, tid=3516
#
# JRE version: OpenJDK Runtime Environment (25.0.3) (build 25.0.3+-15898627-b508.16)
# Java VM: OpenJDK 64-Bit Server VM (25.0.3+-15898627-b508.16, mixed mode, tiered, compressed oops, compressed class ptrs, g1 gc, windows-amd64)
# No core dump will be written. Minidumps are not enabled by default on client versions of Windows
#

---------------  S U M M A R Y ------------

Command Line: --add-opens=java.base/java.lang=ALL-UNNAMED --add-opens=java.base/java.lang.invoke=ALL-UNNAMED --add-opens=java.base/java.util=ALL-UNNAMED --add-opens=java.prefs/java.util.prefs=ALL-UNNAMED --add-exports=jdk.compiler/com.sun.tools.javac.api=ALL-UNNAMED --add-exports=jdk.compiler/com.sun.tools.javac.util=ALL-UNNAMED --add-opens=java.base/java.util=ALL-UNNAMED --add-opens=java.prefs/java.util.prefs=ALL-UNNAMED --add-opens=java.base/java.nio.charset=ALL-UNNAMED --add-opens=java.base/java.net=ALL-UNNAMED --add-opens=java.base/java.util.concurrent=ALL-UNNAMED --add-opens=java.base/java.util.concurrent.atomic=ALL-UNNAMED --add-opens=java.xml/javax.xml.namespace=ALL-UNNAMED --add-opens=java.base/java.time=ALL-UNNAMED --enable-native-access=ALL-UNNAMED -XX:MaxMetaspaceSize=4G -XX:ReservedCodeCacheSize=512m -XX:+HeapDumpOnOutOfMemoryError -Xmx8G -Dfile.encoding=UTF-8 -Duser.country=MX -Duser.language=es -Duser.variant -javaagent:C:\Users\Windows 10\.gradle\wrapper\dists\gradle-9.3.1-all\9ot9r568e8zfvvd4mn8rbu1j0\gradle-9.3.1\lib\agents\gradle-instrumentation-agent-9.3.1.jar org.gradle.launcher.daemon.bootstrap.GradleDaemon 9.3.1

Host: Pentium(R) Dual-Core  CPU      E5300  @ 2.60GHz, 2 cores, 3G,  Windows 10 , 64 bit Build 19041 (10.0.19041.5915)
Time: Tue Sep 15 20:09:09 2026 Hora estándar central (México) elapsed time: 2796.765549 seconds (0d 0h 46m 36s)

---------------  T H R E A D  ---------------

Current thread (0x00000295c026f450):  VMThread "VM Thread"          [id=3516, stack(0x000000ff17200000,0x000000ff17300000) (1024K)]

Stack: [0x000000ff17200000,0x000000ff17300000]
Native frames: (J=compiled Java code, j=interpreted, Vv=VM code, C=native code)
V  [jvm.dll+0x7bf039]  (no source info available)
V  [jvm.dll+0x78912d]  (no source info available)
V  [jvm.dll+0xa0e615]  (no source info available)
V  [jvm.dll+0xa10c94]  (no source info available)
V  [jvm.dll+0xa11393]  (no source info available)
V  [jvm.dll+0x30a116]  (no source info available)
V  [jvm.dll+0x7bb145]  (no source info available)
V  [jvm.dll+0x7adc17]  (no source info available)
V  [jvm.dll+0x3fea3b]  (no source info available)
V  [jvm.dll+0x406bf6]  (no source info available)
V  [jvm.dll+0x3f30a6]  (no source info available)
V  [jvm.dll+0x3f3388]  (no source info available)
V  [jvm.dll+0x3c8622]  (no source info available)
V  [jvm.dll+0x3c86ba]  (no source info available)
V  [jvm.dll+0x417e60]  (no source info available)
V  [jvm.dll+0x416781]  (no source info available)
V  [jvm.dll+0x3c7d57]  (no source info available)
V  [jvm.dll+0x415bbf]  (no source info available)
V  [jvm.dll+0xa1765a]  (no source info available)
V  [jvm.dll+0xa18961]  (no source info available)
V  [jvm.dll+0xa18ed8]  (no source info available)
V  [jvm.dll+0xa19163]  (no source info available)
V  [jvm.dll+0x9ad738]  (no source info available)
V  [jvm.dll+0x7bd585]  (no source info available)
C  [ucrtbase.dll+0x21bb2]  (no source info available)
C  [KERNEL32.DLL+0x17374]  (no source info available)
C  [ntdll.dll+0x4cc91]  (no source info available)

VM_Operation (0x000000ff1b6fd6c8): G1CollectForAllocation, mode: safepoint, requested by thread 0x00000295ee133d20


---------------  P R O C E S S  ---------------

Threads class SMR info:
_java_thread_list=0x00000295e1daf9f0, length=83, elements={
0x00000295909d4f60, 0x00000295c02afa10, 0x00000295c02eb140, 0x00000295c02bd900,
0x00000295c02c2610, 0x00000295c02c31d0, 0x00000295c02c6b50, 0x00000295c02cd330,
0x00000295c02d0610, 0x00000295c02f3880, 0x00000295c2986c40, 0x00000295c8ed9060,
0x00000295c91ef020, 0x00000295c91f2d20, 0x00000295c7234ad0, 0x00000295c8e06f90,
0x00000295c8e096a0, 0x00000295c8e09e70, 0x00000295c8e0ae10, 0x00000295c8e040b0,
0x00000295c8e05820, 0x00000295c75041a0, 0x00000295c75012c0, 0x00000295c7505910,
0x00000295c75068b0, 0x00000295c7503200, 0x00000295c7507850, 0x00000295c834b720,
0x00000295c834edd0, 0x00000295c834fd70, 0x00000295c8350d10, 0x00000295c834ce90,
0x00000295c834af50, 0x00000295ca16c6f0, 0x00000295ca16e630, 0x00000295ca16ee00,
0x00000295ca16fda0, 0x00000295ca171510, 0x00000295ca136620, 0x00000295ca136df0,
0x00000295ca133740, 0x00000295ca1327a0, 0x00000295ca1375c0, 0x00000295ca1346e0,
0x00000295ca138560, 0x00000295cabab720, 0x00000295cabade30, 0x00000295cabaaf50,
0x00000295cabb1cb0, 0x00000295cad2c0f0, 0x00000295cadc4de0, 0x00000295cadbf7f0,
0x00000295cadc1730, 0x00000295eab58cf0, 0x00000295eab594c0, 0x00000295eab565e0,
0x00000295eab52f30, 0x00000295eab53700, 0x00000295eab5bbd0, 0x00000295eab5d340,
0x00000295eab60220, 0x00000295d710edc0, 0x00000295d71114d0, 0x00000295ee12ef00,
0x00000295ee12d790, 0x00000295ee133d20, 0x00000295ee130670, 0x00000295ee12a0e0,
0x00000295ddd64cb0, 0x00000295ddd60660, 0x00000295ddd644e0, 0x00000295ddd65480,
0x00000295ddd70060, 0x00000295ddd6ba10, 0x00000295ee140070, 0x00000295ee13d190,
0x00000295eabfe750, 0x00000295eabfd7b0, 0x00000295eabfef20, 0x00000295eab5e2e0,
0x00000295eab5ac30, 0x00000295cadbd8b0, 0x00000295d710fd60
}

Java Threads: ( => current thread )
  0x00000295909d4f60 JavaThread "main"                              [_thread_blocked, id=10012, stack(0x000000ff16b00000,0x000000ff16c00000) (1024K)]
  0x00000295c02afa10 JavaThread "Common-Cleaner"             daemon [_thread_blocked, id=10988, stack(0x000000ff17300000,0x000000ff17400000) (1024K)]
  0x00000295c02eb140 JavaThread "Reference Handler"          daemon [_thread_blocked, id=8356, stack(0x000000ff17400000,0x000000ff17500000) (1024K)]
  0x00000295c02bd900 JavaThread "Finalizer"                  daemon [_thread_blocked, id=10788, stack(0x000000ff17500000,0x000000ff17600000) (1024K)]
  0x00000295c02c2610 JavaThread "Signal Dispatcher"          daemon [_thread_blocked, id=8940, stack(0x000000ff17600000,0x000000ff17700000) (1024K)]
  0x00000295c02c31d0 JavaThread "Attach Listener"            daemon [_thread_blocked, id=12436, stack(0x000000ff17700000,0x000000ff17800000) (1024K)]
  0x00000295c02c6b50 JavaThread "Service Thread"             daemon [_thread_blocked, id=9404, stack(0x000000ff17800000,0x000000ff17900000) (1024K)]
  0x00000295c02cd330 JavaThread "Monitor Deflation Thread"   daemon [_thread_blocked, id=11760, stack(0x000000ff17900000,0x000000ff17a00000) (1024K)]
  0x00000295c02d0610 JavaThread "C2 CompilerThread0"         daemon [_thread_blocked, id=12524, stack(0x000000ff17a00000,0x000000ff17b00000) (1024K)]
  0x00000295c02f3880 JavaThread "C1 CompilerThread0"         daemon [_thread_blocked, id=6644, stack(0x000000ff17b00000,0x000000ff17c00000) (1024K)]
  0x00000295c2986c40 JavaThread "Notification Thread"        daemon [_thread_blocked, id=7812, stack(0x000000ff17c00000,0x000000ff17d00000) (1024K)]
  0x00000295c8ed9060 JavaThread "Daemon health stats"               [_thread_blocked, id=11332, stack(0x000000ff17e00000,0x000000ff17f00000) (1024K)]
  0x00000295c91ef020 JavaThread "Incoming local TCP Connector on port 64020"        [_thread_in_native, id=12972, stack(0x000000ff17f00000,0x000000ff18000000) (1024K)]
  0x00000295c91f2d20 JavaThread "Daemon periodic checks"            [_thread_blocked, id=744, stack(0x000000ff18000000,0x000000ff18100000) (1024K)]
  0x00000295c7234ad0 JavaThread "Daemon"                            [_thread_blocked, id=4236, stack(0x000000ff18100000,0x000000ff18200000) (1024K)]
  0x00000295c8e06f90 JavaThread "Handler for socket connection from /127.0.0.1:64020 to /127.0.0.1:64021"        [_thread_in_native, id=8544, stack(0x000000ff18200000,0x000000ff18300000) (1024K)]
  0x00000295c8e096a0 JavaThread "Cancel handler"                    [_thread_blocked, id=4180, stack(0x000000ff18300000,0x000000ff18400000) (1024K)]
  0x00000295c8e09e70 JavaThread "Daemon worker"                     [_thread_blocked, id=12568, stack(0x000000ff18400000,0x000000ff18500000) (1024K)]
  0x00000295c8e0ae10 JavaThread "Asynchronous log dispatcher for DefaultDaemonConnection: socket connection from /127.0.0.1:64020 to /127.0.0.1:64021"        [_thread_blocked, id=8416, stack(0x000000ff18500000,0x000000ff18600000) (1024K)]
  0x00000295c8e040b0 JavaThread "Stdin handler"                     [_thread_blocked, id=10652, stack(0x000000ff18600000,0x000000ff18700000) (1024K)]
  0x00000295c8e05820 JavaThread "Daemon client event forwarder"        [_thread_blocked, id=5724, stack(0x000000ff18700000,0x000000ff18800000) (1024K)]
  0x00000295c75041a0 JavaThread "Cache worker for journal cache (C:\Users\Windows 10\.gradle\caches\journal-1)"        [_thread_blocked, id=12448, stack(0x000000ff18800000,0x000000ff18900000) (1024K)]
  0x00000295c75012c0 JavaThread "File lock request listener"        [_thread_in_native, id=13140, stack(0x000000ff18900000,0x000000ff18a00000) (1024K)]
  0x00000295c7505910 JavaThread "Cache worker for file hash cache (C:\Users\Windows 10\.gradle\caches\9.3.1\fileHashes)"        [_thread_blocked, id=10872, stack(0x000000ff18a00000,0x000000ff18b00000) (1024K)]
  0x00000295c75068b0 JavaThread "Cache worker for file hash cache (C:\Users\Windows 10\Desktop\burger_pos\flutter_application_1\android\.gradle\9.3.1\fileHashes)"        [_thread_blocked, id=12364, stack(0x000000ff18b00000,0x000000ff18c00000) (1024K)]
  0x00000295c7503200 JavaThread "Cache worker for Build Output Cleanup Cache (C:\Users\Windows 10\Desktop\burger_pos\flutter_application_1\android\.gradle\buildOutputCleanup)"        [_thread_blocked, id=456, stack(0x000000ff18c00000,0x000000ff18d00000) (1024K)]
  0x00000295c7507850 JavaThread "File watcher server"        daemon [_thread_blocked, id=9648, stack(0x000000ff18d00000,0x000000ff18e00000) (1024K)]
  0x00000295c834b720 JavaThread "File watcher consumer"      daemon [_thread_blocked, id=4608, stack(0x000000ff18e00000,0x000000ff18f00000) (1024K)]
  0x00000295c834edd0 JavaThread "Cache worker for checksums cache (C:\Users\Windows 10\Desktop\burger_pos\flutter_application_1\android\.gradle\9.3.1\checksums)"        [_thread_blocked, id=11172, stack(0x000000ff18f00000,0x000000ff19000000) (1024K)]
  0x00000295c834fd70 JavaThread "Cache worker for file content cache (C:\Users\Windows 10\.gradle\caches\9.3.1\fileContent)"        [_thread_blocked, id=9260, stack(0x000000ff19000000,0x000000ff19100000) (1024K)]
  0x00000295c8350d10 JavaThread "Cache worker for cache directory md-supplier (C:\Users\Windows 10\.gradle\caches\9.3.1\md-supplier)"        [_thread_blocked, id=4708, stack(0x000000ff19100000,0x000000ff19200000) (1024K)]
  0x00000295c834ce90 JavaThread "Cache worker for cache directory md-rule (C:\Users\Windows 10\.gradle\caches\9.3.1\md-rule)"        [_thread_blocked, id=11876, stack(0x000000ff19200000,0x000000ff19300000) (1024K)]
  0x00000295c834af50 JavaThread "Cache worker for Build Output Cleanup Cache (C:\src\flutter\packages\flutter_tools\gradle\.gradle\buildOutputCleanup)"        [_thread_blocked, id=12368, stack(0x000000ff19300000,0x000000ff19400000) (1024K)]
  0x00000295ca16c6f0 JavaThread "Unconstrained build operations"        [_thread_blocked, id=8264, stack(0x000000ff19400000,0x000000ff19500000) (1024K)]
  0x00000295ca16e630 JavaThread "Unconstrained build operations Thread 2"        [_thread_blocked, id=3100, stack(0x000000ff19500000,0x000000ff19600000) (1024K)]
  0x00000295ca16ee00 JavaThread "Unconstrained build operations Thread 3"        [_thread_blocked, id=10572, stack(0x000000ff19600000,0x000000ff19700000) (1024K)]
  0x00000295ca16fda0 JavaThread "Memory manager"                    [_thread_blocked, id=12076, stack(0x000000ff19700000,0x000000ff19800000) (1024K)]
  0x00000295ca171510 JavaThread "build event listener"              [_thread_blocked, id=8376, stack(0x000000ff19800000,0x000000ff19900000) (1024K)]
  0x00000295ca136620 JavaThread "Execution worker"                  [_thread_blocked, id=7592, stack(0x000000ff16a00000,0x000000ff16b00000) (1024K)]
  0x00000295ca136df0 JavaThread "Cache worker for execution history cache (C:\src\flutter\packages\flutter_tools\gradle\.gradle\9.3.1\executionHistory)"        [_thread_blocked, id=9620, stack(0x000000ff19900000,0x000000ff19a00000) (1024K)]
  0x00000295ca133740 JavaThread "Unconstrained build operations Thread 4"        [_thread_blocked, id=3928, stack(0x000000ff19a00000,0x000000ff19b00000) (1024K)]
  0x00000295ca1327a0 JavaThread "Unconstrained build operations Thread 5"        [_thread_blocked, id=300, stack(0x000000ff19b00000,0x000000ff19c00000) (1024K)]
  0x00000295ca1375c0 JavaThread "Unconstrained build operations Thread 6"        [_thread_blocked, id=6588, stack(0x000000ff19c00000,0x000000ff19d00000) (1024K)]
  0x00000295ca1346e0 JavaThread "Unconstrained build operations Thread 7"        [_thread_blocked, id=6480, stack(0x000000ff19d00000,0x000000ff19e00000) (1024K)]
  0x00000295ca138560 JavaThread "Unconstrained build operations Thread 8"        [_thread_blocked, id=8788, stack(0x000000ff19e00000,0x000000ff19f00000) (1024K)]
  0x00000295cabab720 JavaThread "Unconstrained build operations Thread 9"        [_thread_blocked, id=2328, stack(0x000000ff19f00000,0x000000ff1a000000) (1024K)]
  0x00000295cabade30 JavaThread "Unconstrained build operations Thread 10"        [_thread_blocked, id=9664, stack(0x000000ff1a000000,0x000000ff1a100000) (1024K)]
  0x00000295cabaaf50 JavaThread "build event listener"              [_thread_blocked, id=12944, stack(0x000000ff1a100000,0x000000ff1a200000) (1024K)]
  0x00000295cabb1cb0 JavaThread "build event listener"              [_thread_blocked, id=2792, stack(0x000000ff1a200000,0x000000ff1a300000) (1024K)]
  0x00000295cad2c0f0 JavaThread "Problems report writer"            [_thread_blocked, id=11680, stack(0x000000ff1a300000,0x000000ff1a400000) (1024K)]
  0x00000295cadc4de0 JavaThread "Unconstrained build operations Thread 11"        [_thread_blocked, id=2428, stack(0x000000ff1a500000,0x000000ff1a600000) (1024K)]
  0x00000295cadbf7f0 JavaThread "Unconstrained build operations Thread 12"        [_thread_blocked, id=4668, stack(0x000000ff1a600000,0x000000ff1a700000) (1024K)]
  0x00000295cadc1730 JavaThread "Unconstrained build operations Thread 13"        [_thread_blocked, id=5764, stack(0x000000ff1a700000,0x000000ff1a800000) (1024K)]
  0x00000295eab58cf0 JavaThread "Unconstrained build operations Thread 14"        [_thread_blocked, id=6472, stack(0x000000ff1a800000,0x000000ff1a900000) (1024K)]
  0x00000295eab594c0 JavaThread "Unconstrained build operations Thread 15"        [_thread_blocked, id=12864, stack(0x000000ff1a900000,0x000000ff1aa00000) (1024K)]
  0x00000295eab565e0 JavaThread "Unconstrained build operations Thread 16"        [_thread_blocked, id=5160, stack(0x000000ff1aa00000,0x000000ff1ab00000) (1024K)]
  0x00000295eab52f30 JavaThread "Unconstrained build operations Thread 17"        [_thread_blocked, id=7412, stack(0x000000ff1ab00000,0x000000ff1ac00000) (1024K)]
  0x00000295eab53700 JavaThread "Unconstrained build operations Thread 18"        [_thread_blocked, id=3380, stack(0x000000ff1ac00000,0x000000ff1ad00000) (1024K)]
  0x00000295eab5bbd0 JavaThread "Unconstrained build operations Thread 19"        [_thread_blocked, id=8816, stack(0x000000ff1af00000,0x000000ff1b000000) (1024K)]
  0x00000295eab5d340 JavaThread "Unconstrained build operations Thread 20"        [_thread_blocked, id=2896, stack(0x000000ff1b000000,0x000000ff1b100000) (1024K)]
  0x00000295eab60220 JavaThread "Kotlin DSL Writer"                 [_thread_blocked, id=4592, stack(0x000000ff16900000,0x000000ff16a00000) (1024K)]
  0x00000295d710edc0 JavaThread "jar transforms"                    [_thread_blocked, id=12860, stack(0x000000ff1ae00000,0x000000ff1af00000) (1024K)]
  0x00000295d71114d0 JavaThread "jar transforms Thread 2"           [_thread_blocked, id=8224, stack(0x000000ff1ad00000,0x000000ff1ae00000) (1024K)]
  0x00000295ee12ef00 JavaThread "included builds Thread 2"          [_thread_blocked, id=1280, stack(0x000000ff1b100000,0x000000ff1b200000) (1024K)]
  0x00000295ee12d790 JavaThread "Cache worker for execution history cache (C:\Users\Windows 10\Desktop\burger_pos\flutter_application_1\android\.gradle\9.3.1\executionHistory)"        [_thread_blocked, id=9488, stack(0x000000ff1b200000,0x000000ff1b300000) (1024K)]
  0x00000295ee133d20 JavaThread "WorkerExecutor Queue Thread 2"        [_thread_blocked, id=12576, stack(0x000000ff1b600000,0x000000ff1b700000) (1024K)]
  0x00000295ee130670 JavaThread "Cache worker for Java compile cache (C:\Users\Windows 10\.gradle\caches\9.3.1\javaCompile)"        [_thread_blocked, id=11648, stack(0x000000ff1a400000,0x000000ff1a500000) (1024K)]
  0x00000295ee12a0e0 JavaThread "Build operations"                  [_thread_blocked, id=1128, stack(0x000000ff1b300000,0x000000ff1b400000) (1024K)]
  0x00000295ddd64cb0 JavaThread "RMI Scheduler(0)"           daemon [_thread_blocked, id=7480, stack(0x000000ff1be00000,0x000000ff1bf00000) (1024K)]
  0x00000295ddd60660 JavaThread "RMI GC Daemon"              daemon [_thread_blocked, id=1768, stack(0x000000ff1c000000,0x000000ff1c100000) (1024K)]
  0x00000295ddd644e0 JavaThread "RMI TCP Accept-0"           daemon [_thread_in_native, id=9148, stack(0x000000ff1c200000,0x000000ff1c300000) (1024K)]
  0x00000295ddd65480 JavaThread "RMI Reaper"                        [_thread_blocked, id=9520, stack(0x000000ff1c300000,0x000000ff1c400000) (1024K)]
  0x00000295ddd70060 JavaThread "Build operations Thread 2"         [_thread_blocked, id=3032, stack(0x000000ff1b400000,0x000000ff1b500000) (1024K)]
  0x00000295ddd6ba10 JavaThread "WorkerExecutor Queue Thread 7"        [_thread_blocked, id=8204, stack(0x000000ff1b500000,0x000000ff1b600000) (1024K)]
  0x00000295ee140070 JavaThread "ForkJoinPool-2-worker-1"    daemon [_thread_blocked, id=11316, stack(0x000000ff1b700000,0x000000ff1b800000) (1024K)]
  0x00000295ee13d190 JavaThread "ForkJoinPool-2-worker-2"    daemon [_thread_blocked, id=8804, stack(0x000000ff1bb00000,0x000000ff1bc00000) (1024K)]
  0x00000295eabfe750 JavaThread "DefaultDispatcher-worker-1" daemon [_thread_blocked, id=2492, stack(0x000000ff1bc00000,0x000000ff1bd00000) (1024K)]
  0x00000295eabfd7b0 JavaThread "DefaultDispatcher-worker-2" daemon [_thread_blocked, id=9504, stack(0x000000ff1bf00000,0x000000ff1c000000) (1024K)]
  0x00000295eabfef20 JavaThread "RMI TCP Connection(idle)"   daemon [_thread_blocked, id=10728, stack(0x000000ff1b800000,0x000000ff1b900000) (1024K)]
  0x00000295eab5e2e0 JavaThread "Periodic tasks thread"      daemon [_thread_blocked, id=8720, stack(0x000000ff1ba00000,0x000000ff1bb00000) (1024K)]
  0x00000295eab5ac30 JavaThread "ApplicationImpl pooled thread 1"        [_thread_blocked, id=11268, stack(0x000000ff1c100000,0x000000ff1c200000) (1024K)]
  0x00000295cadbd8b0 JavaThread "ApplicationImpl pooled thread 2"        [_thread_blocked, id=12040, stack(0x000000ff1c400000,0x000000ff1c500000) (1024K)]
  0x00000295d710fd60 JavaThread "ForkJoinPool.commonPool-worker-2" daemon [_thread_blocked, id=5312, stack(0x000000ff1b900000,0x000000ff1ba00000) (1024K)]
Total: 83

Other Threads:
=>0x00000295c026f450 VMThread "VM Thread"                           [id=3516, stack(0x000000ff17200000,0x000000ff17300000) (1024K)]
  0x00000295c024edc0 WatcherThread "VM Periodic Task Thread"        [id=12328, stack(0x000000ff17100000,0x000000ff17200000) (1024K)]
  0x0000029592c76ec0 WorkerThread "GC Thread#0"                     [id=3476, stack(0x000000ff16c00000,0x000000ff16d00000) (1024K)]
  0x00000295c7253010 WorkerThread "GC Thread#1"                     [id=12536, stack(0x000000ff17d00000,0x000000ff17e00000) (1024K)]
  0x00000295c0114090 ConcurrentGCThread "G1 Main Marker"            [id=10036, stack(0x000000ff16d00000,0x000000ff16e00000) (1024K)]
  0x0000029592c8bf80 WorkerThread "G1 Conc#0"                       [id=11940, stack(0x000000ff16e00000,0x000000ff16f00000) (1024K)]
  0x00000295c0124340 ConcurrentGCThread "G1 Refine#0"               [id=1372, stack(0x000000ff16f00000,0x000000ff17000000) (1024K)]
  0x00000295c0126d80 ConcurrentGCThread "G1 Service"                [id=7408, stack(0x000000ff17000000,0x000000ff17100000) (1024K)]
Total: 8

Threads with active compile tasks:
Total: 0

VM state: at safepoint (normal execution)

VM Mutex/Monitor currently owned by a thread:  ([mutex/lock_event])
[0x00007ffad2517928] Threads_lock - owner thread: 0x00000295c026f450
[0x00007ffad2517aa8] Heap_lock - owner thread: 0x00000295ee133d20

Heap address: 0x0000000600000000, size: 8192 MB, Compressed Oops mode: Zero based, Oop shift amount: 3

CDS archive(s) not mapped
Compressed class space mapped at: 0x00000000ad000000-0x00000000ed000000, reserved size: 1073741824
UseCompressedClassPointers 1, UseCompactObjectHeaders 0
Narrow klass pointer bits 32, Max shift 3
Narrow klass base: 0x0000000000000000, Narrow klass shift: 0
Encoding Range: [0x0000000000000000 - 0x0000000100000000), (4294967296 bytes)
Klass Range:    [0x00000000ad000000 - 0x00000000ed000000), (1073741824 bytes)
Klass ID Range:  [2902458368 - 3976200185) (1073741817)
No protection zone.

GC Precious Log:
 CardTable entry size: 512
 Card Set container configuration: InlinePtr #cards 4 size 8 Array Of Cards #cards 32 size 80 Howl #buckets 8 coarsen threshold 7372 Howl Bitmap #cards 1024 size 144 coarsen threshold 921 Card regions per heap region 1 cards per card region 8192
 CPUs: 2 total, 2 available
 Memory: 4085M
 Large Page Support: Disabled
 NUMA Support: Disabled
 Compressed Oops: Enabled (Zero based)
 Heap Region Size: 4M
 Heap Min Capacity: 8M
 Heap Initial Capacity: 64M
 Heap Max Capacity: 8G
 Pre-touch: Disabled
 Parallel Workers: 2
 Concurrent Workers: 1
 Concurrent Refinement Workers: 2
 Periodic GC: Disabled

Heap:
 garbage-first heap   total reserved 8388608K, committed 5312512K, used 628969K [0x0000000600000000, 0x0000000800000000)
  region size 4096K, 1 young (4096K), 1 survivors (4096K)

Heap Regions: E=young(eden), S=young(survivor), O=old, HS=humongous(starts), HC=humongous(continues), CS=collection set, F=free, TAMS=top-at-mark-start, PB=parsable bottom
|   0|0x0000000600000000, 0x0000000600400000, 0x0000000600400000|100%|HS|  |TAMS 0x0000000600000000| PB 0x0000000600000000| Complete |  0
|   1|0x0000000600400000, 0x0000000600800000, 0x0000000600800000|100%| O|  |TAMS 0x0000000600400000| PB 0x0000000600400000| Untracked |  0
|   2|0x0000000600800000, 0x0000000600c00000, 0x0000000600c00000|100%| O|  |TAMS 0x0000000600800000| PB 0x0000000600800000| Untracked |  0
|   3|0x0000000600c00000, 0x0000000601000000, 0x0000000601000000|100%| O|  |TAMS 0x0000000600c00000| PB 0x0000000600c00000| Untracked |  0
|   4|0x0000000601000000, 0x0000000601400000, 0x0000000601400000|100%| O|  |TAMS 0x0000000601000000| PB 0x0000000601000000| Untracked |  0
|   5|0x0000000601400000, 0x0000000601800000, 0x0000000601800000|100%| O|  |TAMS 0x0000000601400000| PB 0x0000000601400000| Untracked |  0
|   6|0x0000000601800000, 0x0000000601c00000, 0x0000000601c00000|100%| O|  |TAMS 0x0000000601800000| PB 0x0000000601800000| Untracked |  0
|   7|0x0000000601c00000, 0x0000000602000000, 0x0000000602000000|100%| O|  |TAMS 0x0000000601c00000| PB 0x0000000601c00000| Untracked |  0
|   8|0x0000000602000000, 0x0000000602400000, 0x0000000602400000|100%| O|  |TAMS 0x0000000602000000| PB 0x0000000602000000| Untracked |  0
|   9|0x0000000602400000, 0x0000000602800000, 0x0000000602800000|100%| O|  |TAMS 0x0000000602400000| PB 0x0000000602400000| Untracked |  0
|  10|0x0000000602800000, 0x0000000602c00000, 0x0000000602c00000|100%| O|  |TAMS 0x0000000602800000| PB 0x0000000602800000| Untracked |  0
|  11|0x0000000602c00000, 0x0000000603000000, 0x0000000603000000|100%| O|  |TAMS 0x0000000602c00000| PB 0x0000000602c00000| Untracked |  0
|  12|0x0000000603000000, 0x0000000603400000, 0x0000000603400000|100%| O|  |TAMS 0x0000000603000000| PB 0x0000000603000000| Untracked |  0
|  13|0x0000000603400000, 0x0000000603800000, 0x0000000603800000|100%| O|  |TAMS 0x0000000603400000| PB 0x0000000603400000| Untracked |  0
|  14|0x0000000603800000, 0x0000000603c00000, 0x0000000603c00000|100%| O|  |TAMS 0x0000000603800000| PB 0x0000000603800000| Untracked |  0
|  15|0x0000000603c00000, 0x0000000604000000, 0x0000000604000000|100%| O|  |TAMS 0x0000000603c00000| PB 0x0000000603c00000| Untracked |  0
|  16|0x0000000604000000, 0x0000000604400000, 0x0000000604400000|100%| O|  |TAMS 0x0000000604000000| PB 0x0000000604000000| Untracked |  0
|  17|0x0000000604400000, 0x0000000604800000, 0x0000000604800000|100%| O|  |TAMS 0x0000000604400000| PB 0x0000000604400000| Untracked |  0
|  18|0x0000000604800000, 0x0000000604c00000, 0x0000000604c00000|100%| O|  |TAMS 0x0000000604800000| PB 0x0000000604800000| Untracked |  0
|  19|0x0000000604c00000, 0x0000000605000000, 0x0000000605000000|100%| O|  |TAMS 0x0000000604c00000| PB 0x0000000604c00000| Untracked |  0
|  20|0x0000000605000000, 0x0000000605400000, 0x0000000605400000|100%| O|  |TAMS 0x0000000605000000| PB 0x0000000605000000| Untracked |  0
|  21|0x0000000605400000, 0x0000000605800000, 0x0000000605800000|100%| O|  |TAMS 0x0000000605400000| PB 0x0000000605400000| Untracked |  0
|  22|0x0000000605800000, 0x0000000605c00000, 0x0000000605c00000|100%| O|  |TAMS 0x0000000605800000| PB 0x0000000605800000| Untracked |  0
|  23|0x0000000605c00000, 0x0000000606000000, 0x0000000606000000|100%| O|  |TAMS 0x0000000605c00000| PB 0x0000000605c00000| Untracked |  0
|  24|0x0000000606000000, 0x0000000606400000, 0x0000000606400000|100%| O|  |TAMS 0x0000000606000000| PB 0x0000000606000000| Untracked |  0
|  25|0x0000000606400000, 0x0000000606800000, 0x0000000606800000|100%| O|  |TAMS 0x0000000606400000| PB 0x0000000606400000| Untracked |  0
|  26|0x0000000606800000, 0x0000000606c00000, 0x0000000606c00000|100%| O|  |TAMS 0x0000000606800000| PB 0x0000000606800000| Untracked |  0
|  27|0x0000000606c00000, 0x0000000607000000, 0x0000000607000000|100%| O|  |TAMS 0x0000000606c00000| PB 0x0000000606c00000| Untracked |  0
|  28|0x0000000607000000, 0x0000000607400000, 0x0000000607400000|100%| O|  |TAMS 0x0000000607000000| PB 0x0000000607000000| Untracked |  0
|  29|0x0000000607400000, 0x0000000607800000, 0x0000000607800000|100%| O|  |TAMS 0x0000000607400000| PB 0x0000000607400000| Untracked |  0
|  30|0x0000000607800000, 0x0000000607c00000, 0x0000000607c00000|100%| O|  |TAMS 0x0000000607800000| PB 0x0000000607800000| Untracked |  0
|  31|0x0000000607c00000, 0x0000000608000000, 0x0000000608000000|100%| O|  |TAMS 0x0000000607c00000| PB 0x0000000607c00000| Untracked |  0
|  32|0x0000000608000000, 0x0000000608400000, 0x0000000608400000|100%| O|  |TAMS 0x0000000608000000| PB 0x0000000608000000| Untracked |  0
|  33|0x0000000608400000, 0x0000000608800000, 0x0000000608800000|100%| O|  |TAMS 0x0000000608400000| PB 0x0000000608400000| Untracked |  0
|  34|0x0000000608800000, 0x0000000608c00000, 0x0000000608c00000|100%| O|  |TAMS 0x0000000608800000| PB 0x0000000608800000| Untracked |  0
|  35|0x0000000608c00000, 0x0000000609000000, 0x0000000609000000|100%| O|  |TAMS 0x0000000608c00000| PB 0x0000000608c00000| Untracked |  0
|  36|0x0000000609000000, 0x0000000609400000, 0x0000000609400000|100%| O|  |TAMS 0x0000000609000000| PB 0x0000000609000000| Untracked |  0
|  37|0x0000000609400000, 0x0000000609800000, 0x0000000609800000|100%| O|  |TAMS 0x0000000609400000| PB 0x0000000609400000| Untracked |  0
|  38|0x0000000609800000, 0x0000000609c00000, 0x0000000609c00000|100%| O|  |TAMS 0x0000000609800000| PB 0x0000000609800000| Untracked |  0
|  39|0x0000000609c00000, 0x000000060a000000, 0x000000060a000000|100%| O|  |TAMS 0x0000000609c00000| PB 0x0000000609c00000| Untracked |  0
|  40|0x000000060a000000, 0x000000060a400000, 0x000000060a400000|100%| O|  |TAMS 0x000000060a000000| PB 0x000000060a000000| Untracked |  0
|  41|0x000000060a400000, 0x000000060a800000, 0x000000060a800000|100%| O|  |TAMS 0x000000060a400000| PB 0x000000060a400000| Untracked |  0
|  42|0x000000060a800000, 0x000000060ac00000, 0x000000060ac00000|100%| O|  |TAMS 0x000000060a800000| PB 0x000000060a800000| Untracked |  0
|  43|0x000000060ac00000, 0x000000060b000000, 0x000000060b000000|100%| O|  |TAMS 0x000000060ac00000| PB 0x000000060ac00000| Untracked |  0
|  44|0x000000060b000000, 0x000000060b400000, 0x000000060b400000|100%| O|  |TAMS 0x000000060b000000| PB 0x000000060b000000| Untracked |  0
|  45|0x000000060b400000, 0x000000060b800000, 0x000000060b800000|100%| O|  |TAMS 0x000000060b400000| PB 0x000000060b400000| Untracked |  0
|  46|0x000000060b800000, 0x000000060bc00000, 0x000000060bc00000|100%| O|  |TAMS 0x000000060b800000| PB 0x000000060b800000| Untracked |  0
|  47|0x000000060bc00000, 0x000000060c000000, 0x000000060c000000|100%| O|  |TAMS 0x000000060bc00000| PB 0x000000060bc00000| Untracked |  0
|  48|0x000000060c000000, 0x000000060c400000, 0x000000060c400000|100%| O|  |TAMS 0x000000060c000000| PB 0x000000060c000000| Untracked |  0
|  49|0x000000060c400000, 0x000000060c800000, 0x000000060c800000|100%| O|  |TAMS 0x000000060c400000| PB 0x000000060c400000| Untracked |  0
|  50|0x000000060c800000, 0x000000060cc00000, 0x000000060cc00000|100%| O|  |TAMS 0x000000060c800000| PB 0x000000060c800000| Untracked |  0
|  51|0x000000060cc00000, 0x000000060d000000, 0x000000060d000000|100%| O|  |TAMS 0x000000060cc00000| PB 0x000000060cc00000| Untracked |  0
|  52|0x000000060d000000, 0x000000060d400000, 0x000000060d400000|100%| O|  |TAMS 0x000000060d000000| PB 0x000000060d000000| Untracked |  0
|  53|0x000000060d400000, 0x000000060d800000, 0x000000060d800000|100%| O|  |TAMS 0x000000060d400000| PB 0x000000060d400000| Untracked |  0
|  54|0x000000060d800000, 0x000000060dc00000, 0x000000060dc00000|100%| O|  |TAMS 0x000000060d800000| PB 0x000000060d800000| Untracked |  0
|  55|0x000000060dc00000, 0x000000060e000000, 0x000000060e000000|100%| O|  |TAMS 0x000000060dc00000| PB 0x000000060dc00000| Untracked |  0
|  56|0x000000060e000000, 0x000000060e400000, 0x000000060e400000|100%| O|  |TAMS 0x000000060e000000| PB 0x000000060e000000| Untracked |  0
|  57|0x000000060e400000, 0x000000060e800000, 0x000000060e800000|100%| O|  |TAMS 0x000000060e400000| PB 0x000000060e400000| Untracked |  0
|  58|0x000000060e800000, 0x000000060ec00000, 0x000000060ec00000|100%| O|  |TAMS 0x000000060e800000| PB 0x000000060e800000| Untracked |  0
|  59|0x000000060ec00000, 0x000000060f000000, 0x000000060f000000|100%| O|  |TAMS 0x000000060ec00000| PB 0x000000060ec00000| Untracked |  0
|  60|0x000000060f000000, 0x000000060f400000, 0x000000060f400000|100%| O|  |TAMS 0x000000060f000000| PB 0x000000060f000000| Untracked |  0
|  61|0x000000060f400000, 0x000000060f800000, 0x000000060f800000|100%| O|  |TAMS 0x000000060f400000| PB 0x000000060f400000| Untracked |  0
|  62|0x000000060f800000, 0x000000060fc00000, 0x000000060fc00000|100%| O|  |TAMS 0x000000060f800000| PB 0x000000060f800000| Untracked |  0
|  63|0x000000060fc00000, 0x0000000610000000, 0x0000000610000000|100%| O|  |TAMS 0x000000060fc00000| PB 0x000000060fc00000| Untracked |  0
|  64|0x0000000610000000, 0x0000000610400000, 0x0000000610400000|100%| O|  |TAMS 0x0000000610000000| PB 0x0000000610000000| Untracked |  0
|  65|0x0000000610400000, 0x0000000610800000, 0x0000000610800000|100%| O|  |TAMS 0x0000000610400000| PB 0x0000000610400000| Untracked |  0
|  66|0x0000000610800000, 0x00000006108cf508, 0x0000000610c00000| 20%| O|  |TAMS 0x0000000610800000| PB 0x0000000610800000| Untracked |  0
|  67|0x0000000610c00000, 0x0000000611000000, 0x0000000611000000|100%| O|  |TAMS 0x0000000610c00000| PB 0x0000000610c00000| Untracked |  0
|  68|0x0000000611000000, 0x0000000611400000, 0x0000000611400000|100%| O|  |TAMS 0x0000000611000000| PB 0x0000000611000000| Untracked |  0
|  69|0x0000000611400000, 0x0000000611800000, 0x0000000611800000|100%| O|  |TAMS 0x0000000611400000| PB 0x0000000611400000| Untracked |  0
|  70|0x0000000611800000, 0x0000000611c00000, 0x0000000611c00000|100%|HS|  |TAMS 0x0000000611800000| PB 0x0000000611800000| Complete |  0
|  71|0x0000000611c00000, 0x0000000612000000, 0x0000000612000000|100%| O|  |TAMS 0x0000000611c00000| PB 0x0000000611c00000| Untracked |  0
|  72|0x0000000612000000, 0x0000000612400000, 0x0000000612400000|100%| O|  |TAMS 0x0000000612000000| PB 0x0000000612000000| Untracked |  0
|  73|0x0000000612400000, 0x0000000612800000, 0x0000000612800000|100%| O|  |TAMS 0x0000000612400000| PB 0x0000000612400000| Untracked |  0
|  74|0x0000000612800000, 0x0000000612c00000, 0x0000000612c00000|100%| O|  |TAMS 0x0000000612800000| PB 0x0000000612800000| Untracked |  0
|  75|0x0000000612c00000, 0x0000000613000000, 0x0000000613000000|100%| O|  |TAMS 0x0000000612c00000| PB 0x0000000612c00000| Untracked |  0
|  76|0x0000000613000000, 0x0000000613400000, 0x0000000613400000|100%| O|  |TAMS 0x0000000613000000| PB 0x0000000613000000| Untracked |  0
|  77|0x0000000613400000, 0x0000000613800000, 0x0000000613800000|100%| O|  |TAMS 0x0000000613400000| PB 0x0000000613400000| Untracked |  0
|  78|0x0000000613800000, 0x0000000613c00000, 0x0000000613c00000|100%| O|  |TAMS 0x0000000613800000| PB 0x0000000613800000| Untracked |  0
|  79|0x0000000613c00000, 0x0000000614000000, 0x0000000614000000|100%| O|  |TAMS 0x0000000613c00000| PB 0x0000000613c00000| Untracked |  0
|  80|0x0000000614000000, 0x0000000614400000, 0x0000000614400000|100%| O|  |TAMS 0x0000000614000000| PB 0x0000000614000000| Untracked |  0
|  81|0x0000000614400000, 0x0000000614800000, 0x0000000614800000|100%| O|  |TAMS 0x0000000614400000| PB 0x0000000614400000| Untracked |  0
|  82|0x0000000614800000, 0x0000000614c00000, 0x0000000614c00000|100%| O|  |TAMS 0x0000000614800000| PB 0x0000000614800000| Untracked |  0
|  83|0x0000000614c00000, 0x0000000615000000, 0x0000000615000000|100%| O|  |TAMS 0x0000000614c00000| PB 0x0000000614c00000| Untracked |  0
|  84|0x0000000615000000, 0x0000000615400000, 0x0000000615400000|100%| O|  |TAMS 0x0000000615000000| PB 0x0000000615000000| Untracked |  0
|  85|0x0000000615400000, 0x0000000615800000, 0x0000000615800000|100%| O|  |TAMS 0x0000000615400000| PB 0x0000000615400000| Untracked |  0
|  86|0x0000000615800000, 0x0000000615c00000, 0x0000000615c00000|100%| O|  |TAMS 0x0000000615800000| PB 0x0000000615800000| Untracked |  0
|  87|0x0000000615c00000, 0x0000000616000000, 0x0000000616000000|100%| O|  |TAMS 0x0000000615c00000| PB 0x0000000615c00000| Untracked |  0
|  88|0x0000000616000000, 0x0000000616400000, 0x0000000616400000|100%| O|  |TAMS 0x0000000616000000| PB 0x0000000616000000| Untracked |  0
|  89|0x0000000616400000, 0x0000000616800000, 0x0000000616800000|100%| O|  |TAMS 0x0000000616400000| PB 0x0000000616400000| Untracked |  0
|  90|0x0000000616800000, 0x0000000616c00000, 0x0000000616c00000|100%| O|  |TAMS 0x0000000616800000| PB 0x0000000616800000| Untracked |  0
|  91|0x0000000616c00000, 0x0000000617000000, 0x0000000617000000|100%| O|  |TAMS 0x0000000616c00000| PB 0x0000000616c00000| Untracked |  0
|  92|0x0000000617000000, 0x0000000617400000, 0x0000000617400000|100%| O|  |TAMS 0x0000000617000000| PB 0x0000000617000000| Untracked |  0
|  93|0x0000000617400000, 0x0000000617800000, 0x0000000617800000|100%| O|  |TAMS 0x0000000617400000| PB 0x0000000617400000| Untracked |  0
|  94|0x0000000617800000, 0x0000000617c00000, 0x0000000617c00000|100%| O|  |TAMS 0x0000000617800000| PB 0x0000000617800000| Untracked |  0
|  95|0x0000000617c00000, 0x0000000618000000, 0x0000000618000000|100%| O|  |TAMS 0x0000000617c00000| PB 0x0000000617c00000| Untracked |  0
|  96|0x0000000618000000, 0x0000000618400000, 0x0000000618400000|100%| O|  |TAMS 0x0000000618000000| PB 0x0000000618000000| Untracked |  0
|  97|0x0000000618400000, 0x0000000618800000, 0x0000000618800000|100%| O|  |TAMS 0x0000000618400000| PB 0x0000000618400000| Untracked |  0
|  98|0x0000000618800000, 0x0000000618c00000, 0x0000000618c00000|100%| O|  |TAMS 0x0000000618800000| PB 0x0000000618800000| Untracked |  0
|  99|0x0000000618c00000, 0x0000000619000000, 0x0000000619000000|100%| O|  |TAMS 0x0000000618c00000| PB 0x0000000618c00000| Untracked |  0
| 100|0x0000000619000000, 0x0000000619400000, 0x0000000619400000|100%| O|  |TAMS 0x0000000619000000| PB 0x0000000619000000| Untracked |  0
| 101|0x0000000619400000, 0x0000000619800000, 0x0000000619800000|100%| O|  |TAMS 0x0000000619400000| PB 0x0000000619400000| Untracked |  0
| 102|0x0000000619800000, 0x0000000619c00000, 0x0000000619c00000|100%|HS|  |TAMS 0x0000000619800000| PB 0x0000000619800000| Complete |  0
| 103|0x0000000619c00000, 0x000000061a000000, 0x000000061a000000|100%| O|  |TAMS 0x0000000619c00000| PB 0x0000000619c00000| Untracked |  0
| 104|0x000000061a000000, 0x000000061a400000, 0x000000061a400000|100%| O|  |TAMS 0x000000061a000000| PB 0x000000061a000000| Untracked |  0
| 105|0x000000061a400000, 0x000000061a800000, 0x000000061a800000|100%| O|  |TAMS 0x000000061a400000| PB 0x000000061a400000| Untracked |  0
| 106|0x000000061a800000, 0x000000061ac00000, 0x000000061ac00000|100%| O|  |TAMS 0x000000061a800000| PB 0x000000061a800000| Untracked |  0
| 107|0x000000061ac00000, 0x000000061b000000, 0x000000061b000000|100%| O|  |TAMS 0x000000061ac00000| PB 0x000000061ac00000| Untracked |  0
| 108|0x000000061b000000, 0x000000061b400000, 0x000000061b400000|100%| O|  |TAMS 0x000000061b000000| PB 0x000000061b000000| Untracked |  0
| 109|0x000000061b400000, 0x000000061b800000, 0x000000061b800000|100%| O|  |TAMS 0x000000061b400000| PB 0x000000061b400000| Untracked |  0
| 110|0x000000061b800000, 0x000000061bc00000, 0x000000061bc00000|100%| O|  |TAMS 0x000000061b800000| PB 0x000000061b800000| Untracked |  0
| 111|0x000000061bc00000, 0x000000061c000000, 0x000000061c000000|100%| O|  |TAMS 0x000000061bc00000| PB 0x000000061bc00000| Untracked |  0
| 112|0x000000061c000000, 0x000000061c400000, 0x000000061c400000|100%| O|  |TAMS 0x000000061c000000| PB 0x000000061c000000| Untracked |  0
| 113|0x000000061c400000, 0x000000061c800000, 0x000000061c800000|100%| O|  |TAMS 0x000000061c400000| PB 0x000000061c400000| Untracked |  0
| 114|0x000000061c800000, 0x000000061cc00000, 0x000000061cc00000|100%| O|  |TAMS 0x000000061c800000| PB 0x000000061c800000| Untracked |  0
| 115|0x000000061cc00000, 0x000000061d000000, 0x000000061d000000|100%| O|  |TAMS 0x000000061cc00000| PB 0x000000061cc00000| Untracked |  0
| 116|0x000000061d000000, 0x000000061d400000, 0x000000061d400000|100%| O|  |TAMS 0x000000061d000000| PB 0x000000061d000000| Untracked |  0
| 117|0x000000061d400000, 0x000000061d800000, 0x000000061d800000|100%| O|  |TAMS 0x000000061d400000| PB 0x000000061d400000| Untracked |  0
| 118|0x000000061d800000, 0x000000061dc00000, 0x000000061dc00000|100%| O|  |TAMS 0x000000061d800000| PB 0x000000061d800000| Untracked |  0
| 119|0x000000061dc00000, 0x000000061e000000, 0x000000061e000000|100%| O|  |TAMS 0x000000061dc00000| PB 0x000000061dc00000| Untracked |  0
| 120|0x000000061e000000, 0x000000061e400000, 0x000000061e400000|100%| O|  |TAMS 0x000000061e000000| PB 0x000000061e000000| Untracked |  0
| 121|0x000000061e400000, 0x000000061e800000, 0x000000061e800000|100%| O|  |TAMS 0x000000061e400000| PB 0x000000061e400000| Untracked |  0
| 122|0x000000061e800000, 0x000000061ec00000, 0x000000061ec00000|100%| O|  |TAMS 0x000000061e800000| PB 0x000000061e800000| Untracked |  0
| 123|0x000000061ec00000, 0x000000061f000000, 0x000000061f000000|100%| O|  |TAMS 0x000000061ec00000| PB 0x000000061ec00000| Untracked |  0
| 124|0x000000061f000000, 0x000000061f400000, 0x000000061f400000|100%| O|  |TAMS 0x000000061f000000| PB 0x000000061f000000| Untracked |  0
| 125|0x000000061f400000, 0x000000061f800000, 0x000000061f800000|100%| O|  |TAMS 0x000000061f400000| PB 0x000000061f400000| Untracked |  0
| 126|0x000000061f800000, 0x000000061fc00000, 0x000000061fc00000|100%| O|  |TAMS 0x000000061f800000| PB 0x000000061f800000| Untracked |  0
| 127|0x000000061fc00000, 0x0000000620000000, 0x0000000620000000|100%| O|  |TAMS 0x000000061fc00000| PB 0x000000061fc00000| Untracked |  0
| 128|0x0000000620000000, 0x0000000620400000, 0x0000000620400000|100%| O|  |TAMS 0x0000000620000000| PB 0x0000000620000000| Untracked |  0
| 129|0x0000000620400000, 0x0000000620800000, 0x0000000620800000|100%| O|  |TAMS 0x0000000620400000| PB 0x0000000620400000| Untracked |  0
| 130|0x0000000620800000, 0x0000000620c00000, 0x0000000620c00000|100%| O|  |TAMS 0x0000000620800000| PB 0x0000000620800000| Untracked |  0
| 131|0x0000000620c00000, 0x0000000621000000, 0x0000000621000000|100%| O|  |TAMS 0x0000000620c00000| PB 0x0000000620c00000| Untracked |  0
| 132|0x0000000621000000, 0x0000000621400000, 0x0000000621400000|100%| O|  |TAMS 0x0000000621000000| PB 0x0000000621000000| Untracked |  0
| 133|0x0000000621400000, 0x0000000621800000, 0x0000000621800000|100%| O|  |TAMS 0x0000000621400000| PB 0x0000000621400000| Untracked |  0
| 134|0x0000000621800000, 0x0000000621c00000, 0x0000000621c00000|100%| O|  |TAMS 0x0000000621800000| PB 0x0000000621800000| Untracked |  0
| 135|0x0000000621c00000, 0x0000000622000000, 0x0000000622000000|100%| O|  |TAMS 0x0000000621c00000| PB 0x0000000621c00000| Untracked |  0
| 136|0x0000000622000000, 0x0000000622400000, 0x0000000622400000|100%| O|  |TAMS 0x0000000622000000| PB 0x0000000622000000| Untracked |  0
| 137|0x0000000622400000, 0x0000000622800000, 0x0000000622800000|100%| O|  |TAMS 0x0000000622400000| PB 0x0000000622400000| Untracked |  0
| 138|0x0000000622800000, 0x0000000622c00000, 0x0000000622c00000|100%| O|  |TAMS 0x0000000622800000| PB 0x0000000622800000| Untracked |  0
| 139|0x0000000622c00000, 0x0000000623000000, 0x0000000623000000|100%| O|  |TAMS 0x0000000622c00000| PB 0x0000000622c00000| Untracked |  0
| 140|0x0000000623000000, 0x0000000623400000, 0x0000000623400000|100%| O|  |TAMS 0x0000000623000000| PB 0x0000000623000000| Untracked |  0
| 141|0x0000000623400000, 0x0000000623800000, 0x0000000623800000|100%| O|  |TAMS 0x0000000623400000| PB 0x0000000623400000| Untracked |  0
| 142|0x0000000623800000, 0x0000000623c00000, 0x0000000623c00000|100%| O|  |TAMS 0x0000000623800000| PB 0x0000000623800000| Untracked |  0
| 143|0x0000000623c00000, 0x0000000624000000, 0x0000000624000000|100%| O|  |TAMS 0x0000000623c00000| PB 0x0000000623c00000| Untracked |  0
| 144|0x0000000624000000, 0x0000000624400000, 0x0000000624400000|100%| O|  |TAMS 0x0000000624000000| PB 0x0000000624000000| Untracked |  0
| 145|0x0000000624400000, 0x0000000624800000, 0x0000000624800000|100%| O|  |TAMS 0x0000000624400000| PB 0x0000000624400000| Untracked |  0
| 146|0x0000000624800000, 0x0000000624bccc18, 0x0000000624c00000| 94%| O|  |TAMS 0x0000000624800000| PB 0x0000000624800000| Untracked |  0
| 147|0x0000000624c00000, 0x0000000625000000, 0x0000000625000000|100%|HS|  |TAMS 0x0000000624c00000| PB 0x0000000624c00000| Complete |  0
| 148|0x0000000625000000, 0x0000000625400000, 0x0000000625400000|100%|HC|  |TAMS 0x0000000625000000| PB 0x0000000625000000| Complete |  0
| 149|0x0000000625400000, 0x0000000625800000, 0x0000000625800000|100%| O|  |TAMS 0x0000000625400000| PB 0x0000000625400000| Untracked |  0
| 150|0x0000000625800000, 0x0000000625c00000, 0x0000000625c00000|100%| O|  |TAMS 0x0000000625800000| PB 0x0000000625800000| Untracked |  0
| 151|0x0000000625c00000, 0x0000000626000000, 0x0000000626000000|100%| O|  |TAMS 0x0000000625c00000| PB 0x0000000625c00000| Untracked |  0
| 152|0x0000000626000000, 0x0000000626000000, 0x0000000626400000|  0%| F|  |TAMS 0x0000000626000000| PB 0x0000000626000000| Untracked |  0
| 153|0x0000000626400000, 0x0000000626400000, 0x0000000626800000|  0%| F|  |TAMS 0x0000000626400000| PB 0x0000000626400000| Untracked |  0
| 154|0x0000000626800000, 0x0000000626800000, 0x0000000626c00000|  0%| F|  |TAMS 0x0000000626800000| PB 0x0000000626800000| Untracked |  0
| 155|0x0000000626c00000, 0x0000000626c00000, 0x0000000627000000|  0%| F|  |TAMS 0x0000000626c00000| PB 0x0000000626c00000| Untracked |  0
| 156|0x0000000627000000, 0x0000000627000000, 0x0000000627400000|  0%| F|  |TAMS 0x0000000627000000| PB 0x0000000627000000| Untracked |  0
| 157|0x0000000627400000, 0x0000000627400000, 0x0000000627800000|  0%| F|  |TAMS 0x0000000627400000| PB 0x0000000627400000| Untracked |  0
| 158|0x0000000627800000, 0x0000000627800000, 0x0000000627c00000|  0%| F|  |TAMS 0x0000000627800000| PB 0x0000000627800000| Untracked |  0
| 159|0x0000000627c00000, 0x0000000627c00000, 0x0000000628000000|  0%| F|  |TAMS 0x0000000627c00000| PB 0x0000000627c00000| Untracked |  0
| 160|0x0000000628000000, 0x0000000628000000, 0x0000000628400000|  0%| F|  |TAMS 0x0000000628000000| PB 0x0000000628000000| Untracked |  0
| 161|0x0000000628400000, 0x0000000628400000, 0x0000000628800000|  0%| F|  |TAMS 0x0000000628400000| PB 0x0000000628400000| Untracked |  0
| 162|0x0000000628800000, 0x0000000628800000, 0x0000000628c00000|  0%| F|  |TAMS 0x0000000628800000| PB 0x0000000628800000| Untracked |  0
| 163|0x0000000628c00000, 0x0000000628c00000, 0x0000000629000000|  0%| F|  |TAMS 0x0000000628c00000| PB 0x0000000628c00000| Untracked |  0
| 164|0x0000000629000000, 0x0000000629000000, 0x0000000629400000|  0%| F|  |TAMS 0x0000000629000000| PB 0x0000000629000000| Untracked |  0
| 165|0x0000000629400000, 0x0000000629400000, 0x0000000629800000|  0%| F|  |TAMS 0x0000000629400000| PB 0x0000000629400000| Untracked |  0
| 166|0x0000000629800000, 0x0000000629800000, 0x0000000629c00000|  0%| F|  |TAMS 0x0000000629800000| PB 0x0000000629800000| Untracked |  0
| 167|0x0000000629c00000, 0x0000000629c00000, 0x000000062a000000|  0%| F|  |TAMS 0x0000000629c00000| PB 0x0000000629c00000| Untracked |  0
| 168|0x000000062a000000, 0x000000062a000000, 0x000000062a400000|  0%| F|  |TAMS 0x000000062a000000| PB 0x000000062a000000| Untracked |  0
| 169|0x000000062a400000, 0x000000062a400000, 0x000000062a800000|  0%| F|  |TAMS 0x000000062a400000| PB 0x000000062a400000| Untracked |  0
| 170|0x000000062a800000, 0x000000062a800000, 0x000000062ac00000|  0%| F|  |TAMS 0x000000062a800000| PB 0x000000062a800000| Untracked |  0
| 171|0x000000062ac00000, 0x000000062ac00000, 0x000000062b000000|  0%| F|  |TAMS 0x000000062ac00000| PB 0x000000062ac00000| Untracked |  0
| 172|0x000000062b000000, 0x000000062b000000, 0x000000062b400000|  0%| F|  |TAMS 0x000000062b000000| PB 0x000000062b000000| Untracked |  0
| 173|0x000000062b400000, 0x000000062b400000, 0x000000062b800000|  0%| F|  |TAMS 0x000000062b400000| PB 0x000000062b400000| Untracked |  0
| 174|0x000000062b800000, 0x000000062b800000, 0x000000062bc00000|  0%| F|  |TAMS 0x000000062b800000| PB 0x000000062b800000| Untracked |  0
| 175|0x000000062bc00000, 0x000000062bc00000, 0x000000062c000000|  0%| F|  |TAMS 0x000000062bc00000| PB 0x000000062bc00000| Untracked |  0
| 176|0x000000062c000000, 0x000000062c000000, 0x000000062c400000|  0%| F|  |TAMS 0x000000062c000000| PB 0x000000062c000000| Untracked |  0
| 177|0x000000062c400000, 0x000000062c400000, 0x000000062c800000|  0%| F|  |TAMS 0x000000062c400000| PB 0x000000062c400000| Untracked |  0
| 178|0x000000062c800000, 0x000000062c800000, 0x000000062cc00000|  0%| F|  |TAMS 0x000000062c800000| PB 0x000000062c800000| Untracked |  0
| 179|0x000000062cc00000, 0x000000062cc00000, 0x000000062d000000|  0%| F|  |TAMS 0x000000062cc00000| PB 0x000000062cc00000| Untracked |  0
| 180|0x000000062d000000, 0x000000062d000000, 0x000000062d400000|  0%| F|  |TAMS 0x000000062d000000| PB 0x000000062d000000| Untracked |  0
| 181|0x000000062d400000, 0x000000062d400000, 0x000000062d800000|  0%| F|  |TAMS 0x000000062d400000| PB 0x000000062d400000| Untracked |  0
| 182|0x000000062d800000, 0x000000062d800000, 0x000000062dc00000|  0%| F|  |TAMS 0x000000062d800000| PB 0x000000062d800000| Untracked |  0
| 183|0x000000062dc00000, 0x000000062dc00000, 0x000000062e000000|  0%| F|  |TAMS 0x000000062dc00000| PB 0x000000062dc00000| Untracked |  0
| 184|0x000000062e000000, 0x000000062e000000, 0x000000062e400000|  0%| F|  |TAMS 0x000000062e000000| PB 0x000000062e000000| Untracked |  0
| 185|0x000000062e400000, 0x000000062e400000, 0x000000062e800000|  0%| F|  |TAMS 0x000000062e400000| PB 0x000000062e400000| Untracked |  0
| 186|0x000000062e800000, 0x000000062e800000, 0x000000062ec00000|  0%| F|  |TAMS 0x000000062e800000| PB 0x000000062e800000| Untracked |  0
| 187|0x000000062ec00000, 0x000000062ec00000, 0x000000062f000000|  0%| F|  |TAMS 0x000000062ec00000| PB 0x000000062ec00000| Untracked |  0
| 188|0x000000062f000000, 0x000000062f000000, 0x000000062f400000|  0%| F|  |TAMS 0x000000062f000000| PB 0x000000062f000000| Untracked |  0
| 189|0x000000062f400000, 0x000000062f400000, 0x000000062f800000|  0%| F|  |TAMS 0x000000062f400000| PB 0x000000062f400000| Untracked |  0
| 190|0x000000062f800000, 0x000000062f800000, 0x000000062fc00000|  0%| F|  |TAMS 0x000000062f800000| PB 0x000000062f800000| Untracked |  0
| 191|0x000000062fc00000, 0x000000062fc00000, 0x0000000630000000|  0%| F|  |TAMS 0x000000062fc00000| PB 0x000000062fc00000| Untracked |  0
| 192|0x0000000630000000, 0x0000000630000000, 0x0000000630400000|  0%| F|  |TAMS 0x0000000630000000| PB 0x0000000630000000| Untracked |  0
| 193|0x0000000630400000, 0x0000000630400000, 0x0000000630800000|  0%| F|  |TAMS 0x0000000630400000| PB 0x0000000630400000| Untracked |  0
| 194|0x0000000630800000, 0x0000000630800000, 0x0000000630c00000|  0%| F|  |TAMS 0x0000000630800000| PB 0x0000000630800000| Untracked |  0
| 195|0x0000000630c00000, 0x0000000630c00000, 0x0000000631000000|  0%| F|  |TAMS 0x0000000630c00000| PB 0x0000000630c00000| Untracked |  0
| 196|0x0000000631000000, 0x0000000631000000, 0x0000000631400000|  0%| F|  |TAMS 0x0000000631000000| PB 0x0000000631000000| Untracked |  0
| 197|0x0000000631400000, 0x0000000631400000, 0x0000000631800000|  0%| F|  |TAMS 0x0000000631400000| PB 0x0000000631400000| Untracked |  0
| 198|0x0000000631800000, 0x0000000631800000, 0x0000000631c00000|  0%| F|  |TAMS 0x0000000631800000| PB 0x0000000631800000| Untracked |  0
| 199|0x0000000631c00000, 0x0000000631c00000, 0x0000000632000000|  0%| F|  |TAMS 0x0000000631c00000| PB 0x0000000631c00000| Untracked |  0
| 200|0x0000000632000000, 0x0000000632000000, 0x0000000632400000|  0%| F|  |TAMS 0x0000000632000000| PB 0x0000000632000000| Untracked |  0
| 201|0x0000000632400000, 0x0000000632400000, 0x0000000632800000|  0%| F|  |TAMS 0x0000000632400000| PB 0x0000000632400000| Untracked |  0
| 202|0x0000000632800000, 0x0000000632800000, 0x0000000632c00000|  0%| F|  |TAMS 0x0000000632800000| PB 0x0000000632800000| Untracked |  0
| 203|0x0000000632c00000, 0x0000000632c00000, 0x0000000633000000|  0%| F|  |TAMS 0x0000000632c00000| PB 0x0000000632c00000| Untracked |  0
| 204|0x0000000633000000, 0x0000000633000000, 0x0000000633400000|  0%| F|  |TAMS 0x0000000633000000| PB 0x0000000633000000| Untracked |  0
| 205|0x0000000633400000, 0x0000000633400000, 0x0000000633800000|  0%| F|  |TAMS 0x0000000633400000| PB 0x0000000633400000| Untracked |  0
| 206|0x0000000633800000, 0x0000000633800000, 0x0000000633c00000|  0%| F|  |TAMS 0x0000000633800000| PB 0x0000000633800000| Untracked |  0
| 207|0x0000000633c00000, 0x0000000633c00000, 0x0000000634000000|  0%| F|  |TAMS 0x0000000633c00000| PB 0x0000000633c00000| Untracked |  0
| 208|0x0000000634000000, 0x0000000634000000, 0x0000000634400000|  0%| F|  |TAMS 0x0000000634000000| PB 0x0000000634000000| Untracked |  0
| 209|0x0000000634400000, 0x0000000634400000, 0x0000000634800000|  0%| F|  |TAMS 0x0000000634400000| PB 0x0000000634400000| Untracked |  0
| 210|0x0000000634800000, 0x0000000634800000, 0x0000000634c00000|  0%| F|  |TAMS 0x0000000634800000| PB 0x0000000634800000| Untracked |  0
| 211|0x0000000634c00000, 0x0000000634c00000, 0x0000000635000000|  0%| F|  |TAMS 0x0000000634c00000| PB 0x0000000634c00000| Untracked |  0
| 212|0x0000000635000000, 0x0000000635000000, 0x0000000635400000|  0%| F|  |TAMS 0x0000000635000000| PB 0x0000000635000000| Untracked |  0
| 213|0x0000000635400000, 0x0000000635400000, 0x0000000635800000|  0%| F|  |TAMS 0x0000000635400000| PB 0x0000000635400000| Untracked |  0
| 214|0x0000000635800000, 0x0000000635800000, 0x0000000635c00000|  0%| F|  |TAMS 0x0000000635800000| PB 0x0000000635800000| Untracked |  0
| 215|0x0000000635c00000, 0x0000000635c00000, 0x0000000636000000|  0%| F|  |TAMS 0x0000000635c00000| PB 0x0000000635c00000| Untracked |  0
| 216|0x0000000636000000, 0x0000000636000000, 0x0000000636400000|  0%| F|  |TAMS 0x0000000636000000| PB 0x0000000636000000| Untracked |  0
| 217|0x0000000636400000, 0x0000000636400000, 0x0000000636800000|  0%| F|  |TAMS 0x0000000636400000| PB 0x0000000636400000| Untracked |  0
| 218|0x0000000636800000, 0x0000000636800000, 0x0000000636c00000|  0%| F|  |TAMS 0x0000000636800000| PB 0x0000000636800000| Untracked |  0
| 219|0x0000000636c00000, 0x0000000636c00000, 0x0000000637000000|  0%| F|  |TAMS 0x0000000636c00000| PB 0x0000000636c00000| Untracked |  0
| 220|0x0000000637000000, 0x0000000637000000, 0x0000000637400000|  0%| F|  |TAMS 0x0000000637000000| PB 0x0000000637000000| Untracked |  0
| 221|0x0000000637400000, 0x0000000637400000, 0x0000000637800000|  0%| F|  |TAMS 0x0000000637400000| PB 0x0000000637400000| Untracked |  0
| 222|0x0000000637800000, 0x0000000637800000, 0x0000000637c00000|  0%| F|  |TAMS 0x0000000637800000| PB 0x0000000637800000| Untracked |  0
| 223|0x0000000637c00000, 0x0000000637c00000, 0x0000000638000000|  0%| F|  |TAMS 0x0000000637c00000| PB 0x0000000637c00000| Untracked |  0
| 224|0x0000000638000000, 0x0000000638000000, 0x0000000638400000|  0%| F|  |TAMS 0x0000000638000000| PB 0x0000000638000000| Untracked |  0
| 225|0x0000000638400000, 0x0000000638400000, 0x0000000638800000|  0%| F|  |TAMS 0x0000000638400000| PB 0x0000000638400000| Untracked |  0
| 226|0x0000000638800000, 0x0000000638800000, 0x0000000638c00000|  0%| F|  |TAMS 0x0000000638800000| PB 0x0000000638800000| Untracked |  0
| 227|0x0000000638c00000, 0x0000000638c00000, 0x0000000639000000|  0%| F|  |TAMS 0x0000000638c00000| PB 0x0000000638c00000| Untracked |  0
| 228|0x0000000639000000, 0x0000000639000000, 0x0000000639400000|  0%| F|  |TAMS 0x0000000639000000| PB 0x0000000639000000| Untracked |  0
| 229|0x0000000639400000, 0x0000000639400000, 0x0000000639800000|  0%| F|  |TAMS 0x0000000639400000| PB 0x0000000639400000| Untracked |  0
| 230|0x0000000639800000, 0x0000000639800000, 0x0000000639c00000|  0%| F|  |TAMS 0x0000000639800000| PB 0x0000000639800000| Untracked |  0
| 231|0x0000000639c00000, 0x0000000639c00000, 0x000000063a000000|  0%| F|  |TAMS 0x0000000639c00000| PB 0x0000000639c00000| Untracked |  0
| 232|0x000000063a000000, 0x000000063a000000, 0x000000063a400000|  0%| F|  |TAMS 0x000000063a000000| PB 0x000000063a000000| Untracked |  0
| 233|0x000000063a400000, 0x000000063a400000, 0x000000063a800000|  0%| F|  |TAMS 0x000000063a400000| PB 0x000000063a400000| Untracked |  0
| 234|0x000000063a800000, 0x000000063a800000, 0x000000063ac00000|  0%| F|  |TAMS 0x000000063a800000| PB 0x000000063a800000| Untracked |  0
| 235|0x000000063ac00000, 0x000000063ac00000, 0x000000063b000000|  0%| F|  |TAMS 0x000000063ac00000| PB 0x000000063ac00000| Untracked |  0
| 236|0x000000063b000000, 0x000000063b000000, 0x000000063b400000|  0%| F|  |TAMS 0x000000063b000000| PB 0x000000063b000000| Untracked |  0
| 237|0x000000063b400000, 0x000000063b400000, 0x000000063b800000|  0%| F|  |TAMS 0x000000063b400000| PB 0x000000063b400000| Untracked |  0
| 238|0x000000063b800000, 0x000000063b800000, 0x000000063bc00000|  0%| F|  |TAMS 0x000000063b800000| PB 0x000000063b800000| Untracked |  0
| 239|0x000000063bc00000, 0x000000063bc00000, 0x000000063c000000|  0%| F|  |TAMS 0x000000063bc00000| PB 0x000000063bc00000| Untracked |  0
| 240|0x000000063c000000, 0x000000063c000000, 0x000000063c400000|  0%| F|  |TAMS 0x000000063c000000| PB 0x000000063c000000| Untracked |  0
| 241|0x000000063c400000, 0x000000063c400000, 0x000000063c800000|  0%| F|  |TAMS 0x000000063c400000| PB 0x000000063c400000| Untracked |  0
| 242|0x000000063c800000, 0x000000063c800000, 0x000000063cc00000|  0%| F|  |TAMS 0x000000063c800000| PB 0x000000063c800000| Untracked |  0
| 243|0x000000063cc00000, 0x000000063cc00000, 0x000000063d000000|  0%| F|  |TAMS 0x000000063cc00000| PB 0x000000063cc00000| Untracked |  0
| 244|0x000000063d000000, 0x000000063d000000, 0x000000063d400000|  0%| F|  |TAMS 0x000000063d000000| PB 0x000000063d000000| Untracked |  0
| 245|0x000000063d400000, 0x000000063d400000, 0x000000063d800000|  0%| F|  |TAMS 0x000000063d400000| PB 0x000000063d400000| Untracked |  0
| 246|0x000000063d800000, 0x000000063d800000, 0x000000063dc00000|  0%| F|  |TAMS 0x000000063d800000| PB 0x000000063d800000| Untracked |  0
| 247|0x000000063dc00000, 0x000000063dc00000, 0x000000063e000000|  0%| F|  |TAMS 0x000000063dc00000| PB 0x000000063dc00000| Untracked |  0
| 248|0x000000063e000000, 0x000000063e000000, 0x000000063e400000|  0%| F|  |TAMS 0x000000063e000000| PB 0x000000063e000000| Untracked |  0
| 249|0x000000063e400000, 0x000000063e400000, 0x000000063e800000|  0%| F|  |TAMS 0x000000063e400000| PB 0x000000063e400000| Untracked |  0
| 250|0x000000063e800000, 0x000000063e800000, 0x000000063ec00000|  0%| F|  |TAMS 0x000000063e800000| PB 0x000000063e800000| Untracked |  0
| 251|0x000000063ec00000, 0x000000063ec00000, 0x000000063f000000|  0%| F|  |TAMS 0x000000063ec00000| PB 0x000000063ec00000| Untracked |  0
| 252|0x000000063f000000, 0x000000063f000000, 0x000000063f400000|  0%| F|  |TAMS 0x000000063f000000| PB 0x000000063f000000| Untracked |  0
| 253|0x000000063f400000, 0x000000063f400000, 0x000000063f800000|  0%| F|  |TAMS 0x000000063f400000| PB 0x000000063f400000| Untracked |  0
| 254|0x000000063f800000, 0x000000063f800000, 0x000000063fc00000|  0%| F|  |TAMS 0x000000063f800000| PB 0x000000063f800000| Untracked |  0
| 255|0x000000063fc00000, 0x000000063fc00000, 0x0000000640000000|  0%| F|  |TAMS 0x000000063fc00000| PB 0x000000063fc00000| Untracked |  0
| 256|0x0000000640000000, 0x0000000640000000, 0x0000000640400000|  0%| F|  |TAMS 0x0000000640000000| PB 0x0000000640000000| Untracked |  0
| 257|0x0000000640400000, 0x0000000640400000, 0x0000000640800000|  0%| F|  |TAMS 0x0000000640400000| PB 0x0000000640400000| Untracked |  0
| 258|0x0000000640800000, 0x0000000640800000, 0x0000000640c00000|  0%| F|  |TAMS 0x0000000640800000| PB 0x0000000640800000| Untracked |  0
| 259|0x0000000640c00000, 0x0000000640c00000, 0x0000000641000000|  0%| F|  |TAMS 0x0000000640c00000| PB 0x0000000640c00000| Untracked |  0
| 260|0x0000000641000000, 0x0000000641000000, 0x0000000641400000|  0%| F|  |TAMS 0x0000000641000000| PB 0x0000000641000000| Untracked |  0
| 261|0x0000000641400000, 0x0000000641400000, 0x0000000641800000|  0%| F|  |TAMS 0x0000000641400000| PB 0x0000000641400000| Untracked |  0
| 262|0x0000000641800000, 0x0000000641800000, 0x0000000641c00000|  0%| F|  |TAMS 0x0000000641800000| PB 0x0000000641800000| Untracked |  0
| 263|0x0000000641c00000, 0x0000000641c00000, 0x0000000642000000|  0%| F|  |TAMS 0x0000000641c00000| PB 0x0000000641c00000| Untracked |  0
| 264|0x0000000642000000, 0x0000000642000000, 0x0000000642400000|  0%| F|  |TAMS 0x0000000642000000| PB 0x0000000642000000| Untracked |  0
| 265|0x0000000642400000, 0x0000000642400000, 0x0000000642800000|  0%| F|  |TAMS 0x0000000642400000| PB 0x0000000642400000| Untracked |  0
| 266|0x0000000642800000, 0x0000000642800000, 0x0000000642c00000|  0%| F|  |TAMS 0x0000000642800000| PB 0x0000000642800000| Untracked |  0
| 267|0x0000000642c00000, 0x0000000642c00000, 0x0000000643000000|  0%| F|  |TAMS 0x0000000642c00000| PB 0x0000000642c00000| Untracked |  0
| 268|0x0000000643000000, 0x0000000643000000, 0x0000000643400000|  0%| F|  |TAMS 0x0000000643000000| PB 0x0000000643000000| Untracked |  0
| 269|0x0000000643400000, 0x0000000643400000, 0x0000000643800000|  0%| F|  |TAMS 0x0000000643400000| PB 0x0000000643400000| Untracked |  0
| 270|0x0000000643800000, 0x0000000643800000, 0x0000000643c00000|  0%| F|  |TAMS 0x0000000643800000| PB 0x0000000643800000| Untracked |  0
| 271|0x0000000643c00000, 0x0000000643c00000, 0x0000000644000000|  0%| F|  |TAMS 0x0000000643c00000| PB 0x0000000643c00000| Untracked |  0
| 272|0x0000000644000000, 0x0000000644000000, 0x0000000644400000|  0%| F|  |TAMS 0x0000000644000000| PB 0x0000000644000000| Untracked |  0
| 273|0x0000000644400000, 0x0000000644400000, 0x0000000644800000|  0%| F|  |TAMS 0x0000000644400000| PB 0x0000000644400000| Untracked |  0
| 274|0x0000000644800000, 0x0000000644800000, 0x0000000644c00000|  0%| F|  |TAMS 0x0000000644800000| PB 0x0000000644800000| Untracked |  0
| 275|0x0000000644c00000, 0x0000000644c00000, 0x0000000645000000|  0%| F|  |TAMS 0x0000000644c00000| PB 0x0000000644c00000| Untracked |  0
| 276|0x0000000645000000, 0x0000000645000000, 0x0000000645400000|  0%| F|  |TAMS 0x0000000645000000| PB 0x0000000645000000| Untracked |  0
| 277|0x0000000645400000, 0x0000000645400000, 0x0000000645800000|  0%| F|  |TAMS 0x0000000645400000| PB 0x0000000645400000| Untracked |  0
| 278|0x0000000645800000, 0x0000000645800000, 0x0000000645c00000|  0%| F|  |TAMS 0x0000000645800000| PB 0x0000000645800000| Untracked |  0
| 279|0x0000000645c00000, 0x0000000645c00000, 0x0000000646000000|  0%| F|  |TAMS 0x0000000645c00000| PB 0x0000000645c00000| Untracked |  0
| 280|0x0000000646000000, 0x0000000646000000, 0x0000000646400000|  0%| F|  |TAMS 0x0000000646000000| PB 0x0000000646000000| Untracked |  0
| 281|0x0000000646400000, 0x0000000646400000, 0x0000000646800000|  0%| F|  |TAMS 0x0000000646400000| PB 0x0000000646400000| Untracked |  0
| 282|0x0000000646800000, 0x0000000646800000, 0x0000000646c00000|  0%| F|  |TAMS 0x0000000646800000| PB 0x0000000646800000| Untracked |  0
| 283|0x0000000646c00000, 0x0000000646c00000, 0x0000000647000000|  0%| F|  |TAMS 0x0000000646c00000| PB 0x0000000646c00000| Untracked |  0
| 284|0x0000000647000000, 0x0000000647000000, 0x0000000647400000|  0%| F|  |TAMS 0x0000000647000000| PB 0x0000000647000000| Untracked |  0
| 285|0x0000000647400000, 0x0000000647400000, 0x0000000647800000|  0%| F|  |TAMS 0x0000000647400000| PB 0x0000000647400000| Untracked |  0
| 286|0x0000000647800000, 0x0000000647800000, 0x0000000647c00000|  0%| F|  |TAMS 0x0000000647800000| PB 0x0000000647800000| Untracked |  0
| 287|0x0000000647c00000, 0x0000000647c00000, 0x0000000648000000|  0%| F|  |TAMS 0x0000000647c00000| PB 0x0000000647c00000| Untracked |  0
| 288|0x0000000648000000, 0x0000000648000000, 0x0000000648400000|  0%| F|  |TAMS 0x0000000648000000| PB 0x0000000648000000| Untracked |  0
| 289|0x0000000648400000, 0x0000000648400000, 0x0000000648800000|  0%| F|  |TAMS 0x0000000648400000| PB 0x0000000648400000| Untracked |  0
| 290|0x0000000648800000, 0x0000000648800000, 0x0000000648c00000|  0%| F|  |TAMS 0x0000000648800000| PB 0x0000000648800000| Untracked |  0
| 291|0x0000000648c00000, 0x0000000648c00000, 0x0000000649000000|  0%| F|  |TAMS 0x0000000648c00000| PB 0x0000000648c00000| Untracked |  0
| 292|0x0000000649000000, 0x0000000649000000, 0x0000000649400000|  0%| F|  |TAMS 0x0000000649000000| PB 0x0000000649000000| Untracked |  0
| 293|0x0000000649400000, 0x0000000649400000, 0x0000000649800000|  0%| F|  |TAMS 0x0000000649400000| PB 0x0000000649400000| Untracked |  0
| 294|0x0000000649800000, 0x0000000649800000, 0x0000000649c00000|  0%| F|  |TAMS 0x0000000649800000| PB 0x0000000649800000| Untracked |  0
| 295|0x0000000649c00000, 0x0000000649c00000, 0x000000064a000000|  0%| F|  |TAMS 0x0000000649c00000| PB 0x0000000649c00000| Untracked |  0
| 296|0x000000064a000000, 0x000000064a000000, 0x000000064a400000|  0%| F|  |TAMS 0x000000064a000000| PB 0x000000064a000000| Untracked |  0
| 297|0x000000064a400000, 0x000000064a400000, 0x000000064a800000|  0%| F|  |TAMS 0x000000064a400000| PB 0x000000064a400000| Untracked |  0
| 298|0x000000064a800000, 0x000000064a800000, 0x000000064ac00000|  0%| F|  |TAMS 0x000000064a800000| PB 0x000000064a800000| Untracked |  0
| 299|0x000000064ac00000, 0x000000064ac00000, 0x000000064b000000|  0%| F|  |TAMS 0x000000064ac00000| PB 0x000000064ac00000| Untracked |  0
| 300|0x000000064b000000, 0x000000064b000000, 0x000000064b400000|  0%| F|  |TAMS 0x000000064b000000| PB 0x000000064b000000| Untracked |  0
| 301|0x000000064b400000, 0x000000064b400000, 0x000000064b800000|  0%| F|  |TAMS 0x000000064b400000| PB 0x000000064b400000| Untracked |  0
| 302|0x000000064b800000, 0x000000064b800000, 0x000000064bc00000|  0%| F|  |TAMS 0x000000064b800000| PB 0x000000064b800000| Untracked |  0
| 303|0x000000064bc00000, 0x000000064bc00000, 0x000000064c000000|  0%| F|  |TAMS 0x000000064bc00000| PB 0x000000064bc00000| Untracked |  0
| 304|0x000000064c000000, 0x000000064c000000, 0x000000064c400000|  0%| F|  |TAMS 0x000000064c000000| PB 0x000000064c000000| Untracked |  0
| 305|0x000000064c400000, 0x000000064c400000, 0x000000064c800000|  0%| F|  |TAMS 0x000000064c400000| PB 0x000000064c400000| Untracked |  0
| 306|0x000000064c800000, 0x000000064c800000, 0x000000064cc00000|  0%| F|  |TAMS 0x000000064c800000| PB 0x000000064c800000| Untracked |  0
| 307|0x000000064cc00000, 0x000000064cc00000, 0x000000064d000000|  0%| F|  |TAMS 0x000000064cc00000| PB 0x000000064cc00000| Untracked |  0
| 308|0x000000064d000000, 0x000000064d000000, 0x000000064d400000|  0%| F|  |TAMS 0x000000064d000000| PB 0x000000064d000000| Untracked |  0
| 309|0x000000064d400000, 0x000000064d400000, 0x000000064d800000|  0%| F|  |TAMS 0x000000064d400000| PB 0x000000064d400000| Untracked |  0
| 310|0x000000064d800000, 0x000000064d800000, 0x000000064dc00000|  0%| F|  |TAMS 0x000000064d800000| PB 0x000000064d800000| Untracked |  0
| 311|0x000000064dc00000, 0x000000064dc00000, 0x000000064e000000|  0%| F|  |TAMS 0x000000064dc00000| PB 0x000000064dc00000| Untracked |  0
| 312|0x000000064e000000, 0x000000064e000000, 0x000000064e400000|  0%| F|  |TAMS 0x000000064e000000| PB 0x000000064e000000| Untracked |  0
| 313|0x000000064e400000, 0x000000064e400000, 0x000000064e800000|  0%| F|  |TAMS 0x000000064e400000| PB 0x000000064e400000| Untracked |  0
| 314|0x000000064e800000, 0x000000064e800000, 0x000000064ec00000|  0%| F|  |TAMS 0x000000064e800000| PB 0x000000064e800000| Untracked |  0
| 315|0x000000064ec00000, 0x000000064ec00000, 0x000000064f000000|  0%| F|  |TAMS 0x000000064ec00000| PB 0x000000064ec00000| Untracked |  0
| 316|0x000000064f000000, 0x000000064f000000, 0x000000064f400000|  0%| F|  |TAMS 0x000000064f000000| PB 0x000000064f000000| Untracked |  0
| 317|0x000000064f400000, 0x000000064f400000, 0x000000064f800000|  0%| F|  |TAMS 0x000000064f400000| PB 0x000000064f400000| Untracked |  0
| 318|0x000000064f800000, 0x000000064f800000, 0x000000064fc00000|  0%| F|  |TAMS 0x000000064f800000| PB 0x000000064f800000| Untracked |  0
| 319|0x000000064fc00000, 0x000000064fc00000, 0x0000000650000000|  0%| F|  |TAMS 0x000000064fc00000| PB 0x000000064fc00000| Untracked |  0
| 320|0x0000000650000000, 0x0000000650000000, 0x0000000650400000|  0%| F|  |TAMS 0x0000000650000000| PB 0x0000000650000000| Untracked |  0
| 321|0x0000000650400000, 0x0000000650400000, 0x0000000650800000|  0%| F|  |TAMS 0x0000000650400000| PB 0x0000000650400000| Untracked |  0
| 322|0x0000000650800000, 0x0000000650800000, 0x0000000650c00000|  0%| F|  |TAMS 0x0000000650800000| PB 0x0000000650800000| Untracked |  0
| 323|0x0000000650c00000, 0x0000000650c00000, 0x0000000651000000|  0%| F|  |TAMS 0x0000000650c00000| PB 0x0000000650c00000| Untracked |  0
| 324|0x0000000651000000, 0x0000000651000000, 0x0000000651400000|  0%| F|  |TAMS 0x0000000651000000| PB 0x0000000651000000| Untracked |  0
| 325|0x0000000651400000, 0x0000000651400000, 0x0000000651800000|  0%| F|  |TAMS 0x0000000651400000| PB 0x0000000651400000| Untracked |  0
| 326|0x0000000651800000, 0x0000000651800000, 0x0000000651c00000|  0%| F|  |TAMS 0x0000000651800000| PB 0x0000000651800000| Untracked |  0
| 327|0x0000000651c00000, 0x0000000651c00000, 0x0000000652000000|  0%| F|  |TAMS 0x0000000651c00000| PB 0x0000000651c00000| Untracked |  0
| 328|0x0000000652000000, 0x0000000652000000, 0x0000000652400000|  0%| F|  |TAMS 0x0000000652000000| PB 0x0000000652000000| Untracked |  0
| 329|0x0000000652400000, 0x0000000652400000, 0x0000000652800000|  0%| F|  |TAMS 0x0000000652400000| PB 0x0000000652400000| Untracked |  0
| 330|0x0000000652800000, 0x0000000652800000, 0x0000000652c00000|  0%| F|  |TAMS 0x0000000652800000| PB 0x0000000652800000| Untracked |  0
| 331|0x0000000652c00000, 0x0000000652c00000, 0x0000000653000000|  0%| F|  |TAMS 0x0000000652c00000| PB 0x0000000652c00000| Untracked |  0
| 332|0x0000000653000000, 0x0000000653000000, 0x0000000653400000|  0%| F|  |TAMS 0x0000000653000000| PB 0x0000000653000000| Untracked |  0
| 333|0x0000000653400000, 0x0000000653400000, 0x0000000653800000|  0%| F|  |TAMS 0x0000000653400000| PB 0x0000000653400000| Untracked |  0
| 334|0x0000000653800000, 0x0000000653800000, 0x0000000653c00000|  0%| F|  |TAMS 0x0000000653800000| PB 0x0000000653800000| Untracked |  0
| 335|0x0000000653c00000, 0x0000000653c00000, 0x0000000654000000|  0%| F|  |TAMS 0x0000000653c00000| PB 0x0000000653c00000| Untracked |  0
| 336|0x0000000654000000, 0x0000000654000000, 0x0000000654400000|  0%| F|  |TAMS 0x0000000654000000| PB 0x0000000654000000| Untracked |  0
| 337|0x0000000654400000, 0x0000000654400000, 0x0000000654800000|  0%| F|  |TAMS 0x0000000654400000| PB 0x0000000654400000| Untracked |  0
| 338|0x0000000654800000, 0x0000000654800000, 0x0000000654c00000|  0%| F|  |TAMS 0x0000000654800000| PB 0x0000000654800000| Untracked |  0
| 339|0x0000000654c00000, 0x0000000654c00000, 0x0000000655000000|  0%| F|  |TAMS 0x0000000654c00000| PB 0x0000000654c00000| Untracked |  0
| 340|0x0000000655000000, 0x0000000655000000, 0x0000000655400000|  0%| F|  |TAMS 0x0000000655000000| PB 0x0000000655000000| Untracked |  0
| 341|0x0000000655400000, 0x0000000655400000, 0x0000000655800000|  0%| F|  |TAMS 0x0000000655400000| PB 0x0000000655400000| Untracked |  0
| 342|0x0000000655800000, 0x0000000655800000, 0x0000000655c00000|  0%| F|  |TAMS 0x0000000655800000| PB 0x0000000655800000| Untracked |  0
| 343|0x0000000655c00000, 0x0000000655c00000, 0x0000000656000000|  0%| F|  |TAMS 0x0000000655c00000| PB 0x0000000655c00000| Untracked |  0
| 344|0x0000000656000000, 0x0000000656000000, 0x0000000656400000|  0%| F|  |TAMS 0x0000000656000000| PB 0x0000000656000000| Untracked |  0
| 345|0x0000000656400000, 0x0000000656400000, 0x0000000656800000|  0%| F|  |TAMS 0x0000000656400000| PB 0x0000000656400000| Untracked |  0
| 346|0x0000000656800000, 0x0000000656800000, 0x0000000656c00000|  0%| F|  |TAMS 0x0000000656800000| PB 0x0000000656800000| Untracked |  0
| 347|0x0000000656c00000, 0x0000000656c00000, 0x0000000657000000|  0%| F|  |TAMS 0x0000000656c00000| PB 0x0000000656c00000| Untracked |  0
| 348|0x0000000657000000, 0x0000000657000000, 0x0000000657400000|  0%| F|  |TAMS 0x0000000657000000| PB 0x0000000657000000| Untracked |  0
| 349|0x0000000657400000, 0x0000000657400000, 0x0000000657800000|  0%| F|  |TAMS 0x0000000657400000| PB 0x0000000657400000| Untracked |  0
| 350|0x0000000657800000, 0x0000000657800000, 0x0000000657c00000|  0%| F|  |TAMS 0x0000000657800000| PB 0x0000000657800000| Untracked |  0
| 351|0x0000000657c00000, 0x0000000657c00000, 0x0000000658000000|  0%| F|  |TAMS 0x0000000657c00000| PB 0x0000000657c00000| Untracked |  0
| 352|0x0000000658000000, 0x0000000658000000, 0x0000000658400000|  0%| F|  |TAMS 0x0000000658000000| PB 0x0000000658000000| Untracked |  0
| 353|0x0000000658400000, 0x0000000658400000, 0x0000000658800000|  0%| F|  |TAMS 0x0000000658400000| PB 0x0000000658400000| Untracked |  0
| 354|0x0000000658800000, 0x0000000658800000, 0x0000000658c00000|  0%| F|  |TAMS 0x0000000658800000| PB 0x0000000658800000| Untracked |  0
| 355|0x0000000658c00000, 0x0000000658c00000, 0x0000000659000000|  0%| F|  |TAMS 0x0000000658c00000| PB 0x0000000658c00000| Untracked |  0
| 356|0x0000000659000000, 0x0000000659000000, 0x0000000659400000|  0%| F|  |TAMS 0x0000000659000000| PB 0x0000000659000000| Untracked |  0
| 357|0x0000000659400000, 0x0000000659400000, 0x0000000659800000|  0%| F|  |TAMS 0x0000000659400000| PB 0x0000000659400000| Untracked |  0
| 358|0x0000000659800000, 0x0000000659800000, 0x0000000659c00000|  0%| F|  |TAMS 0x0000000659800000| PB 0x0000000659800000| Untracked |  0
| 359|0x0000000659c00000, 0x0000000659c00000, 0x000000065a000000|  0%| F|  |TAMS 0x0000000659c00000| PB 0x0000000659c00000| Untracked |  0
| 360|0x000000065a000000, 0x000000065a000000, 0x000000065a400000|  0%| F|  |TAMS 0x000000065a000000| PB 0x000000065a000000| Untracked |  0
| 361|0x000000065a400000, 0x000000065a400000, 0x000000065a800000|  0%| F|  |TAMS 0x000000065a400000| PB 0x000000065a400000| Untracked |  0
| 362|0x000000065a800000, 0x000000065a800000, 0x000000065ac00000|  0%| F|  |TAMS 0x000000065a800000| PB 0x000000065a800000| Untracked |  0
| 363|0x000000065ac00000, 0x000000065ac00000, 0x000000065b000000|  0%| F|  |TAMS 0x000000065ac00000| PB 0x000000065ac00000| Untracked |  0
| 364|0x000000065b000000, 0x000000065b000000, 0x000000065b400000|  0%| F|  |TAMS 0x000000065b000000| PB 0x000000065b000000| Untracked |  0
| 365|0x000000065b400000, 0x000000065b400000, 0x000000065b800000|  0%| F|  |TAMS 0x000000065b400000| PB 0x000000065b400000| Untracked |  0
| 366|0x000000065b800000, 0x000000065b800000, 0x000000065bc00000|  0%| F|  |TAMS 0x000000065b800000| PB 0x000000065b800000| Untracked |  0
| 367|0x000000065bc00000, 0x000000065bc00000, 0x000000065c000000|  0%| F|  |TAMS 0x000000065bc00000| PB 0x000000065bc00000| Untracked |  0
| 368|0x000000065c000000, 0x000000065c000000, 0x000000065c400000|  0%| F|  |TAMS 0x000000065c000000| PB 0x000000065c000000| Untracked |  0
| 369|0x000000065c400000, 0x000000065c400000, 0x000000065c800000|  0%| F|  |TAMS 0x000000065c400000| PB 0x000000065c400000| Untracked |  0
| 370|0x000000065c800000, 0x000000065c800000, 0x000000065cc00000|  0%| F|  |TAMS 0x000000065c800000| PB 0x000000065c800000| Untracked |  0
| 371|0x000000065cc00000, 0x000000065cc00000, 0x000000065d000000|  0%| F|  |TAMS 0x000000065cc00000| PB 0x000000065cc00000| Untracked |  0
| 372|0x000000065d000000, 0x000000065d000000, 0x000000065d400000|  0%| F|  |TAMS 0x000000065d000000| PB 0x000000065d000000| Untracked |  0
| 373|0x000000065d400000, 0x000000065d400000, 0x000000065d800000|  0%| F|  |TAMS 0x000000065d400000| PB 0x000000065d400000| Untracked |  0
| 374|0x000000065d800000, 0x000000065d800000, 0x000000065dc00000|  0%| F|  |TAMS 0x000000065d800000| PB 0x000000065d800000| Untracked |  0
| 375|0x000000065dc00000, 0x000000065dc00000, 0x000000065e000000|  0%| F|  |TAMS 0x000000065dc00000| PB 0x000000065dc00000| Untracked |  0
| 376|0x000000065e000000, 0x000000065e000000, 0x000000065e400000|  0%| F|  |TAMS 0x000000065e000000| PB 0x000000065e000000| Untracked |  0
| 377|0x000000065e400000, 0x000000065e400000, 0x000000065e800000|  0%| F|  |TAMS 0x000000065e400000| PB 0x000000065e400000| Untracked |  0
| 378|0x000000065e800000, 0x000000065e800000, 0x000000065ec00000|  0%| F|  |TAMS 0x000000065e800000| PB 0x000000065e800000| Untracked |  0
| 379|0x000000065ec00000, 0x000000065ec00000, 0x000000065f000000|  0%| F|  |TAMS 0x000000065ec00000| PB 0x000000065ec00000| Untracked |  0
| 380|0x000000065f000000, 0x000000065f000000, 0x000000065f400000|  0%| F|  |TAMS 0x000000065f000000| PB 0x000000065f000000| Untracked |  0
| 381|0x000000065f400000, 0x000000065f400000, 0x000000065f800000|  0%| F|  |TAMS 0x000000065f400000| PB 0x000000065f400000| Untracked |  0
| 382|0x000000065f800000, 0x000000065f800000, 0x000000065fc00000|  0%| F|  |TAMS 0x000000065f800000| PB 0x000000065f800000| Untracked |  0
| 383|0x000000065fc00000, 0x000000065fc00000, 0x0000000660000000|  0%| F|  |TAMS 0x000000065fc00000| PB 0x000000065fc00000| Untracked |  0
| 384|0x0000000660000000, 0x0000000660000000, 0x0000000660400000|  0%| F|  |TAMS 0x0000000660000000| PB 0x0000000660000000| Untracked |  0
| 385|0x0000000660400000, 0x0000000660400000, 0x0000000660800000|  0%| F|  |TAMS 0x0000000660400000| PB 0x0000000660400000| Untracked |  0
| 386|0x0000000660800000, 0x0000000660800000, 0x0000000660c00000|  0%| F|  |TAMS 0x0000000660800000| PB 0x0000000660800000| Untracked |  0
| 387|0x0000000660c00000, 0x0000000660c00000, 0x0000000661000000|  0%| F|  |TAMS 0x0000000660c00000| PB 0x0000000660c00000| Untracked |  0
| 388|0x0000000661000000, 0x0000000661000000, 0x0000000661400000|  0%| F|  |TAMS 0x0000000661000000| PB 0x0000000661000000| Untracked |  0
| 389|0x0000000661400000, 0x0000000661400000, 0x0000000661800000|  0%| F|  |TAMS 0x0000000661400000| PB 0x0000000661400000| Untracked |  0
| 390|0x0000000661800000, 0x0000000661800000, 0x0000000661c00000|  0%| F|  |TAMS 0x0000000661800000| PB 0x0000000661800000| Untracked |  0
| 391|0x0000000661c00000, 0x0000000661c00000, 0x0000000662000000|  0%| F|  |TAMS 0x0000000661c00000| PB 0x0000000661c00000| Untracked |  0
| 392|0x0000000662000000, 0x0000000662000000, 0x0000000662400000|  0%| F|  |TAMS 0x0000000662000000| PB 0x0000000662000000| Untracked |  0
| 393|0x0000000662400000, 0x0000000662400000, 0x0000000662800000|  0%| F|  |TAMS 0x0000000662400000| PB 0x0000000662400000| Untracked |  0
| 394|0x0000000662800000, 0x0000000662800000, 0x0000000662c00000|  0%| F|  |TAMS 0x0000000662800000| PB 0x0000000662800000| Untracked |  0
| 395|0x0000000662c00000, 0x0000000662c00000, 0x0000000663000000|  0%| F|  |TAMS 0x0000000662c00000| PB 0x0000000662c00000| Untracked |  0
| 396|0x0000000663000000, 0x0000000663000000, 0x0000000663400000|  0%| F|  |TAMS 0x0000000663000000| PB 0x0000000663000000| Untracked |  0
| 397|0x0000000663400000, 0x0000000663400000, 0x0000000663800000|  0%| F|  |TAMS 0x0000000663400000| PB 0x0000000663400000| Untracked |  0
| 398|0x0000000663800000, 0x0000000663800000, 0x0000000663c00000|  0%| F|  |TAMS 0x0000000663800000| PB 0x0000000663800000| Untracked |  0
| 399|0x0000000663c00000, 0x0000000663c00000, 0x0000000664000000|  0%| F|  |TAMS 0x0000000663c00000| PB 0x0000000663c00000| Untracked |  0
| 400|0x0000000664000000, 0x0000000664000000, 0x0000000664400000|  0%| F|  |TAMS 0x0000000664000000| PB 0x0000000664000000| Untracked |  0
| 401|0x0000000664400000, 0x0000000664400000, 0x0000000664800000|  0%| F|  |TAMS 0x0000000664400000| PB 0x0000000664400000| Untracked |  0
| 402|0x0000000664800000, 0x0000000664800000, 0x0000000664c00000|  0%| F|  |TAMS 0x0000000664800000| PB 0x0000000664800000| Untracked |  0
| 403|0x0000000664c00000, 0x0000000664c00000, 0x0000000665000000|  0%| F|  |TAMS 0x0000000664c00000| PB 0x0000000664c00000| Untracked |  0
| 404|0x0000000665000000, 0x0000000665000000, 0x0000000665400000|  0%| F|  |TAMS 0x0000000665000000| PB 0x0000000665000000| Untracked |  0
| 405|0x0000000665400000, 0x0000000665400000, 0x0000000665800000|  0%| F|  |TAMS 0x0000000665400000| PB 0x0000000665400000| Untracked |  0
| 406|0x0000000665800000, 0x0000000665800000, 0x0000000665c00000|  0%| F|  |TAMS 0x0000000665800000| PB 0x0000000665800000| Untracked |  0
| 407|0x0000000665c00000, 0x0000000665c00000, 0x0000000666000000|  0%| F|  |TAMS 0x0000000665c00000| PB 0x0000000665c00000| Untracked |  0
| 408|0x0000000666000000, 0x0000000666000000, 0x0000000666400000|  0%| F|  |TAMS 0x0000000666000000| PB 0x0000000666000000| Untracked |  0
| 409|0x0000000666400000, 0x0000000666400000, 0x0000000666800000|  0%| F|  |TAMS 0x0000000666400000| PB 0x0000000666400000| Untracked |  0
| 410|0x0000000666800000, 0x0000000666800000, 0x0000000666c00000|  0%| F|  |TAMS 0x0000000666800000| PB 0x0000000666800000| Untracked |  0
| 411|0x0000000666c00000, 0x0000000666c00000, 0x0000000667000000|  0%| F|  |TAMS 0x0000000666c00000| PB 0x0000000666c00000| Untracked |  0
| 412|0x0000000667000000, 0x0000000667000000, 0x0000000667400000|  0%| F|  |TAMS 0x0000000667000000| PB 0x0000000667000000| Untracked |  0
| 413|0x0000000667400000, 0x0000000667400000, 0x0000000667800000|  0%| F|  |TAMS 0x0000000667400000| PB 0x0000000667400000| Untracked |  0
| 414|0x0000000667800000, 0x0000000667800000, 0x0000000667c00000|  0%| F|  |TAMS 0x0000000667800000| PB 0x0000000667800000| Untracked |  0
| 415|0x0000000667c00000, 0x0000000667c00000, 0x0000000668000000|  0%| F|  |TAMS 0x0000000667c00000| PB 0x0000000667c00000| Untracked |  0
| 416|0x0000000668000000, 0x0000000668000000, 0x0000000668400000|  0%| F|  |TAMS 0x0000000668000000| PB 0x0000000668000000| Untracked |  0
| 417|0x0000000668400000, 0x0000000668400000, 0x0000000668800000|  0%| F|  |TAMS 0x0000000668400000| PB 0x0000000668400000| Untracked |  0
| 418|0x0000000668800000, 0x0000000668800000, 0x0000000668c00000|  0%| F|  |TAMS 0x0000000668800000| PB 0x0000000668800000| Untracked |  0
| 419|0x0000000668c00000, 0x0000000668c00000, 0x0000000669000000|  0%| F|  |TAMS 0x0000000668c00000| PB 0x0000000668c00000| Untracked |  0
| 420|0x0000000669000000, 0x0000000669000000, 0x0000000669400000|  0%| F|  |TAMS 0x0000000669000000| PB 0x0000000669000000| Untracked |  0
| 421|0x0000000669400000, 0x0000000669400000, 0x0000000669800000|  0%| F|  |TAMS 0x0000000669400000| PB 0x0000000669400000| Untracked |  0
| 422|0x0000000669800000, 0x0000000669800000, 0x0000000669c00000|  0%| F|  |TAMS 0x0000000669800000| PB 0x0000000669800000| Untracked |  0
| 423|0x0000000669c00000, 0x0000000669c00000, 0x000000066a000000|  0%| F|  |TAMS 0x0000000669c00000| PB 0x0000000669c00000| Untracked |  0
| 424|0x000000066a000000, 0x000000066a000000, 0x000000066a400000|  0%| F|  |TAMS 0x000000066a000000| PB 0x000000066a000000| Untracked |  0
| 425|0x000000066a400000, 0x000000066a400000, 0x000000066a800000|  0%| F|  |TAMS 0x000000066a400000| PB 0x000000066a400000| Untracked |  0
| 426|0x000000066a800000, 0x000000066a800000, 0x000000066ac00000|  0%| F|  |TAMS 0x000000066a800000| PB 0x000000066a800000| Untracked |  0
| 427|0x000000066ac00000, 0x000000066ac00000, 0x000000066b000000|  0%| F|  |TAMS 0x000000066ac00000| PB 0x000000066ac00000| Untracked |  0
| 428|0x000000066b000000, 0x000000066b000000, 0x000000066b400000|  0%| F|  |TAMS 0x000000066b000000| PB 0x000000066b000000| Untracked |  0
| 429|0x000000066b400000, 0x000000066b400000, 0x000000066b800000|  0%| F|  |TAMS 0x000000066b400000| PB 0x000000066b400000| Untracked |  0
| 430|0x000000066b800000, 0x000000066b800000, 0x000000066bc00000|  0%| F|  |TAMS 0x000000066b800000| PB 0x000000066b800000| Untracked |  0
| 431|0x000000066bc00000, 0x000000066bc00000, 0x000000066c000000|  0%| F|  |TAMS 0x000000066bc00000| PB 0x000000066bc00000| Untracked |  0
| 432|0x000000066c000000, 0x000000066c000000, 0x000000066c400000|  0%| F|  |TAMS 0x000000066c000000| PB 0x000000066c000000| Untracked |  0
| 433|0x000000066c400000, 0x000000066c400000, 0x000000066c800000|  0%| F|  |TAMS 0x000000066c400000| PB 0x000000066c400000| Untracked |  0
| 434|0x000000066c800000, 0x000000066c800000, 0x000000066cc00000|  0%| F|  |TAMS 0x000000066c800000| PB 0x000000066c800000| Untracked |  0
| 435|0x000000066cc00000, 0x000000066cc00000, 0x000000066d000000|  0%| F|  |TAMS 0x000000066cc00000| PB 0x000000066cc00000| Untracked |  0
| 436|0x000000066d000000, 0x000000066d000000, 0x000000066d400000|  0%| F|  |TAMS 0x000000066d000000| PB 0x000000066d000000| Untracked |  0
| 437|0x000000066d400000, 0x000000066d400000, 0x000000066d800000|  0%| F|  |TAMS 0x000000066d400000| PB 0x000000066d400000| Untracked |  0
| 438|0x000000066d800000, 0x000000066d800000, 0x000000066dc00000|  0%| F|  |TAMS 0x000000066d800000| PB 0x000000066d800000| Untracked |  0
| 439|0x000000066dc00000, 0x000000066dc00000, 0x000000066e000000|  0%| F|  |TAMS 0x000000066dc00000| PB 0x000000066dc00000| Untracked |  0
| 440|0x000000066e000000, 0x000000066e000000, 0x000000066e400000|  0%| F|  |TAMS 0x000000066e000000| PB 0x000000066e000000| Untracked |  0
| 441|0x000000066e400000, 0x000000066e400000, 0x000000066e800000|  0%| F|  |TAMS 0x000000066e400000| PB 0x000000066e400000| Untracked |  0
| 442|0x000000066e800000, 0x000000066e800000, 0x000000066ec00000|  0%| F|  |TAMS 0x000000066e800000| PB 0x000000066e800000| Untracked |  0
| 443|0x000000066ec00000, 0x000000066ec00000, 0x000000066f000000|  0%| F|  |TAMS 0x000000066ec00000| PB 0x000000066ec00000| Untracked |  0
| 444|0x000000066f000000, 0x000000066f000000, 0x000000066f400000|  0%| F|  |TAMS 0x000000066f000000| PB 0x000000066f000000| Untracked |  0
| 445|0x000000066f400000, 0x000000066f400000, 0x000000066f800000|  0%| F|  |TAMS 0x000000066f400000| PB 0x000000066f400000| Untracked |  0
| 446|0x000000066f800000, 0x000000066f800000, 0x000000066fc00000|  0%| F|  |TAMS 0x000000066f800000| PB 0x000000066f800000| Untracked |  0
| 447|0x000000066fc00000, 0x000000066fc00000, 0x0000000670000000|  0%| F|  |TAMS 0x000000066fc00000| PB 0x000000066fc00000| Untracked |  0
| 448|0x0000000670000000, 0x0000000670000000, 0x0000000670400000|  0%| F|  |TAMS 0x0000000670000000| PB 0x0000000670000000| Untracked |  0
| 449|0x0000000670400000, 0x0000000670400000, 0x0000000670800000|  0%| F|  |TAMS 0x0000000670400000| PB 0x0000000670400000| Untracked |  0
| 450|0x0000000670800000, 0x0000000670800000, 0x0000000670c00000|  0%| F|  |TAMS 0x0000000670800000| PB 0x0000000670800000| Untracked |  0
| 451|0x0000000670c00000, 0x0000000670c00000, 0x0000000671000000|  0%| F|  |TAMS 0x0000000670c00000| PB 0x0000000670c00000| Untracked |  0
| 452|0x0000000671000000, 0x0000000671000000, 0x0000000671400000|  0%| F|  |TAMS 0x0000000671000000| PB 0x0000000671000000| Untracked |  0
| 453|0x0000000671400000, 0x0000000671400000, 0x0000000671800000|  0%| F|  |TAMS 0x0000000671400000| PB 0x0000000671400000| Untracked |  0
| 454|0x0000000671800000, 0x0000000671800000, 0x0000000671c00000|  0%| F|  |TAMS 0x0000000671800000| PB 0x0000000671800000| Untracked |  0
| 455|0x0000000671c00000, 0x0000000671c00000, 0x0000000672000000|  0%| F|  |TAMS 0x0000000671c00000| PB 0x0000000671c00000| Untracked |  0
| 456|0x0000000672000000, 0x0000000672000000, 0x0000000672400000|  0%| F|  |TAMS 0x0000000672000000| PB 0x0000000672000000| Untracked |  0
| 457|0x0000000672400000, 0x0000000672400000, 0x0000000672800000|  0%| F|  |TAMS 0x0000000672400000| PB 0x0000000672400000| Untracked |  0
| 458|0x0000000672800000, 0x0000000672800000, 0x0000000672c00000|  0%| F|  |TAMS 0x0000000672800000| PB 0x0000000672800000| Untracked |  0
| 459|0x0000000672c00000, 0x0000000672c00000, 0x0000000673000000|  0%| F|  |TAMS 0x0000000672c00000| PB 0x0000000672c00000| Untracked |  0
| 460|0x0000000673000000, 0x0000000673000000, 0x0000000673400000|  0%| F|  |TAMS 0x0000000673000000| PB 0x0000000673000000| Untracked |  0
| 461|0x0000000673400000, 0x0000000673400000, 0x0000000673800000|  0%| F|  |TAMS 0x0000000673400000| PB 0x0000000673400000| Untracked |  0
| 462|0x0000000673800000, 0x0000000673800000, 0x0000000673c00000|  0%| F|  |TAMS 0x0000000673800000| PB 0x0000000673800000| Untracked |  0
| 463|0x0000000673c00000, 0x0000000673c00000, 0x0000000674000000|  0%| F|  |TAMS 0x0000000673c00000| PB 0x0000000673c00000| Untracked |  0
| 464|0x0000000674000000, 0x0000000674000000, 0x0000000674400000|  0%| F|  |TAMS 0x0000000674000000| PB 0x0000000674000000| Untracked |  0
| 465|0x0000000674400000, 0x0000000674400000, 0x0000000674800000|  0%| F|  |TAMS 0x0000000674400000| PB 0x0000000674400000| Untracked |  0
| 466|0x0000000674800000, 0x0000000674800000, 0x0000000674c00000|  0%| F|  |TAMS 0x0000000674800000| PB 0x0000000674800000| Untracked |  0
| 467|0x0000000674c00000, 0x0000000674c00000, 0x0000000675000000|  0%| F|  |TAMS 0x0000000674c00000| PB 0x0000000674c00000| Untracked |  0
| 468|0x0000000675000000, 0x0000000675000000, 0x0000000675400000|  0%| F|  |TAMS 0x0000000675000000| PB 0x0000000675000000| Untracked |  0
| 469|0x0000000675400000, 0x0000000675400000, 0x0000000675800000|  0%| F|  |TAMS 0x0000000675400000| PB 0x0000000675400000| Untracked |  0
| 470|0x0000000675800000, 0x0000000675800000, 0x0000000675c00000|  0%| F|  |TAMS 0x0000000675800000| PB 0x0000000675800000| Untracked |  0
| 471|0x0000000675c00000, 0x0000000675c00000, 0x0000000676000000|  0%| F|  |TAMS 0x0000000675c00000| PB 0x0000000675c00000| Untracked |  0
| 472|0x0000000676000000, 0x0000000676000000, 0x0000000676400000|  0%| F|  |TAMS 0x0000000676000000| PB 0x0000000676000000| Untracked |  0
| 473|0x0000000676400000, 0x0000000676400000, 0x0000000676800000|  0%| F|  |TAMS 0x0000000676400000| PB 0x0000000676400000| Untracked |  0
| 474|0x0000000676800000, 0x0000000676800000, 0x0000000676c00000|  0%| F|  |TAMS 0x0000000676800000| PB 0x0000000676800000| Untracked |  0
| 475|0x0000000676c00000, 0x0000000676c00000, 0x0000000677000000|  0%| F|  |TAMS 0x0000000676c00000| PB 0x0000000676c00000| Untracked |  0
| 476|0x0000000677000000, 0x0000000677000000, 0x0000000677400000|  0%| F|  |TAMS 0x0000000677000000| PB 0x0000000677000000| Untracked |  0
| 477|0x0000000677400000, 0x0000000677400000, 0x0000000677800000|  0%| F|  |TAMS 0x0000000677400000| PB 0x0000000677400000| Untracked |  0
| 478|0x0000000677800000, 0x0000000677800000, 0x0000000677c00000|  0%| F|  |TAMS 0x0000000677800000| PB 0x0000000677800000| Untracked |  0
| 479|0x0000000677c00000, 0x0000000677c00000, 0x0000000678000000|  0%| F|  |TAMS 0x0000000677c00000| PB 0x0000000677c00000| Untracked |  0
| 480|0x0000000678000000, 0x0000000678000000, 0x0000000678400000|  0%| F|  |TAMS 0x0000000678000000| PB 0x0000000678000000| Untracked |  0
| 481|0x0000000678400000, 0x0000000678400000, 0x0000000678800000|  0%| F|  |TAMS 0x0000000678400000| PB 0x0000000678400000| Untracked |  0
| 482|0x0000000678800000, 0x0000000678800000, 0x0000000678c00000|  0%| F|  |TAMS 0x0000000678800000| PB 0x0000000678800000| Untracked |  0
| 483|0x0000000678c00000, 0x0000000678c00000, 0x0000000679000000|  0%| F|  |TAMS 0x0000000678c00000| PB 0x0000000678c00000| Untracked |  0
| 484|0x0000000679000000, 0x0000000679000000, 0x0000000679400000|  0%| F|  |TAMS 0x0000000679000000| PB 0x0000000679000000| Untracked |  0
| 485|0x0000000679400000, 0x0000000679400000, 0x0000000679800000|  0%| F|  |TAMS 0x0000000679400000| PB 0x0000000679400000| Untracked |  0
| 486|0x0000000679800000, 0x0000000679800000, 0x0000000679c00000|  0%| F|  |TAMS 0x0000000679800000| PB 0x0000000679800000| Untracked |  0
| 487|0x0000000679c00000, 0x0000000679c00000, 0x000000067a000000|  0%| F|  |TAMS 0x0000000679c00000| PB 0x0000000679c00000| Untracked |  0
| 488|0x000000067a000000, 0x000000067a000000, 0x000000067a400000|  0%| F|  |TAMS 0x000000067a000000| PB 0x000000067a000000| Untracked |  0
| 489|0x000000067a400000, 0x000000067a400000, 0x000000067a800000|  0%| F|  |TAMS 0x000000067a400000| PB 0x000000067a400000| Untracked |  0
| 490|0x000000067a800000, 0x000000067a800000, 0x000000067ac00000|  0%| F|  |TAMS 0x000000067a800000| PB 0x000000067a800000| Untracked |  0
| 491|0x000000067ac00000, 0x000000067ac00000, 0x000000067b000000|  0%| F|  |TAMS 0x000000067ac00000| PB 0x000000067ac00000| Untracked |  0
| 492|0x000000067b000000, 0x000000067b000000, 0x000000067b400000|  0%| F|  |TAMS 0x000000067b000000| PB 0x000000067b000000| Untracked |  0
| 493|0x000000067b400000, 0x000000067b400000, 0x000000067b800000|  0%| F|  |TAMS 0x000000067b400000| PB 0x000000067b400000| Untracked |  0
| 494|0x000000067b800000, 0x000000067b800000, 0x000000067bc00000|  0%| F|  |TAMS 0x000000067b800000| PB 0x000000067b800000| Untracked |  0
| 495|0x000000067bc00000, 0x000000067bc00000, 0x000000067c000000|  0%| F|  |TAMS 0x000000067bc00000| PB 0x000000067bc00000| Untracked |  0
| 496|0x000000067c000000, 0x000000067c000000, 0x000000067c400000|  0%| F|  |TAMS 0x000000067c000000| PB 0x000000067c000000| Untracked |  0
| 497|0x000000067c400000, 0x000000067c400000, 0x000000067c800000|  0%| F|  |TAMS 0x000000067c400000| PB 0x000000067c400000| Untracked |  0
| 498|0x000000067c800000, 0x000000067c800000, 0x000000067cc00000|  0%| F|  |TAMS 0x000000067c800000| PB 0x000000067c800000| Untracked |  0
| 499|0x000000067cc00000, 0x000000067cc00000, 0x000000067d000000|  0%| F|  |TAMS 0x000000067cc00000| PB 0x000000067cc00000| Untracked |  0
| 500|0x000000067d000000, 0x000000067d000000, 0x000000067d400000|  0%| F|  |TAMS 0x000000067d000000| PB 0x000000067d000000| Untracked |  0
| 501|0x000000067d400000, 0x000000067d400000, 0x000000067d800000|  0%| F|  |TAMS 0x000000067d400000| PB 0x000000067d400000| Untracked |  0
| 502|0x000000067d800000, 0x000000067d800000, 0x000000067dc00000|  0%| F|  |TAMS 0x000000067d800000| PB 0x000000067d800000| Untracked |  0
| 503|0x000000067dc00000, 0x000000067dc00000, 0x000000067e000000|  0%| F|  |TAMS 0x000000067dc00000| PB 0x000000067dc00000| Untracked |  0
| 504|0x000000067e000000, 0x000000067e000000, 0x000000067e400000|  0%| F|  |TAMS 0x000000067e000000| PB 0x000000067e000000| Untracked |  0
| 505|0x000000067e400000, 0x000000067e400000, 0x000000067e800000|  0%| F|  |TAMS 0x000000067e400000| PB 0x000000067e400000| Untracked |  0
| 506|0x000000067e800000, 0x000000067e800000, 0x000000067ec00000|  0%| F|  |TAMS 0x000000067e800000| PB 0x000000067e800000| Untracked |  0
| 507|0x000000067ec00000, 0x000000067ec00000, 0x000000067f000000|  0%| F|  |TAMS 0x000000067ec00000| PB 0x000000067ec00000| Untracked |  0
| 508|0x000000067f000000, 0x000000067f000000, 0x000000067f400000|  0%| F|  |TAMS 0x000000067f000000| PB 0x000000067f000000| Untracked |  0
| 509|0x000000067f400000, 0x000000067f400000, 0x000000067f800000|  0%| F|  |TAMS 0x000000067f400000| PB 0x000000067f400000| Untracked |  0
| 510|0x000000067f800000, 0x000000067f800000, 0x000000067fc00000|  0%| F|  |TAMS 0x000000067f800000| PB 0x000000067f800000| Untracked |  0
| 511|0x000000067fc00000, 0x000000067fc00000, 0x0000000680000000|  0%| F|  |TAMS 0x000000067fc00000| PB 0x000000067fc00000| Untracked |  0
| 512|0x0000000680000000, 0x0000000680000000, 0x0000000680400000|  0%| F|  |TAMS 0x0000000680000000| PB 0x0000000680000000| Untracked |  0
| 513|0x0000000680400000, 0x0000000680400000, 0x0000000680800000|  0%| F|  |TAMS 0x0000000680400000| PB 0x0000000680400000| Untracked |  0
| 514|0x0000000680800000, 0x0000000680800000, 0x0000000680c00000|  0%| F|  |TAMS 0x0000000680800000| PB 0x0000000680800000| Untracked |  0
| 515|0x0000000680c00000, 0x0000000680c00000, 0x0000000681000000|  0%| F|  |TAMS 0x0000000680c00000| PB 0x0000000680c00000| Untracked |  0
| 516|0x0000000681000000, 0x0000000681000000, 0x0000000681400000|  0%| F|  |TAMS 0x0000000681000000| PB 0x0000000681000000| Untracked |  0
| 517|0x0000000681400000, 0x0000000681400000, 0x0000000681800000|  0%| F|  |TAMS 0x0000000681400000| PB 0x0000000681400000| Untracked |  0
| 518|0x0000000681800000, 0x0000000681800000, 0x0000000681c00000|  0%| F|  |TAMS 0x0000000681800000| PB 0x0000000681800000| Untracked |  0
| 519|0x0000000681c00000, 0x0000000681c00000, 0x0000000682000000|  0%| F|  |TAMS 0x0000000681c00000| PB 0x0000000681c00000| Untracked |  0
| 520|0x0000000682000000, 0x0000000682000000, 0x0000000682400000|  0%| F|  |TAMS 0x0000000682000000| PB 0x0000000682000000| Untracked |  0
| 521|0x0000000682400000, 0x0000000682400000, 0x0000000682800000|  0%| F|  |TAMS 0x0000000682400000| PB 0x0000000682400000| Untracked |  0
| 522|0x0000000682800000, 0x0000000682800000, 0x0000000682c00000|  0%| F|  |TAMS 0x0000000682800000| PB 0x0000000682800000| Untracked |  0
| 523|0x0000000682c00000, 0x0000000682c00000, 0x0000000683000000|  0%| F|  |TAMS 0x0000000682c00000| PB 0x0000000682c00000| Untracked |  0
| 524|0x0000000683000000, 0x0000000683000000, 0x0000000683400000|  0%| F|  |TAMS 0x0000000683000000| PB 0x0000000683000000| Untracked |  0
| 525|0x0000000683400000, 0x0000000683400000, 0x0000000683800000|  0%| F|  |TAMS 0x0000000683400000| PB 0x0000000683400000| Untracked |  0
| 526|0x0000000683800000, 0x0000000683800000, 0x0000000683c00000|  0%| F|  |TAMS 0x0000000683800000| PB 0x0000000683800000| Untracked |  0
| 527|0x0000000683c00000, 0x0000000683c00000, 0x0000000684000000|  0%| F|  |TAMS 0x0000000683c00000| PB 0x0000000683c00000| Untracked |  0
| 528|0x0000000684000000, 0x0000000684000000, 0x0000000684400000|  0%| F|  |TAMS 0x0000000684000000| PB 0x0000000684000000| Untracked |  0
| 529|0x0000000684400000, 0x0000000684400000, 0x0000000684800000|  0%| F|  |TAMS 0x0000000684400000| PB 0x0000000684400000| Untracked |  0
| 530|0x0000000684800000, 0x0000000684800000, 0x0000000684c00000|  0%| F|  |TAMS 0x0000000684800000| PB 0x0000000684800000| Untracked |  0
| 531|0x0000000684c00000, 0x0000000684c00000, 0x0000000685000000|  0%| F|  |TAMS 0x0000000684c00000| PB 0x0000000684c00000| Untracked |  0
| 532|0x0000000685000000, 0x0000000685000000, 0x0000000685400000|  0%| F|  |TAMS 0x0000000685000000| PB 0x0000000685000000| Untracked |  0
| 533|0x0000000685400000, 0x0000000685400000, 0x0000000685800000|  0%| F|  |TAMS 0x0000000685400000| PB 0x0000000685400000| Untracked |  0
| 534|0x0000000685800000, 0x0000000685800000, 0x0000000685c00000|  0%| F|  |TAMS 0x0000000685800000| PB 0x0000000685800000| Untracked |  0
| 535|0x0000000685c00000, 0x0000000685c00000, 0x0000000686000000|  0%| F|  |TAMS 0x0000000685c00000| PB 0x0000000685c00000| Untracked |  0
| 536|0x0000000686000000, 0x0000000686000000, 0x0000000686400000|  0%| F|  |TAMS 0x0000000686000000| PB 0x0000000686000000| Untracked |  0
| 537|0x0000000686400000, 0x0000000686400000, 0x0000000686800000|  0%| F|  |TAMS 0x0000000686400000| PB 0x0000000686400000| Untracked |  0
| 538|0x0000000686800000, 0x0000000686800000, 0x0000000686c00000|  0%| F|  |TAMS 0x0000000686800000| PB 0x0000000686800000| Untracked |  0
| 539|0x0000000686c00000, 0x0000000686c00000, 0x0000000687000000|  0%| F|  |TAMS 0x0000000686c00000| PB 0x0000000686c00000| Untracked |  0
| 540|0x0000000687000000, 0x0000000687000000, 0x0000000687400000|  0%| F|  |TAMS 0x0000000687000000| PB 0x0000000687000000| Untracked |  0
| 541|0x0000000687400000, 0x0000000687400000, 0x0000000687800000|  0%| F|  |TAMS 0x0000000687400000| PB 0x0000000687400000| Untracked |  0
| 542|0x0000000687800000, 0x0000000687800000, 0x0000000687c00000|  0%| F|  |TAMS 0x0000000687800000| PB 0x0000000687800000| Untracked |  0
| 543|0x0000000687c00000, 0x0000000687c00000, 0x0000000688000000|  0%| F|  |TAMS 0x0000000687c00000| PB 0x0000000687c00000| Untracked |  0
| 544|0x0000000688000000, 0x0000000688000000, 0x0000000688400000|  0%| F|  |TAMS 0x0000000688000000| PB 0x0000000688000000| Untracked |  0
| 545|0x0000000688400000, 0x0000000688400000, 0x0000000688800000|  0%| F|  |TAMS 0x0000000688400000| PB 0x0000000688400000| Untracked |  0
| 546|0x0000000688800000, 0x0000000688800000, 0x0000000688c00000|  0%| F|  |TAMS 0x0000000688800000| PB 0x0000000688800000| Untracked |  0
| 547|0x0000000688c00000, 0x0000000688c00000, 0x0000000689000000|  0%| F|  |TAMS 0x0000000688c00000| PB 0x0000000688c00000| Untracked |  0
| 548|0x0000000689000000, 0x0000000689000000, 0x0000000689400000|  0%| F|  |TAMS 0x0000000689000000| PB 0x0000000689000000| Untracked |  0
| 549|0x0000000689400000, 0x0000000689400000, 0x0000000689800000|  0%| F|  |TAMS 0x0000000689400000| PB 0x0000000689400000| Untracked |  0
| 550|0x0000000689800000, 0x0000000689800000, 0x0000000689c00000|  0%| F|  |TAMS 0x0000000689800000| PB 0x0000000689800000| Untracked |  0
| 551|0x0000000689c00000, 0x0000000689c00000, 0x000000068a000000|  0%| F|  |TAMS 0x0000000689c00000| PB 0x0000000689c00000| Untracked |  0
| 552|0x000000068a000000, 0x000000068a000000, 0x000000068a400000|  0%| F|  |TAMS 0x000000068a000000| PB 0x000000068a000000| Untracked |  0
| 553|0x000000068a400000, 0x000000068a400000, 0x000000068a800000|  0%| F|  |TAMS 0x000000068a400000| PB 0x000000068a400000| Untracked |  0
| 554|0x000000068a800000, 0x000000068a800000, 0x000000068ac00000|  0%| F|  |TAMS 0x000000068a800000| PB 0x000000068a800000| Untracked |  0
| 555|0x000000068ac00000, 0x000000068ac00000, 0x000000068b000000|  0%| F|  |TAMS 0x000000068ac00000| PB 0x000000068ac00000| Untracked |  0
| 556|0x000000068b000000, 0x000000068b000000, 0x000000068b400000|  0%| F|  |TAMS 0x000000068b000000| PB 0x000000068b000000| Untracked |  0
| 557|0x000000068b400000, 0x000000068b400000, 0x000000068b800000|  0%| F|  |TAMS 0x000000068b400000| PB 0x000000068b400000| Untracked |  0
| 558|0x000000068b800000, 0x000000068b800000, 0x000000068bc00000|  0%| F|  |TAMS 0x000000068b800000| PB 0x000000068b800000| Untracked |  0
| 559|0x000000068bc00000, 0x000000068bc00000, 0x000000068c000000|  0%| F|  |TAMS 0x000000068bc00000| PB 0x000000068bc00000| Untracked |  0
| 560|0x000000068c000000, 0x000000068c000000, 0x000000068c400000|  0%| F|  |TAMS 0x000000068c000000| PB 0x000000068c000000| Untracked |  0
| 561|0x000000068c400000, 0x000000068c400000, 0x000000068c800000|  0%| F|  |TAMS 0x000000068c400000| PB 0x000000068c400000| Untracked |  0
| 562|0x000000068c800000, 0x000000068c800000, 0x000000068cc00000|  0%| F|  |TAMS 0x000000068c800000| PB 0x000000068c800000| Untracked |  0
| 563|0x000000068cc00000, 0x000000068cc00000, 0x000000068d000000|  0%| F|  |TAMS 0x000000068cc00000| PB 0x000000068cc00000| Untracked |  0
| 564|0x000000068d000000, 0x000000068d000000, 0x000000068d400000|  0%| F|  |TAMS 0x000000068d000000| PB 0x000000068d000000| Untracked |  0
| 565|0x000000068d400000, 0x000000068d400000, 0x000000068d800000|  0%| F|  |TAMS 0x000000068d400000| PB 0x000000068d400000| Untracked |  0
| 566|0x000000068d800000, 0x000000068d800000, 0x000000068dc00000|  0%| F|  |TAMS 0x000000068d800000| PB 0x000000068d800000| Untracked |  0
| 567|0x000000068dc00000, 0x000000068dc00000, 0x000000068e000000|  0%| F|  |TAMS 0x000000068dc00000| PB 0x000000068dc00000| Untracked |  0
| 568|0x000000068e000000, 0x000000068e000000, 0x000000068e400000|  0%| F|  |TAMS 0x000000068e000000| PB 0x000000068e000000| Untracked |  0
| 569|0x000000068e400000, 0x000000068e400000, 0x000000068e800000|  0%| F|  |TAMS 0x000000068e400000| PB 0x000000068e400000| Untracked |  0
| 570|0x000000068e800000, 0x000000068e800000, 0x000000068ec00000|  0%| F|  |TAMS 0x000000068e800000| PB 0x000000068e800000| Untracked |  0
| 571|0x000000068ec00000, 0x000000068ec00000, 0x000000068f000000|  0%| F|  |TAMS 0x000000068ec00000| PB 0x000000068ec00000| Untracked |  0
| 572|0x000000068f000000, 0x000000068f000000, 0x000000068f400000|  0%| F|  |TAMS 0x000000068f000000| PB 0x000000068f000000| Untracked |  0
| 573|0x000000068f400000, 0x000000068f400000, 0x000000068f800000|  0%| F|  |TAMS 0x000000068f400000| PB 0x000000068f400000| Untracked |  0
| 574|0x000000068f800000, 0x000000068f800000, 0x000000068fc00000|  0%| F|  |TAMS 0x000000068f800000| PB 0x000000068f800000| Untracked |  0
| 575|0x000000068fc00000, 0x000000068fc00000, 0x0000000690000000|  0%| F|  |TAMS 0x000000068fc00000| PB 0x000000068fc00000| Untracked |  0
| 576|0x0000000690000000, 0x0000000690000000, 0x0000000690400000|  0%| F|  |TAMS 0x0000000690000000| PB 0x0000000690000000| Untracked |  0
| 577|0x0000000690400000, 0x0000000690400000, 0x0000000690800000|  0%| F|  |TAMS 0x0000000690400000| PB 0x0000000690400000| Untracked |  0
| 578|0x0000000690800000, 0x0000000690800000, 0x0000000690c00000|  0%| F|  |TAMS 0x0000000690800000| PB 0x0000000690800000| Untracked |  0
| 579|0x0000000690c00000, 0x0000000690c00000, 0x0000000691000000|  0%| F|  |TAMS 0x0000000690c00000| PB 0x0000000690c00000| Untracked |  0
| 580|0x0000000691000000, 0x0000000691000000, 0x0000000691400000|  0%| F|  |TAMS 0x0000000691000000| PB 0x0000000691000000| Untracked |  0
| 581|0x0000000691400000, 0x0000000691400000, 0x0000000691800000|  0%| F|  |TAMS 0x0000000691400000| PB 0x0000000691400000| Untracked |  0
| 582|0x0000000691800000, 0x0000000691800000, 0x0000000691c00000|  0%| F|  |TAMS 0x0000000691800000| PB 0x0000000691800000| Untracked |  0
| 583|0x0000000691c00000, 0x0000000691c00000, 0x0000000692000000|  0%| F|  |TAMS 0x0000000691c00000| PB 0x0000000691c00000| Untracked |  0
| 584|0x0000000692000000, 0x0000000692000000, 0x0000000692400000|  0%| F|  |TAMS 0x0000000692000000| PB 0x0000000692000000| Untracked |  0
| 585|0x0000000692400000, 0x0000000692400000, 0x0000000692800000|  0%| F|  |TAMS 0x0000000692400000| PB 0x0000000692400000| Untracked |  0
| 586|0x0000000692800000, 0x0000000692800000, 0x0000000692c00000|  0%| F|  |TAMS 0x0000000692800000| PB 0x0000000692800000| Untracked |  0
| 587|0x0000000692c00000, 0x0000000692c00000, 0x0000000693000000|  0%| F|  |TAMS 0x0000000692c00000| PB 0x0000000692c00000| Untracked |  0
| 588|0x0000000693000000, 0x0000000693000000, 0x0000000693400000|  0%| F|  |TAMS 0x0000000693000000| PB 0x0000000693000000| Untracked |  0
| 589|0x0000000693400000, 0x0000000693400000, 0x0000000693800000|  0%| F|  |TAMS 0x0000000693400000| PB 0x0000000693400000| Untracked |  0
| 590|0x0000000693800000, 0x0000000693800000, 0x0000000693c00000|  0%| F|  |TAMS 0x0000000693800000| PB 0x0000000693800000| Untracked |  0
| 591|0x0000000693c00000, 0x0000000693c00000, 0x0000000694000000|  0%| F|  |TAMS 0x0000000693c00000| PB 0x0000000693c00000| Untracked |  0
| 592|0x0000000694000000, 0x0000000694000000, 0x0000000694400000|  0%| F|  |TAMS 0x0000000694000000| PB 0x0000000694000000| Untracked |  0
| 593|0x0000000694400000, 0x0000000694400000, 0x0000000694800000|  0%| F|  |TAMS 0x0000000694400000| PB 0x0000000694400000| Untracked |  0
| 594|0x0000000694800000, 0x0000000694800000, 0x0000000694c00000|  0%| F|  |TAMS 0x0000000694800000| PB 0x0000000694800000| Untracked |  0
| 595|0x0000000694c00000, 0x0000000694c00000, 0x0000000695000000|  0%| F|  |TAMS 0x0000000694c00000| PB 0x0000000694c00000| Untracked |  0
| 596|0x0000000695000000, 0x0000000695000000, 0x0000000695400000|  0%| F|  |TAMS 0x0000000695000000| PB 0x0000000695000000| Untracked |  0
| 597|0x0000000695400000, 0x0000000695400000, 0x0000000695800000|  0%| F|  |TAMS 0x0000000695400000| PB 0x0000000695400000| Untracked |  0
| 598|0x0000000695800000, 0x0000000695800000, 0x0000000695c00000|  0%| F|  |TAMS 0x0000000695800000| PB 0x0000000695800000| Untracked |  0
| 599|0x0000000695c00000, 0x0000000695c00000, 0x0000000696000000|  0%| F|  |TAMS 0x0000000695c00000| PB 0x0000000695c00000| Untracked |  0
| 600|0x0000000696000000, 0x0000000696000000, 0x0000000696400000|  0%| F|  |TAMS 0x0000000696000000| PB 0x0000000696000000| Untracked |  0
| 601|0x0000000696400000, 0x0000000696400000, 0x0000000696800000|  0%| F|  |TAMS 0x0000000696400000| PB 0x0000000696400000| Untracked |  0
| 602|0x0000000696800000, 0x0000000696800000, 0x0000000696c00000|  0%| F|  |TAMS 0x0000000696800000| PB 0x0000000696800000| Untracked |  0
| 603|0x0000000696c00000, 0x0000000696c00000, 0x0000000697000000|  0%| F|  |TAMS 0x0000000696c00000| PB 0x0000000696c00000| Untracked |  0
| 604|0x0000000697000000, 0x0000000697000000, 0x0000000697400000|  0%| F|  |TAMS 0x0000000697000000| PB 0x0000000697000000| Untracked |  0
| 605|0x0000000697400000, 0x0000000697400000, 0x0000000697800000|  0%| F|  |TAMS 0x0000000697400000| PB 0x0000000697400000| Untracked |  0
| 606|0x0000000697800000, 0x0000000697800000, 0x0000000697c00000|  0%| F|  |TAMS 0x0000000697800000| PB 0x0000000697800000| Untracked |  0
| 607|0x0000000697c00000, 0x0000000697c00000, 0x0000000698000000|  0%| F|  |TAMS 0x0000000697c00000| PB 0x0000000697c00000| Untracked |  0
| 608|0x0000000698000000, 0x0000000698000000, 0x0000000698400000|  0%| F|  |TAMS 0x0000000698000000| PB 0x0000000698000000| Untracked |  0
| 609|0x0000000698400000, 0x0000000698400000, 0x0000000698800000|  0%| F|  |TAMS 0x0000000698400000| PB 0x0000000698400000| Untracked |  0
| 610|0x0000000698800000, 0x0000000698800000, 0x0000000698c00000|  0%| F|  |TAMS 0x0000000698800000| PB 0x0000000698800000| Untracked |  0
| 611|0x0000000698c00000, 0x0000000698c00000, 0x0000000699000000|  0%| F|  |TAMS 0x0000000698c00000| PB 0x0000000698c00000| Untracked |  0
| 612|0x0000000699000000, 0x0000000699000000, 0x0000000699400000|  0%| F|  |TAMS 0x0000000699000000| PB 0x0000000699000000| Untracked |  0
| 613|0x0000000699400000, 0x0000000699400000, 0x0000000699800000|  0%| F|  |TAMS 0x0000000699400000| PB 0x0000000699400000| Untracked |  0
| 614|0x0000000699800000, 0x0000000699800000, 0x0000000699c00000|  0%| F|  |TAMS 0x0000000699800000| PB 0x0000000699800000| Untracked |  0
| 615|0x0000000699c00000, 0x0000000699c00000, 0x000000069a000000|  0%| F|  |TAMS 0x0000000699c00000| PB 0x0000000699c00000| Untracked |  0
| 616|0x000000069a000000, 0x000000069a000000, 0x000000069a400000|  0%| F|  |TAMS 0x000000069a000000| PB 0x000000069a000000| Untracked |  0
| 617|0x000000069a400000, 0x000000069a400000, 0x000000069a800000|  0%| F|  |TAMS 0x000000069a400000| PB 0x000000069a400000| Untracked |  0
| 618|0x000000069a800000, 0x000000069a800000, 0x000000069ac00000|  0%| F|  |TAMS 0x000000069a800000| PB 0x000000069a800000| Untracked |  0
| 619|0x000000069ac00000, 0x000000069ac00000, 0x000000069b000000|  0%| F|  |TAMS 0x000000069ac00000| PB 0x000000069ac00000| Untracked |  0
| 620|0x000000069b000000, 0x000000069b000000, 0x000000069b400000|  0%| F|  |TAMS 0x000000069b000000| PB 0x000000069b000000| Untracked |  0
| 621|0x000000069b400000, 0x000000069b400000, 0x000000069b800000|  0%| F|  |TAMS 0x000000069b400000| PB 0x000000069b400000| Untracked |  0
| 622|0x000000069b800000, 0x000000069b800000, 0x000000069bc00000|  0%| F|  |TAMS 0x000000069b800000| PB 0x000000069b800000| Untracked |  0
| 623|0x000000069bc00000, 0x000000069bc00000, 0x000000069c000000|  0%| F|  |TAMS 0x000000069bc00000| PB 0x000000069bc00000| Untracked |  0
| 624|0x000000069c000000, 0x000000069c000000, 0x000000069c400000|  0%| F|  |TAMS 0x000000069c000000| PB 0x000000069c000000| Untracked |  0
| 625|0x000000069c400000, 0x000000069c400000, 0x000000069c800000|  0%| F|  |TAMS 0x000000069c400000| PB 0x000000069c400000| Untracked |  0
| 626|0x000000069c800000, 0x000000069c800000, 0x000000069cc00000|  0%| F|  |TAMS 0x000000069c800000| PB 0x000000069c800000| Untracked |  0
| 627|0x000000069cc00000, 0x000000069cc00000, 0x000000069d000000|  0%| F|  |TAMS 0x000000069cc00000| PB 0x000000069cc00000| Untracked |  0
| 628|0x000000069d000000, 0x000000069d000000, 0x000000069d400000|  0%| F|  |TAMS 0x000000069d000000| PB 0x000000069d000000| Untracked |  0
| 629|0x000000069d400000, 0x000000069d400000, 0x000000069d800000|  0%| F|  |TAMS 0x000000069d400000| PB 0x000000069d400000| Untracked |  0
| 630|0x000000069d800000, 0x000000069d800000, 0x000000069dc00000|  0%| F|  |TAMS 0x000000069d800000| PB 0x000000069d800000| Untracked |  0
| 631|0x000000069dc00000, 0x000000069dc00000, 0x000000069e000000|  0%| F|  |TAMS 0x000000069dc00000| PB 0x000000069dc00000| Untracked |  0
| 632|0x000000069e000000, 0x000000069e000000, 0x000000069e400000|  0%| F|  |TAMS 0x000000069e000000| PB 0x000000069e000000| Untracked |  0
| 633|0x000000069e400000, 0x000000069e400000, 0x000000069e800000|  0%| F|  |TAMS 0x000000069e400000| PB 0x000000069e400000| Untracked |  0
| 634|0x000000069e800000, 0x000000069e800000, 0x000000069ec00000|  0%| F|  |TAMS 0x000000069e800000| PB 0x000000069e800000| Untracked |  0
| 635|0x000000069ec00000, 0x000000069ec00000, 0x000000069f000000|  0%| F|  |TAMS 0x000000069ec00000| PB 0x000000069ec00000| Untracked |  0
| 636|0x000000069f000000, 0x000000069f000000, 0x000000069f400000|  0%| F|  |TAMS 0x000000069f000000| PB 0x000000069f000000| Untracked |  0
| 637|0x000000069f400000, 0x000000069f400000, 0x000000069f800000|  0%| F|  |TAMS 0x000000069f400000| PB 0x000000069f400000| Untracked |  0
| 638|0x000000069f800000, 0x000000069f800000, 0x000000069fc00000|  0%| F|  |TAMS 0x000000069f800000| PB 0x000000069f800000| Untracked |  0
| 639|0x000000069fc00000, 0x000000069fc00000, 0x00000006a0000000|  0%| F|  |TAMS 0x000000069fc00000| PB 0x000000069fc00000| Untracked |  0
| 640|0x00000006a0000000, 0x00000006a0000000, 0x00000006a0400000|  0%| F|  |TAMS 0x00000006a0000000| PB 0x00000006a0000000| Untracked |  0
| 641|0x00000006a0400000, 0x00000006a0400000, 0x00000006a0800000|  0%| F|  |TAMS 0x00000006a0400000| PB 0x00000006a0400000| Untracked |  0
| 642|0x00000006a0800000, 0x00000006a0800000, 0x00000006a0c00000|  0%| F|  |TAMS 0x00000006a0800000| PB 0x00000006a0800000| Untracked |  0
| 643|0x00000006a0c00000, 0x00000006a0c00000, 0x00000006a1000000|  0%| F|  |TAMS 0x00000006a0c00000| PB 0x00000006a0c00000| Untracked |  0
| 644|0x00000006a1000000, 0x00000006a1000000, 0x00000006a1400000|  0%| F|  |TAMS 0x00000006a1000000| PB 0x00000006a1000000| Untracked |  0
| 645|0x00000006a1400000, 0x00000006a1400000, 0x00000006a1800000|  0%| F|  |TAMS 0x00000006a1400000| PB 0x00000006a1400000| Untracked |  0
| 646|0x00000006a1800000, 0x00000006a1800000, 0x00000006a1c00000|  0%| F|  |TAMS 0x00000006a1800000| PB 0x00000006a1800000| Untracked |  0
| 647|0x00000006a1c00000, 0x00000006a1c00000, 0x00000006a2000000|  0%| F|  |TAMS 0x00000006a1c00000| PB 0x00000006a1c00000| Untracked |  0
| 648|0x00000006a2000000, 0x00000006a2000000, 0x00000006a2400000|  0%| F|  |TAMS 0x00000006a2000000| PB 0x00000006a2000000| Untracked |  0
| 649|0x00000006a2400000, 0x00000006a2400000, 0x00000006a2800000|  0%| F|  |TAMS 0x00000006a2400000| PB 0x00000006a2400000| Untracked |  0
| 650|0x00000006a2800000, 0x00000006a2800000, 0x00000006a2c00000|  0%| F|  |TAMS 0x00000006a2800000| PB 0x00000006a2800000| Untracked |  0
| 651|0x00000006a2c00000, 0x00000006a2c00000, 0x00000006a3000000|  0%| F|  |TAMS 0x00000006a2c00000| PB 0x00000006a2c00000| Untracked |  0
| 652|0x00000006a3000000, 0x00000006a3000000, 0x00000006a3400000|  0%| F|  |TAMS 0x00000006a3000000| PB 0x00000006a3000000| Untracked |  0
| 653|0x00000006a3400000, 0x00000006a3400000, 0x00000006a3800000|  0%| F|  |TAMS 0x00000006a3400000| PB 0x00000006a3400000| Untracked |  0
| 654|0x00000006a3800000, 0x00000006a3800000, 0x00000006a3c00000|  0%| F|  |TAMS 0x00000006a3800000| PB 0x00000006a3800000| Untracked |  0
| 655|0x00000006a3c00000, 0x00000006a3c00000, 0x00000006a4000000|  0%| F|  |TAMS 0x00000006a3c00000| PB 0x00000006a3c00000| Untracked |  0
| 656|0x00000006a4000000, 0x00000006a4000000, 0x00000006a4400000|  0%| F|  |TAMS 0x00000006a4000000| PB 0x00000006a4000000| Untracked |  0
| 657|0x00000006a4400000, 0x00000006a4400000, 0x00000006a4800000|  0%| F|  |TAMS 0x00000006a4400000| PB 0x00000006a4400000| Untracked |  0
| 658|0x00000006a4800000, 0x00000006a4800000, 0x00000006a4c00000|  0%| F|  |TAMS 0x00000006a4800000| PB 0x00000006a4800000| Untracked |  0
| 659|0x00000006a4c00000, 0x00000006a4c00000, 0x00000006a5000000|  0%| F|  |TAMS 0x00000006a4c00000| PB 0x00000006a4c00000| Untracked |  0
| 660|0x00000006a5000000, 0x00000006a5000000, 0x00000006a5400000|  0%| F|  |TAMS 0x00000006a5000000| PB 0x00000006a5000000| Untracked |  0
| 661|0x00000006a5400000, 0x00000006a5400000, 0x00000006a5800000|  0%| F|  |TAMS 0x00000006a5400000| PB 0x00000006a5400000| Untracked |  0
| 662|0x00000006a5800000, 0x00000006a5800000, 0x00000006a5c00000|  0%| F|  |TAMS 0x00000006a5800000| PB 0x00000006a5800000| Untracked |  0
| 663|0x00000006a5c00000, 0x00000006a5c00000, 0x00000006a6000000|  0%| F|  |TAMS 0x00000006a5c00000| PB 0x00000006a5c00000| Untracked |  0
| 664|0x00000006a6000000, 0x00000006a6000000, 0x00000006a6400000|  0%| F|  |TAMS 0x00000006a6000000| PB 0x00000006a6000000| Untracked |  0
| 665|0x00000006a6400000, 0x00000006a6400000, 0x00000006a6800000|  0%| F|  |TAMS 0x00000006a6400000| PB 0x00000006a6400000| Untracked |  0
| 666|0x00000006a6800000, 0x00000006a6800000, 0x00000006a6c00000|  0%| F|  |TAMS 0x00000006a6800000| PB 0x00000006a6800000| Untracked |  0
| 667|0x00000006a6c00000, 0x00000006a6c00000, 0x00000006a7000000|  0%| F|  |TAMS 0x00000006a6c00000| PB 0x00000006a6c00000| Untracked |  0
| 668|0x00000006a7000000, 0x00000006a7000000, 0x00000006a7400000|  0%| F|  |TAMS 0x00000006a7000000| PB 0x00000006a7000000| Untracked |  0
| 669|0x00000006a7400000, 0x00000006a7400000, 0x00000006a7800000|  0%| F|  |TAMS 0x00000006a7400000| PB 0x00000006a7400000| Untracked |  0
| 670|0x00000006a7800000, 0x00000006a7800000, 0x00000006a7c00000|  0%| F|  |TAMS 0x00000006a7800000| PB 0x00000006a7800000| Untracked |  0
| 671|0x00000006a7c00000, 0x00000006a7c00000, 0x00000006a8000000|  0%| F|  |TAMS 0x00000006a7c00000| PB 0x00000006a7c00000| Untracked |  0
| 672|0x00000006a8000000, 0x00000006a8000000, 0x00000006a8400000|  0%| F|  |TAMS 0x00000006a8000000| PB 0x00000006a8000000| Untracked |  0
| 673|0x00000006a8400000, 0x00000006a8400000, 0x00000006a8800000|  0%| F|  |TAMS 0x00000006a8400000| PB 0x00000006a8400000| Untracked |  0
| 674|0x00000006a8800000, 0x00000006a8800000, 0x00000006a8c00000|  0%| F|  |TAMS 0x00000006a8800000| PB 0x00000006a8800000| Untracked |  0
| 675|0x00000006a8c00000, 0x00000006a8c00000, 0x00000006a9000000|  0%| F|  |TAMS 0x00000006a8c00000| PB 0x00000006a8c00000| Untracked |  0
| 676|0x00000006a9000000, 0x00000006a9000000, 0x00000006a9400000|  0%| F|  |TAMS 0x00000006a9000000| PB 0x00000006a9000000| Untracked |  0
| 677|0x00000006a9400000, 0x00000006a9400000, 0x00000006a9800000|  0%| F|  |TAMS 0x00000006a9400000| PB 0x00000006a9400000| Untracked |  0
| 678|0x00000006a9800000, 0x00000006a9800000, 0x00000006a9c00000|  0%| F|  |TAMS 0x00000006a9800000| PB 0x00000006a9800000| Untracked |  0
| 679|0x00000006a9c00000, 0x00000006a9c00000, 0x00000006aa000000|  0%| F|  |TAMS 0x00000006a9c00000| PB 0x00000006a9c00000| Untracked |  0
| 680|0x00000006aa000000, 0x00000006aa000000, 0x00000006aa400000|  0%| F|  |TAMS 0x00000006aa000000| PB 0x00000006aa000000| Untracked |  0
| 681|0x00000006aa400000, 0x00000006aa400000, 0x00000006aa800000|  0%| F|  |TAMS 0x00000006aa400000| PB 0x00000006aa400000| Untracked |  0
| 682|0x00000006aa800000, 0x00000006aa800000, 0x00000006aac00000|  0%| F|  |TAMS 0x00000006aa800000| PB 0x00000006aa800000| Untracked |  0
| 683|0x00000006aac00000, 0x00000006aac00000, 0x00000006ab000000|  0%| F|  |TAMS 0x00000006aac00000| PB 0x00000006aac00000| Untracked |  0
| 684|0x00000006ab000000, 0x00000006ab000000, 0x00000006ab400000|  0%| F|  |TAMS 0x00000006ab000000| PB 0x00000006ab000000| Untracked |  0
| 685|0x00000006ab400000, 0x00000006ab400000, 0x00000006ab800000|  0%| F|  |TAMS 0x00000006ab400000| PB 0x00000006ab400000| Untracked |  0
| 686|0x00000006ab800000, 0x00000006ab800000, 0x00000006abc00000|  0%| F|  |TAMS 0x00000006ab800000| PB 0x00000006ab800000| Untracked |  0
| 687|0x00000006abc00000, 0x00000006abc00000, 0x00000006ac000000|  0%| F|  |TAMS 0x00000006abc00000| PB 0x00000006abc00000| Untracked |  0
| 688|0x00000006ac000000, 0x00000006ac000000, 0x00000006ac400000|  0%| F|  |TAMS 0x00000006ac000000| PB 0x00000006ac000000| Untracked |  0
| 689|0x00000006ac400000, 0x00000006ac400000, 0x00000006ac800000|  0%| F|  |TAMS 0x00000006ac400000| PB 0x00000006ac400000| Untracked |  0
| 690|0x00000006ac800000, 0x00000006ac800000, 0x00000006acc00000|  0%| F|  |TAMS 0x00000006ac800000| PB 0x00000006ac800000| Untracked |  0
| 691|0x00000006acc00000, 0x00000006acc00000, 0x00000006ad000000|  0%| F|  |TAMS 0x00000006acc00000| PB 0x00000006acc00000| Untracked |  0
| 692|0x00000006ad000000, 0x00000006ad000000, 0x00000006ad400000|  0%| F|  |TAMS 0x00000006ad000000| PB 0x00000006ad000000| Untracked |  0
| 693|0x00000006ad400000, 0x00000006ad400000, 0x00000006ad800000|  0%| F|  |TAMS 0x00000006ad400000| PB 0x00000006ad400000| Untracked |  0
| 694|0x00000006ad800000, 0x00000006ad800000, 0x00000006adc00000|  0%| F|  |TAMS 0x00000006ad800000| PB 0x00000006ad800000| Untracked |  0
| 695|0x00000006adc00000, 0x00000006adc00000, 0x00000006ae000000|  0%| F|  |TAMS 0x00000006adc00000| PB 0x00000006adc00000| Untracked |  0
| 696|0x00000006ae000000, 0x00000006ae000000, 0x00000006ae400000|  0%| F|  |TAMS 0x00000006ae000000| PB 0x00000006ae000000| Untracked |  0
| 697|0x00000006ae400000, 0x00000006ae400000, 0x00000006ae800000|  0%| F|  |TAMS 0x00000006ae400000| PB 0x00000006ae400000| Untracked |  0
| 698|0x00000006ae800000, 0x00000006ae800000, 0x00000006aec00000|  0%| F|  |TAMS 0x00000006ae800000| PB 0x00000006ae800000| Untracked |  0
| 699|0x00000006aec00000, 0x00000006aec00000, 0x00000006af000000|  0%| F|  |TAMS 0x00000006aec00000| PB 0x00000006aec00000| Untracked |  0
| 700|0x00000006af000000, 0x00000006af000000, 0x00000006af400000|  0%| F|  |TAMS 0x00000006af000000| PB 0x00000006af000000| Untracked |  0
| 701|0x00000006af400000, 0x00000006af400000, 0x00000006af800000|  0%| F|  |TAMS 0x00000006af400000| PB 0x00000006af400000| Untracked |  0
| 702|0x00000006af800000, 0x00000006af800000, 0x00000006afc00000|  0%| F|  |TAMS 0x00000006af800000| PB 0x00000006af800000| Untracked |  0
| 703|0x00000006afc00000, 0x00000006afc00000, 0x00000006b0000000|  0%| F|  |TAMS 0x00000006afc00000| PB 0x00000006afc00000| Untracked |  0
| 704|0x00000006b0000000, 0x00000006b0000000, 0x00000006b0400000|  0%| F|  |TAMS 0x00000006b0000000| PB 0x00000006b0000000| Untracked |  0
| 705|0x00000006b0400000, 0x00000006b0400000, 0x00000006b0800000|  0%| F|  |TAMS 0x00000006b0400000| PB 0x00000006b0400000| Untracked |  0
| 706|0x00000006b0800000, 0x00000006b0800000, 0x00000006b0c00000|  0%| F|  |TAMS 0x00000006b0800000| PB 0x00000006b0800000| Untracked |  0
| 707|0x00000006b0c00000, 0x00000006b0c00000, 0x00000006b1000000|  0%| F|  |TAMS 0x00000006b0c00000| PB 0x00000006b0c00000| Untracked |  0
| 708|0x00000006b1000000, 0x00000006b1000000, 0x00000006b1400000|  0%| F|  |TAMS 0x00000006b1000000| PB 0x00000006b1000000| Untracked |  0
| 709|0x00000006b1400000, 0x00000006b1400000, 0x00000006b1800000|  0%| F|  |TAMS 0x00000006b1400000| PB 0x00000006b1400000| Untracked |  0
| 710|0x00000006b1800000, 0x00000006b1800000, 0x00000006b1c00000|  0%| F|  |TAMS 0x00000006b1800000| PB 0x00000006b1800000| Untracked |  0
| 711|0x00000006b1c00000, 0x00000006b1c00000, 0x00000006b2000000|  0%| F|  |TAMS 0x00000006b1c00000| PB 0x00000006b1c00000| Untracked |  0
| 712|0x00000006b2000000, 0x00000006b2000000, 0x00000006b2400000|  0%| F|  |TAMS 0x00000006b2000000| PB 0x00000006b2000000| Untracked |  0
| 713|0x00000006b2400000, 0x00000006b2400000, 0x00000006b2800000|  0%| F|  |TAMS 0x00000006b2400000| PB 0x00000006b2400000| Untracked |  0
| 714|0x00000006b2800000, 0x00000006b2800000, 0x00000006b2c00000|  0%| F|  |TAMS 0x00000006b2800000| PB 0x00000006b2800000| Untracked |  0
| 715|0x00000006b2c00000, 0x00000006b2c00000, 0x00000006b3000000|  0%| F|  |TAMS 0x00000006b2c00000| PB 0x00000006b2c00000| Untracked |  0
| 716|0x00000006b3000000, 0x00000006b3000000, 0x00000006b3400000|  0%| F|  |TAMS 0x00000006b3000000| PB 0x00000006b3000000| Untracked |  0
| 717|0x00000006b3400000, 0x00000006b3400000, 0x00000006b3800000|  0%| F|  |TAMS 0x00000006b3400000| PB 0x00000006b3400000| Untracked |  0
| 718|0x00000006b3800000, 0x00000006b3800000, 0x00000006b3c00000|  0%| F|  |TAMS 0x00000006b3800000| PB 0x00000006b3800000| Untracked |  0
| 719|0x00000006b3c00000, 0x00000006b3c00000, 0x00000006b4000000|  0%| F|  |TAMS 0x00000006b3c00000| PB 0x00000006b3c00000| Untracked |  0
| 720|0x00000006b4000000, 0x00000006b4000000, 0x00000006b4400000|  0%| F|  |TAMS 0x00000006b4000000| PB 0x00000006b4000000| Untracked |  0
| 721|0x00000006b4400000, 0x00000006b4400000, 0x00000006b4800000|  0%| F|  |TAMS 0x00000006b4400000| PB 0x00000006b4400000| Untracked |  0
| 722|0x00000006b4800000, 0x00000006b4800000, 0x00000006b4c00000|  0%| F|  |TAMS 0x00000006b4800000| PB 0x00000006b4800000| Untracked |  0
| 723|0x00000006b4c00000, 0x00000006b4c00000, 0x00000006b5000000|  0%| F|  |TAMS 0x00000006b4c00000| PB 0x00000006b4c00000| Untracked |  0
| 724|0x00000006b5000000, 0x00000006b5000000, 0x00000006b5400000|  0%| F|  |TAMS 0x00000006b5000000| PB 0x00000006b5000000| Untracked |  0
| 725|0x00000006b5400000, 0x00000006b5400000, 0x00000006b5800000|  0%| F|  |TAMS 0x00000006b5400000| PB 0x00000006b5400000| Untracked |  0
| 726|0x00000006b5800000, 0x00000006b5800000, 0x00000006b5c00000|  0%| F|  |TAMS 0x00000006b5800000| PB 0x00000006b5800000| Untracked |  0
| 727|0x00000006b5c00000, 0x00000006b5c00000, 0x00000006b6000000|  0%| F|  |TAMS 0x00000006b5c00000| PB 0x00000006b5c00000| Untracked |  0
| 728|0x00000006b6000000, 0x00000006b6000000, 0x00000006b6400000|  0%| F|  |TAMS 0x00000006b6000000| PB 0x00000006b6000000| Untracked |  0
| 729|0x00000006b6400000, 0x00000006b6400000, 0x00000006b6800000|  0%| F|  |TAMS 0x00000006b6400000| PB 0x00000006b6400000| Untracked |  0
| 730|0x00000006b6800000, 0x00000006b6800000, 0x00000006b6c00000|  0%| F|  |TAMS 0x00000006b6800000| PB 0x00000006b6800000| Untracked |  0
| 731|0x00000006b6c00000, 0x00000006b6c00000, 0x00000006b7000000|  0%| F|  |TAMS 0x00000006b6c00000| PB 0x00000006b6c00000| Untracked |  0
| 732|0x00000006b7000000, 0x00000006b7000000, 0x00000006b7400000|  0%| F|  |TAMS 0x00000006b7000000| PB 0x00000006b7000000| Untracked |  0
| 733|0x00000006b7400000, 0x00000006b7400000, 0x00000006b7800000|  0%| F|  |TAMS 0x00000006b7400000| PB 0x00000006b7400000| Untracked |  0
| 734|0x00000006b7800000, 0x00000006b7800000, 0x00000006b7c00000|  0%| F|  |TAMS 0x00000006b7800000| PB 0x00000006b7800000| Untracked |  0
| 735|0x00000006b7c00000, 0x00000006b7c00000, 0x00000006b8000000|  0%| F|  |TAMS 0x00000006b7c00000| PB 0x00000006b7c00000| Untracked |  0
| 736|0x00000006b8000000, 0x00000006b8000000, 0x00000006b8400000|  0%| F|  |TAMS 0x00000006b8000000| PB 0x00000006b8000000| Untracked |  0
| 737|0x00000006b8400000, 0x00000006b8400000, 0x00000006b8800000|  0%| F|  |TAMS 0x00000006b8400000| PB 0x00000006b8400000| Untracked |  0
| 738|0x00000006b8800000, 0x00000006b8800000, 0x00000006b8c00000|  0%| F|  |TAMS 0x00000006b8800000| PB 0x00000006b8800000| Untracked |  0
| 739|0x00000006b8c00000, 0x00000006b8c00000, 0x00000006b9000000|  0%| F|  |TAMS 0x00000006b8c00000| PB 0x00000006b8c00000| Untracked |  0
| 740|0x00000006b9000000, 0x00000006b9000000, 0x00000006b9400000|  0%| F|  |TAMS 0x00000006b9000000| PB 0x00000006b9000000| Untracked |  0
| 741|0x00000006b9400000, 0x00000006b9400000, 0x00000006b9800000|  0%| F|  |TAMS 0x00000006b9400000| PB 0x00000006b9400000| Untracked |  0
| 742|0x00000006b9800000, 0x00000006b9800000, 0x00000006b9c00000|  0%| F|  |TAMS 0x00000006b9800000| PB 0x00000006b9800000| Untracked |  0
| 743|0x00000006b9c00000, 0x00000006b9c00000, 0x00000006ba000000|  0%| F|  |TAMS 0x00000006b9c00000| PB 0x00000006b9c00000| Untracked |  0
| 744|0x00000006ba000000, 0x00000006ba000000, 0x00000006ba400000|  0%| F|  |TAMS 0x00000006ba000000| PB 0x00000006ba000000| Untracked |  0
| 745|0x00000006ba400000, 0x00000006ba400000, 0x00000006ba800000|  0%| F|  |TAMS 0x00000006ba400000| PB 0x00000006ba400000| Untracked |  0
| 746|0x00000006ba800000, 0x00000006ba800000, 0x00000006bac00000|  0%| F|  |TAMS 0x00000006ba800000| PB 0x00000006ba800000| Untracked |  0
| 747|0x00000006bac00000, 0x00000006bac00000, 0x00000006bb000000|  0%| F|  |TAMS 0x00000006bac00000| PB 0x00000006bac00000| Untracked |  0
| 748|0x00000006bb000000, 0x00000006bb000000, 0x00000006bb400000|  0%| F|  |TAMS 0x00000006bb000000| PB 0x00000006bb000000| Untracked |  0
| 749|0x00000006bb400000, 0x00000006bb400000, 0x00000006bb800000|  0%| F|  |TAMS 0x00000006bb400000| PB 0x00000006bb400000| Untracked |  0
| 750|0x00000006bb800000, 0x00000006bb800000, 0x00000006bbc00000|  0%| F|  |TAMS 0x00000006bb800000| PB 0x00000006bb800000| Untracked |  0
| 751|0x00000006bbc00000, 0x00000006bbc00000, 0x00000006bc000000|  0%| F|  |TAMS 0x00000006bbc00000| PB 0x00000006bbc00000| Untracked |  0
| 752|0x00000006bc000000, 0x00000006bc000000, 0x00000006bc400000|  0%| F|  |TAMS 0x00000006bc000000| PB 0x00000006bc000000| Untracked |  0
| 753|0x00000006bc400000, 0x00000006bc400000, 0x00000006bc800000|  0%| F|  |TAMS 0x00000006bc400000| PB 0x00000006bc400000| Untracked |  0
| 754|0x00000006bc800000, 0x00000006bc800000, 0x00000006bcc00000|  0%| F|  |TAMS 0x00000006bc800000| PB 0x00000006bc800000| Untracked |  0
| 755|0x00000006bcc00000, 0x00000006bcc00000, 0x00000006bd000000|  0%| F|  |TAMS 0x00000006bcc00000| PB 0x00000006bcc00000| Untracked |  0
| 756|0x00000006bd000000, 0x00000006bd000000, 0x00000006bd400000|  0%| F|  |TAMS 0x00000006bd000000| PB 0x00000006bd000000| Untracked |  0
| 757|0x00000006bd400000, 0x00000006bd400000, 0x00000006bd800000|  0%| F|  |TAMS 0x00000006bd400000| PB 0x00000006bd400000| Untracked |  0
| 758|0x00000006bd800000, 0x00000006bd800000, 0x00000006bdc00000|  0%| F|  |TAMS 0x00000006bd800000| PB 0x00000006bd800000| Untracked |  0
| 759|0x00000006bdc00000, 0x00000006bdc00000, 0x00000006be000000|  0%| F|  |TAMS 0x00000006bdc00000| PB 0x00000006bdc00000| Untracked |  0
| 760|0x00000006be000000, 0x00000006be000000, 0x00000006be400000|  0%| F|  |TAMS 0x00000006be000000| PB 0x00000006be000000| Untracked |  0
| 761|0x00000006be400000, 0x00000006be400000, 0x00000006be800000|  0%| F|  |TAMS 0x00000006be400000| PB 0x00000006be400000| Untracked |  0
| 762|0x00000006be800000, 0x00000006be800000, 0x00000006bec00000|  0%| F|  |TAMS 0x00000006be800000| PB 0x00000006be800000| Untracked |  0
| 763|0x00000006bec00000, 0x00000006bec00000, 0x00000006bf000000|  0%| F|  |TAMS 0x00000006bec00000| PB 0x00000006bec00000| Untracked |  0
| 764|0x00000006bf000000, 0x00000006bf000000, 0x00000006bf400000|  0%| F|  |TAMS 0x00000006bf000000| PB 0x00000006bf000000| Untracked |  0
| 765|0x00000006bf400000, 0x00000006bf400000, 0x00000006bf800000|  0%| F|  |TAMS 0x00000006bf400000| PB 0x00000006bf400000| Untracked |  0
| 766|0x00000006bf800000, 0x00000006bf800000, 0x00000006bfc00000|  0%| F|  |TAMS 0x00000006bf800000| PB 0x00000006bf800000| Untracked |  0
| 767|0x00000006bfc00000, 0x00000006bfc00000, 0x00000006c0000000|  0%| F|  |TAMS 0x00000006bfc00000| PB 0x00000006bfc00000| Untracked |  0
| 768|0x00000006c0000000, 0x00000006c0000000, 0x00000006c0400000|  0%| F|  |TAMS 0x00000006c0000000| PB 0x00000006c0000000| Untracked |  0
| 769|0x00000006c0400000, 0x00000006c0400000, 0x00000006c0800000|  0%| F|  |TAMS 0x00000006c0400000| PB 0x00000006c0400000| Untracked |  0
| 770|0x00000006c0800000, 0x00000006c0800000, 0x00000006c0c00000|  0%| F|  |TAMS 0x00000006c0800000| PB 0x00000006c0800000| Untracked |  0
| 771|0x00000006c0c00000, 0x00000006c0c00000, 0x00000006c1000000|  0%| F|  |TAMS 0x00000006c0c00000| PB 0x00000006c0c00000| Untracked |  0
| 772|0x00000006c1000000, 0x00000006c1000000, 0x00000006c1400000|  0%| F|  |TAMS 0x00000006c1000000| PB 0x00000006c1000000| Untracked |  0
| 773|0x00000006c1400000, 0x00000006c1400000, 0x00000006c1800000|  0%| F|  |TAMS 0x00000006c1400000| PB 0x00000006c1400000| Untracked |  0
| 774|0x00000006c1800000, 0x00000006c1800000, 0x00000006c1c00000|  0%| F|  |TAMS 0x00000006c1800000| PB 0x00000006c1800000| Untracked |  0
| 775|0x00000006c1c00000, 0x00000006c1c00000, 0x00000006c2000000|  0%| F|  |TAMS 0x00000006c1c00000| PB 0x00000006c1c00000| Untracked |  0
| 776|0x00000006c2000000, 0x00000006c2000000, 0x00000006c2400000|  0%| F|  |TAMS 0x00000006c2000000| PB 0x00000006c2000000| Untracked |  0
| 777|0x00000006c2400000, 0x00000006c2400000, 0x00000006c2800000|  0%| F|  |TAMS 0x00000006c2400000| PB 0x00000006c2400000| Untracked |  0
| 778|0x00000006c2800000, 0x00000006c2800000, 0x00000006c2c00000|  0%| F|  |TAMS 0x00000006c2800000| PB 0x00000006c2800000| Untracked |  0
| 779|0x00000006c2c00000, 0x00000006c2c00000, 0x00000006c3000000|  0%| F|  |TAMS 0x00000006c2c00000| PB 0x00000006c2c00000| Untracked |  0
| 780|0x00000006c3000000, 0x00000006c3000000, 0x00000006c3400000|  0%| F|  |TAMS 0x00000006c3000000| PB 0x00000006c3000000| Untracked |  0
| 781|0x00000006c3400000, 0x00000006c3400000, 0x00000006c3800000|  0%| F|  |TAMS 0x00000006c3400000| PB 0x00000006c3400000| Untracked |  0
| 782|0x00000006c3800000, 0x00000006c3800000, 0x00000006c3c00000|  0%| F|  |TAMS 0x00000006c3800000| PB 0x00000006c3800000| Untracked |  0
| 783|0x00000006c3c00000, 0x00000006c3c00000, 0x00000006c4000000|  0%| F|  |TAMS 0x00000006c3c00000| PB 0x00000006c3c00000| Untracked |  0
| 784|0x00000006c4000000, 0x00000006c4000000, 0x00000006c4400000|  0%| F|  |TAMS 0x00000006c4000000| PB 0x00000006c4000000| Untracked |  0
| 785|0x00000006c4400000, 0x00000006c4400000, 0x00000006c4800000|  0%| F|  |TAMS 0x00000006c4400000| PB 0x00000006c4400000| Untracked |  0
| 786|0x00000006c4800000, 0x00000006c4800000, 0x00000006c4c00000|  0%| F|  |TAMS 0x00000006c4800000| PB 0x00000006c4800000| Untracked |  0
| 787|0x00000006c4c00000, 0x00000006c4c00000, 0x00000006c5000000|  0%| F|  |TAMS 0x00000006c4c00000| PB 0x00000006c4c00000| Untracked |  0
| 788|0x00000006c5000000, 0x00000006c5000000, 0x00000006c5400000|  0%| F|  |TAMS 0x00000006c5000000| PB 0x00000006c5000000| Untracked |  0
| 789|0x00000006c5400000, 0x00000006c5400000, 0x00000006c5800000|  0%| F|  |TAMS 0x00000006c5400000| PB 0x00000006c5400000| Untracked |  0
| 790|0x00000006c5800000, 0x00000006c5800000, 0x00000006c5c00000|  0%| F|  |TAMS 0x00000006c5800000| PB 0x00000006c5800000| Untracked |  0
| 791|0x00000006c5c00000, 0x00000006c5c00000, 0x00000006c6000000|  0%| F|  |TAMS 0x00000006c5c00000| PB 0x00000006c5c00000| Untracked |  0
| 792|0x00000006c6000000, 0x00000006c6000000, 0x00000006c6400000|  0%| F|  |TAMS 0x00000006c6000000| PB 0x00000006c6000000| Untracked |  0
| 793|0x00000006c6400000, 0x00000006c6400000, 0x00000006c6800000|  0%| F|  |TAMS 0x00000006c6400000| PB 0x00000006c6400000| Untracked |  0
| 794|0x00000006c6800000, 0x00000006c6800000, 0x00000006c6c00000|  0%| F|  |TAMS 0x00000006c6800000| PB 0x00000006c6800000| Untracked |  0
| 795|0x00000006c6c00000, 0x00000006c6c00000, 0x00000006c7000000|  0%| F|  |TAMS 0x00000006c6c00000| PB 0x00000006c6c00000| Untracked |  0
| 796|0x00000006c7000000, 0x00000006c7000000, 0x00000006c7400000|  0%| F|  |TAMS 0x00000006c7000000| PB 0x00000006c7000000| Untracked |  0
| 797|0x00000006c7400000, 0x00000006c7400000, 0x00000006c7800000|  0%| F|  |TAMS 0x00000006c7400000| PB 0x00000006c7400000| Untracked |  0
| 798|0x00000006c7800000, 0x00000006c7800000, 0x00000006c7c00000|  0%| F|  |TAMS 0x00000006c7800000| PB 0x00000006c7800000| Untracked |  0
| 799|0x00000006c7c00000, 0x00000006c7c00000, 0x00000006c8000000|  0%| F|  |TAMS 0x00000006c7c00000| PB 0x00000006c7c00000| Untracked |  0
| 800|0x00000006c8000000, 0x00000006c8000000, 0x00000006c8400000|  0%| F|  |TAMS 0x00000006c8000000| PB 0x00000006c8000000| Untracked |  0
| 801|0x00000006c8400000, 0x00000006c8400000, 0x00000006c8800000|  0%| F|  |TAMS 0x00000006c8400000| PB 0x00000006c8400000| Untracked |  0
| 802|0x00000006c8800000, 0x00000006c8800000, 0x00000006c8c00000|  0%| F|  |TAMS 0x00000006c8800000| PB 0x00000006c8800000| Untracked |  0
| 803|0x00000006c8c00000, 0x00000006c8c00000, 0x00000006c9000000|  0%| F|  |TAMS 0x00000006c8c00000| PB 0x00000006c8c00000| Untracked |  0
| 804|0x00000006c9000000, 0x00000006c9000000, 0x00000006c9400000|  0%| F|  |TAMS 0x00000006c9000000| PB 0x00000006c9000000| Untracked |  0
| 805|0x00000006c9400000, 0x00000006c9400000, 0x00000006c9800000|  0%| F|  |TAMS 0x00000006c9400000| PB 0x00000006c9400000| Untracked |  0
| 806|0x00000006c9800000, 0x00000006c9800000, 0x00000006c9c00000|  0%| F|  |TAMS 0x00000006c9800000| PB 0x00000006c9800000| Untracked |  0
| 807|0x00000006c9c00000, 0x00000006c9c00000, 0x00000006ca000000|  0%| F|  |TAMS 0x00000006c9c00000| PB 0x00000006c9c00000| Untracked |  0
| 808|0x00000006ca000000, 0x00000006ca000000, 0x00000006ca400000|  0%| F|  |TAMS 0x00000006ca000000| PB 0x00000006ca000000| Untracked |  0
| 809|0x00000006ca400000, 0x00000006ca400000, 0x00000006ca800000|  0%| F|  |TAMS 0x00000006ca400000| PB 0x00000006ca400000| Untracked |  0
| 810|0x00000006ca800000, 0x00000006ca800000, 0x00000006cac00000|  0%| F|  |TAMS 0x00000006ca800000| PB 0x00000006ca800000| Untracked |  0
| 811|0x00000006cac00000, 0x00000006cac00000, 0x00000006cb000000|  0%| F|  |TAMS 0x00000006cac00000| PB 0x00000006cac00000| Untracked |  0
| 812|0x00000006cb000000, 0x00000006cb000000, 0x00000006cb400000|  0%| F|  |TAMS 0x00000006cb000000| PB 0x00000006cb000000| Untracked |  0
| 813|0x00000006cb400000, 0x00000006cb400000, 0x00000006cb800000|  0%| F|  |TAMS 0x00000006cb400000| PB 0x00000006cb400000| Untracked |  0
| 814|0x00000006cb800000, 0x00000006cb800000, 0x00000006cbc00000|  0%| F|  |TAMS 0x00000006cb800000| PB 0x00000006cb800000| Untracked |  0
| 815|0x00000006cbc00000, 0x00000006cbc00000, 0x00000006cc000000|  0%| F|  |TAMS 0x00000006cbc00000| PB 0x00000006cbc00000| Untracked |  0
| 816|0x00000006cc000000, 0x00000006cc000000, 0x00000006cc400000|  0%| F|  |TAMS 0x00000006cc000000| PB 0x00000006cc000000| Untracked |  0
| 817|0x00000006cc400000, 0x00000006cc400000, 0x00000006cc800000|  0%| F|  |TAMS 0x00000006cc400000| PB 0x00000006cc400000| Untracked |  0
| 818|0x00000006cc800000, 0x00000006cc800000, 0x00000006ccc00000|  0%| F|  |TAMS 0x00000006cc800000| PB 0x00000006cc800000| Untracked |  0
| 819|0x00000006ccc00000, 0x00000006ccc00000, 0x00000006cd000000|  0%| F|  |TAMS 0x00000006ccc00000| PB 0x00000006ccc00000| Untracked |  0
| 820|0x00000006cd000000, 0x00000006cd000000, 0x00000006cd400000|  0%| F|  |TAMS 0x00000006cd000000| PB 0x00000006cd000000| Untracked |  0
| 821|0x00000006cd400000, 0x00000006cd400000, 0x00000006cd800000|  0%| F|  |TAMS 0x00000006cd400000| PB 0x00000006cd400000| Untracked |  0
| 822|0x00000006cd800000, 0x00000006cd800000, 0x00000006cdc00000|  0%| F|  |TAMS 0x00000006cd800000| PB 0x00000006cd800000| Untracked |  0
| 823|0x00000006cdc00000, 0x00000006cdc00000, 0x00000006ce000000|  0%| F|  |TAMS 0x00000006cdc00000| PB 0x00000006cdc00000| Untracked |  0
| 824|0x00000006ce000000, 0x00000006ce000000, 0x00000006ce400000|  0%| F|  |TAMS 0x00000006ce000000| PB 0x00000006ce000000| Untracked |  0
| 825|0x00000006ce400000, 0x00000006ce400000, 0x00000006ce800000|  0%| F|  |TAMS 0x00000006ce400000| PB 0x00000006ce400000| Untracked |  0
| 826|0x00000006ce800000, 0x00000006ce800000, 0x00000006cec00000|  0%| F|  |TAMS 0x00000006ce800000| PB 0x00000006ce800000| Untracked |  0
| 827|0x00000006cec00000, 0x00000006cec00000, 0x00000006cf000000|  0%| F|  |TAMS 0x00000006cec00000| PB 0x00000006cec00000| Untracked |  0
| 828|0x00000006cf000000, 0x00000006cf000000, 0x00000006cf400000|  0%| F|  |TAMS 0x00000006cf000000| PB 0x00000006cf000000| Untracked |  0
| 829|0x00000006cf400000, 0x00000006cf400000, 0x00000006cf800000|  0%| F|  |TAMS 0x00000006cf400000| PB 0x00000006cf400000| Untracked |  0
| 830|0x00000006cf800000, 0x00000006cf800000, 0x00000006cfc00000|  0%| F|  |TAMS 0x00000006cf800000| PB 0x00000006cf800000| Untracked |  0
| 831|0x00000006cfc00000, 0x00000006cfc00000, 0x00000006d0000000|  0%| F|  |TAMS 0x00000006cfc00000| PB 0x00000006cfc00000| Untracked |  0
| 832|0x00000006d0000000, 0x00000006d0000000, 0x00000006d0400000|  0%| F|  |TAMS 0x00000006d0000000| PB 0x00000006d0000000| Untracked |  0
| 833|0x00000006d0400000, 0x00000006d0400000, 0x00000006d0800000|  0%| F|  |TAMS 0x00000006d0400000| PB 0x00000006d0400000| Untracked |  0
| 834|0x00000006d0800000, 0x00000006d0800000, 0x00000006d0c00000|  0%| F|  |TAMS 0x00000006d0800000| PB 0x00000006d0800000| Untracked |  0
| 835|0x00000006d0c00000, 0x00000006d0c00000, 0x00000006d1000000|  0%| F|  |TAMS 0x00000006d0c00000| PB 0x00000006d0c00000| Untracked |  0
| 836|0x00000006d1000000, 0x00000006d1000000, 0x00000006d1400000|  0%| F|  |TAMS 0x00000006d1000000| PB 0x00000006d1000000| Untracked |  0
| 837|0x00000006d1400000, 0x00000006d1400000, 0x00000006d1800000|  0%| F|  |TAMS 0x00000006d1400000| PB 0x00000006d1400000| Untracked |  0
| 838|0x00000006d1800000, 0x00000006d1800000, 0x00000006d1c00000|  0%| F|  |TAMS 0x00000006d1800000| PB 0x00000006d1800000| Untracked |  0
| 839|0x00000006d1c00000, 0x00000006d1c00000, 0x00000006d2000000|  0%| F|  |TAMS 0x00000006d1c00000| PB 0x00000006d1c00000| Untracked |  0
| 840|0x00000006d2000000, 0x00000006d2000000, 0x00000006d2400000|  0%| F|  |TAMS 0x00000006d2000000| PB 0x00000006d2000000| Untracked |  0
| 841|0x00000006d2400000, 0x00000006d2400000, 0x00000006d2800000|  0%| F|  |TAMS 0x00000006d2400000| PB 0x00000006d2400000| Untracked |  0
| 842|0x00000006d2800000, 0x00000006d2800000, 0x00000006d2c00000|  0%| F|  |TAMS 0x00000006d2800000| PB 0x00000006d2800000| Untracked |  0
| 843|0x00000006d2c00000, 0x00000006d2c00000, 0x00000006d3000000|  0%| F|  |TAMS 0x00000006d2c00000| PB 0x00000006d2c00000| Untracked |  0
| 844|0x00000006d3000000, 0x00000006d3000000, 0x00000006d3400000|  0%| F|  |TAMS 0x00000006d3000000| PB 0x00000006d3000000| Untracked |  0
| 845|0x00000006d3400000, 0x00000006d3400000, 0x00000006d3800000|  0%| F|  |TAMS 0x00000006d3400000| PB 0x00000006d3400000| Untracked |  0
| 846|0x00000006d3800000, 0x00000006d3800000, 0x00000006d3c00000|  0%| F|  |TAMS 0x00000006d3800000| PB 0x00000006d3800000| Untracked |  0
| 847|0x00000006d3c00000, 0x00000006d3c00000, 0x00000006d4000000|  0%| F|  |TAMS 0x00000006d3c00000| PB 0x00000006d3c00000| Untracked |  0
| 848|0x00000006d4000000, 0x00000006d4000000, 0x00000006d4400000|  0%| F|  |TAMS 0x00000006d4000000| PB 0x00000006d4000000| Untracked |  0
| 849|0x00000006d4400000, 0x00000006d4400000, 0x00000006d4800000|  0%| F|  |TAMS 0x00000006d4400000| PB 0x00000006d4400000| Untracked |  0
| 850|0x00000006d4800000, 0x00000006d4800000, 0x00000006d4c00000|  0%| F|  |TAMS 0x00000006d4800000| PB 0x00000006d4800000| Untracked |  0
| 851|0x00000006d4c00000, 0x00000006d4c00000, 0x00000006d5000000|  0%| F|  |TAMS 0x00000006d4c00000| PB 0x00000006d4c00000| Untracked |  0
| 852|0x00000006d5000000, 0x00000006d5000000, 0x00000006d5400000|  0%| F|  |TAMS 0x00000006d5000000| PB 0x00000006d5000000| Untracked |  0
| 853|0x00000006d5400000, 0x00000006d5400000, 0x00000006d5800000|  0%| F|  |TAMS 0x00000006d5400000| PB 0x00000006d5400000| Untracked |  0
| 854|0x00000006d5800000, 0x00000006d5800000, 0x00000006d5c00000|  0%| F|  |TAMS 0x00000006d5800000| PB 0x00000006d5800000| Untracked |  0
| 855|0x00000006d5c00000, 0x00000006d5c00000, 0x00000006d6000000|  0%| F|  |TAMS 0x00000006d5c00000| PB 0x00000006d5c00000| Untracked |  0
| 856|0x00000006d6000000, 0x00000006d6000000, 0x00000006d6400000|  0%| F|  |TAMS 0x00000006d6000000| PB 0x00000006d6000000| Untracked |  0
| 857|0x00000006d6400000, 0x00000006d6400000, 0x00000006d6800000|  0%| F|  |TAMS 0x00000006d6400000| PB 0x00000006d6400000| Untracked |  0
| 858|0x00000006d6800000, 0x00000006d6800000, 0x00000006d6c00000|  0%| F|  |TAMS 0x00000006d6800000| PB 0x00000006d6800000| Untracked |  0
| 859|0x00000006d6c00000, 0x00000006d6c00000, 0x00000006d7000000|  0%| F|  |TAMS 0x00000006d6c00000| PB 0x00000006d6c00000| Untracked |  0
| 860|0x00000006d7000000, 0x00000006d7000000, 0x00000006d7400000|  0%| F|  |TAMS 0x00000006d7000000| PB 0x00000006d7000000| Untracked |  0
| 861|0x00000006d7400000, 0x00000006d7400000, 0x00000006d7800000|  0%| F|  |TAMS 0x00000006d7400000| PB 0x00000006d7400000| Untracked |  0
| 862|0x00000006d7800000, 0x00000006d7800000, 0x00000006d7c00000|  0%| F|  |TAMS 0x00000006d7800000| PB 0x00000006d7800000| Untracked |  0
| 863|0x00000006d7c00000, 0x00000006d7c00000, 0x00000006d8000000|  0%| F|  |TAMS 0x00000006d7c00000| PB 0x00000006d7c00000| Untracked |  0
| 864|0x00000006d8000000, 0x00000006d8000000, 0x00000006d8400000|  0%| F|  |TAMS 0x00000006d8000000| PB 0x00000006d8000000| Untracked |  0
| 865|0x00000006d8400000, 0x00000006d8400000, 0x00000006d8800000|  0%| F|  |TAMS 0x00000006d8400000| PB 0x00000006d8400000| Untracked |  0
| 866|0x00000006d8800000, 0x00000006d8800000, 0x00000006d8c00000|  0%| F|  |TAMS 0x00000006d8800000| PB 0x00000006d8800000| Untracked |  0
| 867|0x00000006d8c00000, 0x00000006d8c00000, 0x00000006d9000000|  0%| F|  |TAMS 0x00000006d8c00000| PB 0x00000006d8c00000| Untracked |  0
| 868|0x00000006d9000000, 0x00000006d9000000, 0x00000006d9400000|  0%| F|  |TAMS 0x00000006d9000000| PB 0x00000006d9000000| Untracked |  0
| 869|0x00000006d9400000, 0x00000006d9400000, 0x00000006d9800000|  0%| F|  |TAMS 0x00000006d9400000| PB 0x00000006d9400000| Untracked |  0
| 870|0x00000006d9800000, 0x00000006d9800000, 0x00000006d9c00000|  0%| F|  |TAMS 0x00000006d9800000| PB 0x00000006d9800000| Untracked |  0
| 871|0x00000006d9c00000, 0x00000006d9c00000, 0x00000006da000000|  0%| F|  |TAMS 0x00000006d9c00000| PB 0x00000006d9c00000| Untracked |  0
| 872|0x00000006da000000, 0x00000006da000000, 0x00000006da400000|  0%| F|  |TAMS 0x00000006da000000| PB 0x00000006da000000| Untracked |  0
| 873|0x00000006da400000, 0x00000006da400000, 0x00000006da800000|  0%| F|  |TAMS 0x00000006da400000| PB 0x00000006da400000| Untracked |  0
| 874|0x00000006da800000, 0x00000006da800000, 0x00000006dac00000|  0%| F|  |TAMS 0x00000006da800000| PB 0x00000006da800000| Untracked |  0
| 875|0x00000006dac00000, 0x00000006dac00000, 0x00000006db000000|  0%| F|  |TAMS 0x00000006dac00000| PB 0x00000006dac00000| Untracked |  0
| 876|0x00000006db000000, 0x00000006db000000, 0x00000006db400000|  0%| F|  |TAMS 0x00000006db000000| PB 0x00000006db000000| Untracked |  0
| 877|0x00000006db400000, 0x00000006db400000, 0x00000006db800000|  0%| F|  |TAMS 0x00000006db400000| PB 0x00000006db400000| Untracked |  0
| 878|0x00000006db800000, 0x00000006db800000, 0x00000006dbc00000|  0%| F|  |TAMS 0x00000006db800000| PB 0x00000006db800000| Untracked |  0
| 879|0x00000006dbc00000, 0x00000006dbc00000, 0x00000006dc000000|  0%| F|  |TAMS 0x00000006dbc00000| PB 0x00000006dbc00000| Untracked |  0
| 880|0x00000006dc000000, 0x00000006dc000000, 0x00000006dc400000|  0%| F|  |TAMS 0x00000006dc000000| PB 0x00000006dc000000| Untracked |  0
| 881|0x00000006dc400000, 0x00000006dc400000, 0x00000006dc800000|  0%| F|  |TAMS 0x00000006dc400000| PB 0x00000006dc400000| Untracked |  0
| 882|0x00000006dc800000, 0x00000006dc800000, 0x00000006dcc00000|  0%| F|  |TAMS 0x00000006dc800000| PB 0x00000006dc800000| Untracked |  0
| 883|0x00000006dcc00000, 0x00000006dcc00000, 0x00000006dd000000|  0%| F|  |TAMS 0x00000006dcc00000| PB 0x00000006dcc00000| Untracked |  0
| 884|0x00000006dd000000, 0x00000006dd000000, 0x00000006dd400000|  0%| F|  |TAMS 0x00000006dd000000| PB 0x00000006dd000000| Untracked |  0
| 885|0x00000006dd400000, 0x00000006dd400000, 0x00000006dd800000|  0%| F|  |TAMS 0x00000006dd400000| PB 0x00000006dd400000| Untracked |  0
| 886|0x00000006dd800000, 0x00000006dd800000, 0x00000006ddc00000|  0%| F|  |TAMS 0x00000006dd800000| PB 0x00000006dd800000| Untracked |  0
| 887|0x00000006ddc00000, 0x00000006ddc00000, 0x00000006de000000|  0%| F|  |TAMS 0x00000006ddc00000| PB 0x00000006ddc00000| Untracked |  0
| 888|0x00000006de000000, 0x00000006de000000, 0x00000006de400000|  0%| F|  |TAMS 0x00000006de000000| PB 0x00000006de000000| Untracked |  0
| 889|0x00000006de400000, 0x00000006de400000, 0x00000006de800000|  0%| F|  |TAMS 0x00000006de400000| PB 0x00000006de400000| Untracked |  0
| 890|0x00000006de800000, 0x00000006de800000, 0x00000006dec00000|  0%| F|  |TAMS 0x00000006de800000| PB 0x00000006de800000| Untracked |  0
| 891|0x00000006dec00000, 0x00000006dec00000, 0x00000006df000000|  0%| F|  |TAMS 0x00000006dec00000| PB 0x00000006dec00000| Untracked |  0
| 892|0x00000006df000000, 0x00000006df000000, 0x00000006df400000|  0%| F|  |TAMS 0x00000006df000000| PB 0x00000006df000000| Untracked |  0
| 893|0x00000006df400000, 0x00000006df400000, 0x00000006df800000|  0%| F|  |TAMS 0x00000006df400000| PB 0x00000006df400000| Untracked |  0
| 894|0x00000006df800000, 0x00000006df800000, 0x00000006dfc00000|  0%| F|  |TAMS 0x00000006df800000| PB 0x00000006df800000| Untracked |  0
| 895|0x00000006dfc00000, 0x00000006dfc00000, 0x00000006e0000000|  0%| F|  |TAMS 0x00000006dfc00000| PB 0x00000006dfc00000| Untracked |  0
| 896|0x00000006e0000000, 0x00000006e0000000, 0x00000006e0400000|  0%| F|  |TAMS 0x00000006e0000000| PB 0x00000006e0000000| Untracked |  0
| 897|0x00000006e0400000, 0x00000006e0400000, 0x00000006e0800000|  0%| F|  |TAMS 0x00000006e0400000| PB 0x00000006e0400000| Untracked |  0
| 898|0x00000006e0800000, 0x00000006e0800000, 0x00000006e0c00000|  0%| F|  |TAMS 0x00000006e0800000| PB 0x00000006e0800000| Untracked |  0
| 899|0x00000006e0c00000, 0x00000006e0c00000, 0x00000006e1000000|  0%| F|  |TAMS 0x00000006e0c00000| PB 0x00000006e0c00000| Untracked |  0
| 900|0x00000006e1000000, 0x00000006e1000000, 0x00000006e1400000|  0%| F|  |TAMS 0x00000006e1000000| PB 0x00000006e1000000| Untracked |  0
| 901|0x00000006e1400000, 0x00000006e1400000, 0x00000006e1800000|  0%| F|  |TAMS 0x00000006e1400000| PB 0x00000006e1400000| Untracked |  0
| 902|0x00000006e1800000, 0x00000006e1800000, 0x00000006e1c00000|  0%| F|  |TAMS 0x00000006e1800000| PB 0x00000006e1800000| Untracked |  0
| 903|0x00000006e1c00000, 0x00000006e1c00000, 0x00000006e2000000|  0%| F|  |TAMS 0x00000006e1c00000| PB 0x00000006e1c00000| Untracked |  0
| 904|0x00000006e2000000, 0x00000006e2000000, 0x00000006e2400000|  0%| F|  |TAMS 0x00000006e2000000| PB 0x00000006e2000000| Untracked |  0
| 905|0x00000006e2400000, 0x00000006e2400000, 0x00000006e2800000|  0%| F|  |TAMS 0x00000006e2400000| PB 0x00000006e2400000| Untracked |  0
| 906|0x00000006e2800000, 0x00000006e2800000, 0x00000006e2c00000|  0%| F|  |TAMS 0x00000006e2800000| PB 0x00000006e2800000| Untracked |  0
| 907|0x00000006e2c00000, 0x00000006e2c00000, 0x00000006e3000000|  0%| F|  |TAMS 0x00000006e2c00000| PB 0x00000006e2c00000| Untracked |  0
| 908|0x00000006e3000000, 0x00000006e3000000, 0x00000006e3400000|  0%| F|  |TAMS 0x00000006e3000000| PB 0x00000006e3000000| Untracked |  0
| 909|0x00000006e3400000, 0x00000006e3400000, 0x00000006e3800000|  0%| F|  |TAMS 0x00000006e3400000| PB 0x00000006e3400000| Untracked |  0
| 910|0x00000006e3800000, 0x00000006e3800000, 0x00000006e3c00000|  0%| F|  |TAMS 0x00000006e3800000| PB 0x00000006e3800000| Untracked |  0
| 911|0x00000006e3c00000, 0x00000006e3c00000, 0x00000006e4000000|  0%| F|  |TAMS 0x00000006e3c00000| PB 0x00000006e3c00000| Untracked |  0
| 912|0x00000006e4000000, 0x00000006e4000000, 0x00000006e4400000|  0%| F|  |TAMS 0x00000006e4000000| PB 0x00000006e4000000| Untracked |  0
| 913|0x00000006e4400000, 0x00000006e4400000, 0x00000006e4800000|  0%| F|  |TAMS 0x00000006e4400000| PB 0x00000006e4400000| Untracked |  0
| 914|0x00000006e4800000, 0x00000006e4800000, 0x00000006e4c00000|  0%| F|  |TAMS 0x00000006e4800000| PB 0x00000006e4800000| Untracked |  0
| 915|0x00000006e4c00000, 0x00000006e4c00000, 0x00000006e5000000|  0%| F|  |TAMS 0x00000006e4c00000| PB 0x00000006e4c00000| Untracked |  0
| 916|0x00000006e5000000, 0x00000006e5000000, 0x00000006e5400000|  0%| F|  |TAMS 0x00000006e5000000| PB 0x00000006e5000000| Untracked |  0
| 917|0x00000006e5400000, 0x00000006e5400000, 0x00000006e5800000|  0%| F|  |TAMS 0x00000006e5400000| PB 0x00000006e5400000| Untracked |  0
| 918|0x00000006e5800000, 0x00000006e5800000, 0x00000006e5c00000|  0%| F|  |TAMS 0x00000006e5800000| PB 0x00000006e5800000| Untracked |  0
| 919|0x00000006e5c00000, 0x00000006e5c00000, 0x00000006e6000000|  0%| F|  |TAMS 0x00000006e5c00000| PB 0x00000006e5c00000| Untracked |  0
| 920|0x00000006e6000000, 0x00000006e6000000, 0x00000006e6400000|  0%| F|  |TAMS 0x00000006e6000000| PB 0x00000006e6000000| Untracked |  0
| 921|0x00000006e6400000, 0x00000006e6400000, 0x00000006e6800000|  0%| F|  |TAMS 0x00000006e6400000| PB 0x00000006e6400000| Untracked |  0
| 922|0x00000006e6800000, 0x00000006e6800000, 0x00000006e6c00000|  0%| F|  |TAMS 0x00000006e6800000| PB 0x00000006e6800000| Untracked |  0
| 923|0x00000006e6c00000, 0x00000006e6c00000, 0x00000006e7000000|  0%| F|  |TAMS 0x00000006e6c00000| PB 0x00000006e6c00000| Untracked |  0
| 924|0x00000006e7000000, 0x00000006e7000000, 0x00000006e7400000|  0%| F|  |TAMS 0x00000006e7000000| PB 0x00000006e7000000| Untracked |  0
| 925|0x00000006e7400000, 0x00000006e7400000, 0x00000006e7800000|  0%| F|  |TAMS 0x00000006e7400000| PB 0x00000006e7400000| Untracked |  0
| 926|0x00000006e7800000, 0x00000006e7800000, 0x00000006e7c00000|  0%| F|  |TAMS 0x00000006e7800000| PB 0x00000006e7800000| Untracked |  0
| 927|0x00000006e7c00000, 0x00000006e7c00000, 0x00000006e8000000|  0%| F|  |TAMS 0x00000006e7c00000| PB 0x00000006e7c00000| Untracked |  0
| 928|0x00000006e8000000, 0x00000006e8000000, 0x00000006e8400000|  0%| F|  |TAMS 0x00000006e8000000| PB 0x00000006e8000000| Untracked |  0
| 929|0x00000006e8400000, 0x00000006e8400000, 0x00000006e8800000|  0%| F|  |TAMS 0x00000006e8400000| PB 0x00000006e8400000| Untracked |  0
| 930|0x00000006e8800000, 0x00000006e8800000, 0x00000006e8c00000|  0%| F|  |TAMS 0x00000006e8800000| PB 0x00000006e8800000| Untracked |  0
| 931|0x00000006e8c00000, 0x00000006e8c00000, 0x00000006e9000000|  0%| F|  |TAMS 0x00000006e8c00000| PB 0x00000006e8c00000| Untracked |  0
| 932|0x00000006e9000000, 0x00000006e9000000, 0x00000006e9400000|  0%| F|  |TAMS 0x00000006e9000000| PB 0x00000006e9000000| Untracked |  0
| 933|0x00000006e9400000, 0x00000006e9400000, 0x00000006e9800000|  0%| F|  |TAMS 0x00000006e9400000| PB 0x00000006e9400000| Untracked |  0
| 934|0x00000006e9800000, 0x00000006e9800000, 0x00000006e9c00000|  0%| F|  |TAMS 0x00000006e9800000| PB 0x00000006e9800000| Untracked |  0
| 935|0x00000006e9c00000, 0x00000006e9c00000, 0x00000006ea000000|  0%| F|  |TAMS 0x00000006e9c00000| PB 0x00000006e9c00000| Untracked |  0
| 936|0x00000006ea000000, 0x00000006ea000000, 0x00000006ea400000|  0%| F|  |TAMS 0x00000006ea000000| PB 0x00000006ea000000| Untracked |  0
| 937|0x00000006ea400000, 0x00000006ea400000, 0x00000006ea800000|  0%| F|  |TAMS 0x00000006ea400000| PB 0x00000006ea400000| Untracked |  0
| 938|0x00000006ea800000, 0x00000006ea800000, 0x00000006eac00000|  0%| F|  |TAMS 0x00000006ea800000| PB 0x00000006ea800000| Untracked |  0
| 939|0x00000006eac00000, 0x00000006eac00000, 0x00000006eb000000|  0%| F|  |TAMS 0x00000006eac00000| PB 0x00000006eac00000| Untracked |  0
| 940|0x00000006eb000000, 0x00000006eb000000, 0x00000006eb400000|  0%| F|  |TAMS 0x00000006eb000000| PB 0x00000006eb000000| Untracked |  0
| 941|0x00000006eb400000, 0x00000006eb400000, 0x00000006eb800000|  0%| F|  |TAMS 0x00000006eb400000| PB 0x00000006eb400000| Untracked |  0
| 942|0x00000006eb800000, 0x00000006eb800000, 0x00000006ebc00000|  0%| F|  |TAMS 0x00000006eb800000| PB 0x00000006eb800000| Untracked |  0
| 943|0x00000006ebc00000, 0x00000006ebc00000, 0x00000006ec000000|  0%| F|  |TAMS 0x00000006ebc00000| PB 0x00000006ebc00000| Untracked |  0
| 944|0x00000006ec000000, 0x00000006ec000000, 0x00000006ec400000|  0%| F|  |TAMS 0x00000006ec000000| PB 0x00000006ec000000| Untracked |  0
| 945|0x00000006ec400000, 0x00000006ec400000, 0x00000006ec800000|  0%| F|  |TAMS 0x00000006ec400000| PB 0x00000006ec400000| Untracked |  0
| 946|0x00000006ec800000, 0x00000006ec800000, 0x00000006ecc00000|  0%| F|  |TAMS 0x00000006ec800000| PB 0x00000006ec800000| Untracked |  0
| 947|0x00000006ecc00000, 0x00000006ecc00000, 0x00000006ed000000|  0%| F|  |TAMS 0x00000006ecc00000| PB 0x00000006ecc00000| Untracked |  0
| 948|0x00000006ed000000, 0x00000006ed000000, 0x00000006ed400000|  0%| F|  |TAMS 0x00000006ed000000| PB 0x00000006ed000000| Untracked |  0
| 949|0x00000006ed400000, 0x00000006ed400000, 0x00000006ed800000|  0%| F|  |TAMS 0x00000006ed400000| PB 0x00000006ed400000| Untracked |  0
| 950|0x00000006ed800000, 0x00000006ed800000, 0x00000006edc00000|  0%| F|  |TAMS 0x00000006ed800000| PB 0x00000006ed800000| Untracked |  0
| 951|0x00000006edc00000, 0x00000006edc00000, 0x00000006ee000000|  0%| F|  |TAMS 0x00000006edc00000| PB 0x00000006edc00000| Untracked |  0
| 952|0x00000006ee000000, 0x00000006ee000000, 0x00000006ee400000|  0%| F|  |TAMS 0x00000006ee000000| PB 0x00000006ee000000| Untracked |  0
| 953|0x00000006ee400000, 0x00000006ee400000, 0x00000006ee800000|  0%| F|  |TAMS 0x00000006ee400000| PB 0x00000006ee400000| Untracked |  0
| 954|0x00000006ee800000, 0x00000006ee800000, 0x00000006eec00000|  0%| F|  |TAMS 0x00000006ee800000| PB 0x00000006ee800000| Untracked |  0
| 955|0x00000006eec00000, 0x00000006eec00000, 0x00000006ef000000|  0%| F|  |TAMS 0x00000006eec00000| PB 0x00000006eec00000| Untracked |  0
| 956|0x00000006ef000000, 0x00000006ef000000, 0x00000006ef400000|  0%| F|  |TAMS 0x00000006ef000000| PB 0x00000006ef000000| Untracked |  0
| 957|0x00000006ef400000, 0x00000006ef400000, 0x00000006ef800000|  0%| F|  |TAMS 0x00000006ef400000| PB 0x00000006ef400000| Untracked |  0
| 958|0x00000006ef800000, 0x00000006ef800000, 0x00000006efc00000|  0%| F|  |TAMS 0x00000006ef800000| PB 0x00000006ef800000| Untracked |  0
| 959|0x00000006efc00000, 0x00000006efc00000, 0x00000006f0000000|  0%| F|  |TAMS 0x00000006efc00000| PB 0x00000006efc00000| Untracked |  0
| 960|0x00000006f0000000, 0x00000006f0000000, 0x00000006f0400000|  0%| F|  |TAMS 0x00000006f0000000| PB 0x00000006f0000000| Untracked |  0
| 961|0x00000006f0400000, 0x00000006f0400000, 0x00000006f0800000|  0%| F|  |TAMS 0x00000006f0400000| PB 0x00000006f0400000| Untracked |  0
| 962|0x00000006f0800000, 0x00000006f0800000, 0x00000006f0c00000|  0%| F|  |TAMS 0x00000006f0800000| PB 0x00000006f0800000| Untracked |  0
| 963|0x00000006f0c00000, 0x00000006f0c00000, 0x00000006f1000000|  0%| F|  |TAMS 0x00000006f0c00000| PB 0x00000006f0c00000| Untracked |  0
| 964|0x00000006f1000000, 0x00000006f1000000, 0x00000006f1400000|  0%| F|  |TAMS 0x00000006f1000000| PB 0x00000006f1000000| Untracked |  0
| 965|0x00000006f1400000, 0x00000006f1400000, 0x00000006f1800000|  0%| F|  |TAMS 0x00000006f1400000| PB 0x00000006f1400000| Untracked |  0
| 966|0x00000006f1800000, 0x00000006f1800000, 0x00000006f1c00000|  0%| F|  |TAMS 0x00000006f1800000| PB 0x00000006f1800000| Untracked |  0
| 967|0x00000006f1c00000, 0x00000006f1c00000, 0x00000006f2000000|  0%| F|  |TAMS 0x00000006f1c00000| PB 0x00000006f1c00000| Untracked |  0
| 968|0x00000006f2000000, 0x00000006f2000000, 0x00000006f2400000|  0%| F|  |TAMS 0x00000006f2000000| PB 0x00000006f2000000| Untracked |  0
| 969|0x00000006f2400000, 0x00000006f2400000, 0x00000006f2800000|  0%| F|  |TAMS 0x00000006f2400000| PB 0x00000006f2400000| Untracked |  0
| 970|0x00000006f2800000, 0x00000006f2800000, 0x00000006f2c00000|  0%| F|  |TAMS 0x00000006f2800000| PB 0x00000006f2800000| Untracked |  0
| 971|0x00000006f2c00000, 0x00000006f2c00000, 0x00000006f3000000|  0%| F|  |TAMS 0x00000006f2c00000| PB 0x00000006f2c00000| Untracked |  0
| 972|0x00000006f3000000, 0x00000006f3000000, 0x00000006f3400000|  0%| F|  |TAMS 0x00000006f3000000| PB 0x00000006f3000000| Untracked |  0
| 973|0x00000006f3400000, 0x00000006f3400000, 0x00000006f3800000|  0%| F|  |TAMS 0x00000006f3400000| PB 0x00000006f3400000| Untracked |  0
| 974|0x00000006f3800000, 0x00000006f3800000, 0x00000006f3c00000|  0%| F|  |TAMS 0x00000006f3800000| PB 0x00000006f3800000| Untracked |  0
| 975|0x00000006f3c00000, 0x00000006f3c00000, 0x00000006f4000000|  0%| F|  |TAMS 0x00000006f3c00000| PB 0x00000006f3c00000| Untracked |  0
| 976|0x00000006f4000000, 0x00000006f4000000, 0x00000006f4400000|  0%| F|  |TAMS 0x00000006f4000000| PB 0x00000006f4000000| Untracked |  0
| 977|0x00000006f4400000, 0x00000006f4400000, 0x00000006f4800000|  0%| F|  |TAMS 0x00000006f4400000| PB 0x00000006f4400000| Untracked |  0
| 978|0x00000006f4800000, 0x00000006f4800000, 0x00000006f4c00000|  0%| F|  |TAMS 0x00000006f4800000| PB 0x00000006f4800000| Untracked |  0
| 979|0x00000006f4c00000, 0x00000006f4c00000, 0x00000006f5000000|  0%| F|  |TAMS 0x00000006f4c00000| PB 0x00000006f4c00000| Untracked |  0
| 980|0x00000006f5000000, 0x00000006f5000000, 0x00000006f5400000|  0%| F|  |TAMS 0x00000006f5000000| PB 0x00000006f5000000| Untracked |  0
| 981|0x00000006f5400000, 0x00000006f5400000, 0x00000006f5800000|  0%| F|  |TAMS 0x00000006f5400000| PB 0x00000006f5400000| Untracked |  0
| 982|0x00000006f5800000, 0x00000006f5800000, 0x00000006f5c00000|  0%| F|  |TAMS 0x00000006f5800000| PB 0x00000006f5800000| Untracked |  0
| 983|0x00000006f5c00000, 0x00000006f5c00000, 0x00000006f6000000|  0%| F|  |TAMS 0x00000006f5c00000| PB 0x00000006f5c00000| Untracked |  0
| 984|0x00000006f6000000, 0x00000006f6000000, 0x00000006f6400000|  0%| F|  |TAMS 0x00000006f6000000| PB 0x00000006f6000000| Untracked |  0
| 985|0x00000006f6400000, 0x00000006f6400000, 0x00000006f6800000|  0%| F|  |TAMS 0x00000006f6400000| PB 0x00000006f6400000| Untracked |  0
| 986|0x00000006f6800000, 0x00000006f6800000, 0x00000006f6c00000|  0%| F|  |TAMS 0x00000006f6800000| PB 0x00000006f6800000| Untracked |  0
| 987|0x00000006f6c00000, 0x00000006f6c00000, 0x00000006f7000000|  0%| F|  |TAMS 0x00000006f6c00000| PB 0x00000006f6c00000| Untracked |  0
| 988|0x00000006f7000000, 0x00000006f7000000, 0x00000006f7400000|  0%| F|  |TAMS 0x00000006f7000000| PB 0x00000006f7000000| Untracked |  0
| 989|0x00000006f7400000, 0x00000006f7400000, 0x00000006f7800000|  0%| F|  |TAMS 0x00000006f7400000| PB 0x00000006f7400000| Untracked |  0
| 990|0x00000006f7800000, 0x00000006f7800000, 0x00000006f7c00000|  0%| F|  |TAMS 0x00000006f7800000| PB 0x00000006f7800000| Untracked |  0
| 991|0x00000006f7c00000, 0x00000006f7c00000, 0x00000006f8000000|  0%| F|  |TAMS 0x00000006f7c00000| PB 0x00000006f7c00000| Untracked |  0
| 992|0x00000006f8000000, 0x00000006f8000000, 0x00000006f8400000|  0%| F|  |TAMS 0x00000006f8000000| PB 0x00000006f8000000| Untracked |  0
| 993|0x00000006f8400000, 0x00000006f8400000, 0x00000006f8800000|  0%| F|  |TAMS 0x00000006f8400000| PB 0x00000006f8400000| Untracked |  0
| 994|0x00000006f8800000, 0x00000006f8800000, 0x00000006f8c00000|  0%| F|  |TAMS 0x00000006f8800000| PB 0x00000006f8800000| Untracked |  0
| 995|0x00000006f8c00000, 0x00000006f8c00000, 0x00000006f9000000|  0%| F|  |TAMS 0x00000006f8c00000| PB 0x00000006f8c00000| Untracked |  0
| 996|0x00000006f9000000, 0x00000006f9000000, 0x00000006f9400000|  0%| F|  |TAMS 0x00000006f9000000| PB 0x00000006f9000000| Untracked |  0
| 997|0x00000006f9400000, 0x00000006f9400000, 0x00000006f9800000|  0%| F|  |TAMS 0x00000006f9400000| PB 0x00000006f9400000| Untracked |  0
| 998|0x00000006f9800000, 0x00000006f9800000, 0x00000006f9c00000|  0%| F|  |TAMS 0x00000006f9800000| PB 0x00000006f9800000| Untracked |  0
| 999|0x00000006f9c00000, 0x00000006f9c00000, 0x00000006fa000000|  0%| F|  |TAMS 0x00000006f9c00000| PB 0x00000006f9c00000| Untracked |  0
|1000|0x00000006fa000000, 0x00000006fa000000, 0x00000006fa400000|  0%| F|  |TAMS 0x00000006fa000000| PB 0x00000006fa000000| Untracked |  0
|1001|0x00000006fa400000, 0x00000006fa400000, 0x00000006fa800000|  0%| F|  |TAMS 0x00000006fa400000| PB 0x00000006fa400000| Untracked |  0
|1002|0x00000006fa800000, 0x00000006fa800000, 0x00000006fac00000|  0%| F|  |TAMS 0x00000006fa800000| PB 0x00000006fa800000| Untracked |  0
|1003|0x00000006fac00000, 0x00000006fac00000, 0x00000006fb000000|  0%| F|  |TAMS 0x00000006fac00000| PB 0x00000006fac00000| Untracked |  0
|1004|0x00000006fb000000, 0x00000006fb000000, 0x00000006fb400000|  0%| F|  |TAMS 0x00000006fb000000| PB 0x00000006fb000000| Untracked |  0
|1005|0x00000006fb400000, 0x00000006fb400000, 0x00000006fb800000|  0%| F|  |TAMS 0x00000006fb400000| PB 0x00000006fb400000| Untracked |  0
|1006|0x00000006fb800000, 0x00000006fb800000, 0x00000006fbc00000|  0%| F|  |TAMS 0x00000006fb800000| PB 0x00000006fb800000| Untracked |  0
|1007|0x00000006fbc00000, 0x00000006fbc00000, 0x00000006fc000000|  0%| F|  |TAMS 0x00000006fbc00000| PB 0x00000006fbc00000| Untracked |  0
|1008|0x00000006fc000000, 0x00000006fc000000, 0x00000006fc400000|  0%| F|  |TAMS 0x00000006fc000000| PB 0x00000006fc000000| Untracked |  0
|1009|0x00000006fc400000, 0x00000006fc400000, 0x00000006fc800000|  0%| F|  |TAMS 0x00000006fc400000| PB 0x00000006fc400000| Untracked |  0
|1010|0x00000006fc800000, 0x00000006fc800000, 0x00000006fcc00000|  0%| F|  |TAMS 0x00000006fc800000| PB 0x00000006fc800000| Untracked |  0
|1011|0x00000006fcc00000, 0x00000006fcc00000, 0x00000006fd000000|  0%| F|  |TAMS 0x00000006fcc00000| PB 0x00000006fcc00000| Untracked |  0
|1012|0x00000006fd000000, 0x00000006fd000000, 0x00000006fd400000|  0%| F|  |TAMS 0x00000006fd000000| PB 0x00000006fd000000| Untracked |  0
|1013|0x00000006fd400000, 0x00000006fd400000, 0x00000006fd800000|  0%| F|  |TAMS 0x00000006fd400000| PB 0x00000006fd400000| Untracked |  0
|1014|0x00000006fd800000, 0x00000006fd800000, 0x00000006fdc00000|  0%| F|  |TAMS 0x00000006fd800000| PB 0x00000006fd800000| Untracked |  0
|1015|0x00000006fdc00000, 0x00000006fdc00000, 0x00000006fe000000|  0%| F|  |TAMS 0x00000006fdc00000| PB 0x00000006fdc00000| Untracked |  0
|1016|0x00000006fe000000, 0x00000006fe000000, 0x00000006fe400000|  0%| F|  |TAMS 0x00000006fe000000| PB 0x00000006fe000000| Untracked |  0
|1017|0x00000006fe400000, 0x00000006fe400000, 0x00000006fe800000|  0%| F|  |TAMS 0x00000006fe400000| PB 0x00000006fe400000| Untracked |  0
|1018|0x00000006fe800000, 0x00000006fe800000, 0x00000006fec00000|  0%| F|  |TAMS 0x00000006fe800000| PB 0x00000006fe800000| Untracked |  0
|1019|0x00000006fec00000, 0x00000006fec00000, 0x00000006ff000000|  0%| F|  |TAMS 0x00000006fec00000| PB 0x00000006fec00000| Untracked |  0
|1020|0x00000006ff000000, 0x00000006ff000000, 0x00000006ff400000|  0%| F|  |TAMS 0x00000006ff000000| PB 0x00000006ff000000| Untracked |  0
|1021|0x00000006ff400000, 0x00000006ff400000, 0x00000006ff800000|  0%| F|  |TAMS 0x00000006ff400000| PB 0x00000006ff400000| Untracked |  0
|1022|0x00000006ff800000, 0x00000006ff800000, 0x00000006ffc00000|  0%| F|  |TAMS 0x00000006ff800000| PB 0x00000006ff800000| Untracked |  0
|1023|0x00000006ffc00000, 0x00000006ffc00000, 0x0000000700000000|  0%| F|  |TAMS 0x00000006ffc00000| PB 0x00000006ffc00000| Untracked |  0
|1024|0x0000000700000000, 0x0000000700000000, 0x0000000700400000|  0%| F|  |TAMS 0x0000000700000000| PB 0x0000000700000000| Untracked |  0
|1025|0x0000000700400000, 0x0000000700400000, 0x0000000700800000|  0%| F|  |TAMS 0x0000000700400000| PB 0x0000000700400000| Untracked |  0
|1026|0x0000000700800000, 0x0000000700800000, 0x0000000700c00000|  0%| F|  |TAMS 0x0000000700800000| PB 0x0000000700800000| Untracked |  0
|1027|0x0000000700c00000, 0x0000000700c00000, 0x0000000701000000|  0%| F|  |TAMS 0x0000000700c00000| PB 0x0000000700c00000| Untracked |  0
|1028|0x0000000701000000, 0x0000000701000000, 0x0000000701400000|  0%| F|  |TAMS 0x0000000701000000| PB 0x0000000701000000| Untracked |  0
|1029|0x0000000701400000, 0x0000000701400000, 0x0000000701800000|  0%| F|  |TAMS 0x0000000701400000| PB 0x0000000701400000| Untracked |  0
|1030|0x0000000701800000, 0x0000000701800000, 0x0000000701c00000|  0%| F|  |TAMS 0x0000000701800000| PB 0x0000000701800000| Untracked |  0
|1031|0x0000000701c00000, 0x0000000701c00000, 0x0000000702000000|  0%| F|  |TAMS 0x0000000701c00000| PB 0x0000000701c00000| Untracked |  0
|1032|0x0000000702000000, 0x0000000702000000, 0x0000000702400000|  0%| F|  |TAMS 0x0000000702000000| PB 0x0000000702000000| Untracked |  0
|1033|0x0000000702400000, 0x0000000702400000, 0x0000000702800000|  0%| F|  |TAMS 0x0000000702400000| PB 0x0000000702400000| Untracked |  0
|1034|0x0000000702800000, 0x0000000702800000, 0x0000000702c00000|  0%| F|  |TAMS 0x0000000702800000| PB 0x0000000702800000| Untracked |  0
|1035|0x0000000702c00000, 0x0000000702c00000, 0x0000000703000000|  0%| F|  |TAMS 0x0000000702c00000| PB 0x0000000702c00000| Untracked |  0
|1036|0x0000000703000000, 0x0000000703000000, 0x0000000703400000|  0%| F|  |TAMS 0x0000000703000000| PB 0x0000000703000000| Untracked |  0
|1037|0x0000000703400000, 0x0000000703400000, 0x0000000703800000|  0%| F|  |TAMS 0x0000000703400000| PB 0x0000000703400000| Untracked |  0
|1038|0x0000000703800000, 0x0000000703800000, 0x0000000703c00000|  0%| F|  |TAMS 0x0000000703800000| PB 0x0000000703800000| Untracked |  0
|1039|0x0000000703c00000, 0x0000000703c00000, 0x0000000704000000|  0%| F|  |TAMS 0x0000000703c00000| PB 0x0000000703c00000| Untracked |  0
|1040|0x0000000704000000, 0x0000000704000000, 0x0000000704400000|  0%| F|  |TAMS 0x0000000704000000| PB 0x0000000704000000| Untracked |  0
|1041|0x0000000704400000, 0x0000000704400000, 0x0000000704800000|  0%| F|  |TAMS 0x0000000704400000| PB 0x0000000704400000| Untracked |  0
|1042|0x0000000704800000, 0x0000000704800000, 0x0000000704c00000|  0%| F|  |TAMS 0x0000000704800000| PB 0x0000000704800000| Untracked |  0
|1043|0x0000000704c00000, 0x0000000704c00000, 0x0000000705000000|  0%| F|  |TAMS 0x0000000704c00000| PB 0x0000000704c00000| Untracked |  0
|1044|0x0000000705000000, 0x0000000705000000, 0x0000000705400000|  0%| F|  |TAMS 0x0000000705000000| PB 0x0000000705000000| Untracked |  0
|1045|0x0000000705400000, 0x0000000705400000, 0x0000000705800000|  0%| F|  |TAMS 0x0000000705400000| PB 0x0000000705400000| Untracked |  0
|1046|0x0000000705800000, 0x0000000705800000, 0x0000000705c00000|  0%| F|  |TAMS 0x0000000705800000| PB 0x0000000705800000| Untracked |  0
|1047|0x0000000705c00000, 0x0000000705c00000, 0x0000000706000000|  0%| F|  |TAMS 0x0000000705c00000| PB 0x0000000705c00000| Untracked |  0
|1048|0x0000000706000000, 0x0000000706000000, 0x0000000706400000|  0%| F|  |TAMS 0x0000000706000000| PB 0x0000000706000000| Untracked |  0
|1049|0x0000000706400000, 0x0000000706400000, 0x0000000706800000|  0%| F|  |TAMS 0x0000000706400000| PB 0x0000000706400000| Untracked |  0
|1050|0x0000000706800000, 0x0000000706800000, 0x0000000706c00000|  0%| F|  |TAMS 0x0000000706800000| PB 0x0000000706800000| Untracked |  0
|1051|0x0000000706c00000, 0x0000000706c00000, 0x0000000707000000|  0%| F|  |TAMS 0x0000000706c00000| PB 0x0000000706c00000| Untracked |  0
|1052|0x0000000707000000, 0x0000000707000000, 0x0000000707400000|  0%| F|  |TAMS 0x0000000707000000| PB 0x0000000707000000| Untracked |  0
|1053|0x0000000707400000, 0x0000000707400000, 0x0000000707800000|  0%| F|  |TAMS 0x0000000707400000| PB 0x0000000707400000| Untracked |  0
|1054|0x0000000707800000, 0x0000000707800000, 0x0000000707c00000|  0%| F|  |TAMS 0x0000000707800000| PB 0x0000000707800000| Untracked |  0
|1055|0x0000000707c00000, 0x0000000707c00000, 0x0000000708000000|  0%| F|  |TAMS 0x0000000707c00000| PB 0x0000000707c00000| Untracked |  0
|1056|0x0000000708000000, 0x0000000708000000, 0x0000000708400000|  0%| F|  |TAMS 0x0000000708000000| PB 0x0000000708000000| Untracked |  0
|1057|0x0000000708400000, 0x0000000708400000, 0x0000000708800000|  0%| F|  |TAMS 0x0000000708400000| PB 0x0000000708400000| Untracked |  0
|1058|0x0000000708800000, 0x0000000708800000, 0x0000000708c00000|  0%| F|  |TAMS 0x0000000708800000| PB 0x0000000708800000| Untracked |  0
|1059|0x0000000708c00000, 0x0000000708c00000, 0x0000000709000000|  0%| F|  |TAMS 0x0000000708c00000| PB 0x0000000708c00000| Untracked |  0
|1060|0x0000000709000000, 0x0000000709000000, 0x0000000709400000|  0%| F|  |TAMS 0x0000000709000000| PB 0x0000000709000000| Untracked |  0
|1061|0x0000000709400000, 0x0000000709400000, 0x0000000709800000|  0%| F|  |TAMS 0x0000000709400000| PB 0x0000000709400000| Untracked |  0
|1062|0x0000000709800000, 0x0000000709800000, 0x0000000709c00000|  0%| F|  |TAMS 0x0000000709800000| PB 0x0000000709800000| Untracked |  0
|1063|0x0000000709c00000, 0x0000000709c00000, 0x000000070a000000|  0%| F|  |TAMS 0x0000000709c00000| PB 0x0000000709c00000| Untracked |  0
|1064|0x000000070a000000, 0x000000070a000000, 0x000000070a400000|  0%| F|  |TAMS 0x000000070a000000| PB 0x000000070a000000| Untracked |  0
|1065|0x000000070a400000, 0x000000070a400000, 0x000000070a800000|  0%| F|  |TAMS 0x000000070a400000| PB 0x000000070a400000| Untracked |  0
|1066|0x000000070a800000, 0x000000070a800000, 0x000000070ac00000|  0%| F|  |TAMS 0x000000070a800000| PB 0x000000070a800000| Untracked |  0
|1067|0x000000070ac00000, 0x000000070ac00000, 0x000000070b000000|  0%| F|  |TAMS 0x000000070ac00000| PB 0x000000070ac00000| Untracked |  0
|1068|0x000000070b000000, 0x000000070b000000, 0x000000070b400000|  0%| F|  |TAMS 0x000000070b000000| PB 0x000000070b000000| Untracked |  0
|1069|0x000000070b400000, 0x000000070b400000, 0x000000070b800000|  0%| F|  |TAMS 0x000000070b400000| PB 0x000000070b400000| Untracked |  0
|1070|0x000000070b800000, 0x000000070b800000, 0x000000070bc00000|  0%| F|  |TAMS 0x000000070b800000| PB 0x000000070b800000| Untracked |  0
|1071|0x000000070bc00000, 0x000000070bc00000, 0x000000070c000000|  0%| F|  |TAMS 0x000000070bc00000| PB 0x000000070bc00000| Untracked |  0
|1072|0x000000070c000000, 0x000000070c000000, 0x000000070c400000|  0%| F|  |TAMS 0x000000070c000000| PB 0x000000070c000000| Untracked |  0
|1073|0x000000070c400000, 0x000000070c400000, 0x000000070c800000|  0%| F|  |TAMS 0x000000070c400000| PB 0x000000070c400000| Untracked |  0
|1074|0x000000070c800000, 0x000000070c800000, 0x000000070cc00000|  0%| F|  |TAMS 0x000000070c800000| PB 0x000000070c800000| Untracked |  0
|1075|0x000000070cc00000, 0x000000070cc00000, 0x000000070d000000|  0%| F|  |TAMS 0x000000070cc00000| PB 0x000000070cc00000| Untracked |  0
|1076|0x000000070d000000, 0x000000070d000000, 0x000000070d400000|  0%| F|  |TAMS 0x000000070d000000| PB 0x000000070d000000| Untracked |  0
|1077|0x000000070d400000, 0x000000070d400000, 0x000000070d800000|  0%| F|  |TAMS 0x000000070d400000| PB 0x000000070d400000| Untracked |  0
|1078|0x000000070d800000, 0x000000070d800000, 0x000000070dc00000|  0%| F|  |TAMS 0x000000070d800000| PB 0x000000070d800000| Untracked |  0
|1079|0x000000070dc00000, 0x000000070dc00000, 0x000000070e000000|  0%| F|  |TAMS 0x000000070dc00000| PB 0x000000070dc00000| Untracked |  0
|1080|0x000000070e000000, 0x000000070e000000, 0x000000070e400000|  0%| F|  |TAMS 0x000000070e000000| PB 0x000000070e000000| Untracked |  0
|1081|0x000000070e400000, 0x000000070e400000, 0x000000070e800000|  0%| F|  |TAMS 0x000000070e400000| PB 0x000000070e400000| Untracked |  0
|1082|0x000000070e800000, 0x000000070e800000, 0x000000070ec00000|  0%| F|  |TAMS 0x000000070e800000| PB 0x000000070e800000| Untracked |  0
|1083|0x000000070ec00000, 0x000000070ec00000, 0x000000070f000000|  0%| F|  |TAMS 0x000000070ec00000| PB 0x000000070ec00000| Untracked |  0
|1084|0x000000070f000000, 0x000000070f000000, 0x000000070f400000|  0%| F|  |TAMS 0x000000070f000000| PB 0x000000070f000000| Untracked |  0
|1085|0x000000070f400000, 0x000000070f400000, 0x000000070f800000|  0%| F|  |TAMS 0x000000070f400000| PB 0x000000070f400000| Untracked |  0
|1086|0x000000070f800000, 0x000000070f800000, 0x000000070fc00000|  0%| F|  |TAMS 0x000000070f800000| PB 0x000000070f800000| Untracked |  0
|1087|0x000000070fc00000, 0x000000070fc00000, 0x0000000710000000|  0%| F|  |TAMS 0x000000070fc00000| PB 0x000000070fc00000| Untracked |  0
|1088|0x0000000710000000, 0x0000000710000000, 0x0000000710400000|  0%| F|  |TAMS 0x0000000710000000| PB 0x0000000710000000| Untracked |  0
|1089|0x0000000710400000, 0x0000000710400000, 0x0000000710800000|  0%| F|  |TAMS 0x0000000710400000| PB 0x0000000710400000| Untracked |  0
|1090|0x0000000710800000, 0x0000000710800000, 0x0000000710c00000|  0%| F|  |TAMS 0x0000000710800000| PB 0x0000000710800000| Untracked |  0
|1091|0x0000000710c00000, 0x0000000710c00000, 0x0000000711000000|  0%| F|  |TAMS 0x0000000710c00000| PB 0x0000000710c00000| Untracked |  0
|1092|0x0000000711000000, 0x0000000711000000, 0x0000000711400000|  0%| F|  |TAMS 0x0000000711000000| PB 0x0000000711000000| Untracked |  0
|1093|0x0000000711400000, 0x0000000711400000, 0x0000000711800000|  0%| F|  |TAMS 0x0000000711400000| PB 0x0000000711400000| Untracked |  0
|1094|0x0000000711800000, 0x0000000711800000, 0x0000000711c00000|  0%| F|  |TAMS 0x0000000711800000| PB 0x0000000711800000| Untracked |  0
|1095|0x0000000711c00000, 0x0000000711c00000, 0x0000000712000000|  0%| F|  |TAMS 0x0000000711c00000| PB 0x0000000711c00000| Untracked |  0
|1096|0x0000000712000000, 0x0000000712000000, 0x0000000712400000|  0%| F|  |TAMS 0x0000000712000000| PB 0x0000000712000000| Untracked |  0
|1097|0x0000000712400000, 0x0000000712400000, 0x0000000712800000|  0%| F|  |TAMS 0x0000000712400000| PB 0x0000000712400000| Untracked |  0
|1098|0x0000000712800000, 0x0000000712800000, 0x0000000712c00000|  0%| F|  |TAMS 0x0000000712800000| PB 0x0000000712800000| Untracked |  0
|1099|0x0000000712c00000, 0x0000000712c00000, 0x0000000713000000|  0%| F|  |TAMS 0x0000000712c00000| PB 0x0000000712c00000| Untracked |  0
|1100|0x0000000713000000, 0x0000000713000000, 0x0000000713400000|  0%| F|  |TAMS 0x0000000713000000| PB 0x0000000713000000| Untracked |  0
|1101|0x0000000713400000, 0x0000000713400000, 0x0000000713800000|  0%| F|  |TAMS 0x0000000713400000| PB 0x0000000713400000| Untracked |  0
|1102|0x0000000713800000, 0x0000000713800000, 0x0000000713c00000|  0%| F|  |TAMS 0x0000000713800000| PB 0x0000000713800000| Untracked |  0
|1103|0x0000000713c00000, 0x0000000713c00000, 0x0000000714000000|  0%| F|  |TAMS 0x0000000713c00000| PB 0x0000000713c00000| Untracked |  0
|1104|0x0000000714000000, 0x0000000714000000, 0x0000000714400000|  0%| F|  |TAMS 0x0000000714000000| PB 0x0000000714000000| Untracked |  0
|1105|0x0000000714400000, 0x0000000714400000, 0x0000000714800000|  0%| F|  |TAMS 0x0000000714400000| PB 0x0000000714400000| Untracked |  0
|1106|0x0000000714800000, 0x0000000714800000, 0x0000000714c00000|  0%| F|  |TAMS 0x0000000714800000| PB 0x0000000714800000| Untracked |  0
|1107|0x0000000714c00000, 0x0000000714c00000, 0x0000000715000000|  0%| F|  |TAMS 0x0000000714c00000| PB 0x0000000714c00000| Untracked |  0
|1108|0x0000000715000000, 0x0000000715000000, 0x0000000715400000|  0%| F|  |TAMS 0x0000000715000000| PB 0x0000000715000000| Untracked |  0
|1109|0x0000000715400000, 0x0000000715400000, 0x0000000715800000|  0%| F|  |TAMS 0x0000000715400000| PB 0x0000000715400000| Untracked |  0
|1110|0x0000000715800000, 0x0000000715800000, 0x0000000715c00000|  0%| F|  |TAMS 0x0000000715800000| PB 0x0000000715800000| Untracked |  0
|1111|0x0000000715c00000, 0x0000000715c00000, 0x0000000716000000|  0%| F|  |TAMS 0x0000000715c00000| PB 0x0000000715c00000| Untracked |  0
|1112|0x0000000716000000, 0x0000000716000000, 0x0000000716400000|  0%| F|  |TAMS 0x0000000716000000| PB 0x0000000716000000| Untracked |  0
|1113|0x0000000716400000, 0x0000000716400000, 0x0000000716800000|  0%| F|  |TAMS 0x0000000716400000| PB 0x0000000716400000| Untracked |  0
|1114|0x0000000716800000, 0x0000000716800000, 0x0000000716c00000|  0%| F|  |TAMS 0x0000000716800000| PB 0x0000000716800000| Untracked |  0
|1115|0x0000000716c00000, 0x0000000716c00000, 0x0000000717000000|  0%| F|  |TAMS 0x0000000716c00000| PB 0x0000000716c00000| Untracked |  0
|1116|0x0000000717000000, 0x0000000717000000, 0x0000000717400000|  0%| F|  |TAMS 0x0000000717000000| PB 0x0000000717000000| Untracked |  0
|1117|0x0000000717400000, 0x0000000717400000, 0x0000000717800000|  0%| F|  |TAMS 0x0000000717400000| PB 0x0000000717400000| Untracked |  0
|1118|0x0000000717800000, 0x0000000717800000, 0x0000000717c00000|  0%| F|  |TAMS 0x0000000717800000| PB 0x0000000717800000| Untracked |  0
|1119|0x0000000717c00000, 0x0000000717c00000, 0x0000000718000000|  0%| F|  |TAMS 0x0000000717c00000| PB 0x0000000717c00000| Untracked |  0
|1120|0x0000000718000000, 0x0000000718000000, 0x0000000718400000|  0%| F|  |TAMS 0x0000000718000000| PB 0x0000000718000000| Untracked |  0
|1121|0x0000000718400000, 0x0000000718400000, 0x0000000718800000|  0%| F|  |TAMS 0x0000000718400000| PB 0x0000000718400000| Untracked |  0
|1122|0x0000000718800000, 0x0000000718800000, 0x0000000718c00000|  0%| F|  |TAMS 0x0000000718800000| PB 0x0000000718800000| Untracked |  0
|1123|0x0000000718c00000, 0x0000000718c00000, 0x0000000719000000|  0%| F|  |TAMS 0x0000000718c00000| PB 0x0000000718c00000| Untracked |  0
|1124|0x0000000719000000, 0x0000000719000000, 0x0000000719400000|  0%| F|  |TAMS 0x0000000719000000| PB 0x0000000719000000| Untracked |  0
|1125|0x0000000719400000, 0x0000000719400000, 0x0000000719800000|  0%| F|  |TAMS 0x0000000719400000| PB 0x0000000719400000| Untracked |  0
|1126|0x0000000719800000, 0x0000000719800000, 0x0000000719c00000|  0%| F|  |TAMS 0x0000000719800000| PB 0x0000000719800000| Untracked |  0
|1127|0x0000000719c00000, 0x0000000719c00000, 0x000000071a000000|  0%| F|  |TAMS 0x0000000719c00000| PB 0x0000000719c00000| Untracked |  0
|1128|0x000000071a000000, 0x000000071a000000, 0x000000071a400000|  0%| F|  |TAMS 0x000000071a000000| PB 0x000000071a000000| Untracked |  0
|1129|0x000000071a400000, 0x000000071a400000, 0x000000071a800000|  0%| F|  |TAMS 0x000000071a400000| PB 0x000000071a400000| Untracked |  0
|1130|0x000000071a800000, 0x000000071a800000, 0x000000071ac00000|  0%| F|  |TAMS 0x000000071a800000| PB 0x000000071a800000| Untracked |  0
|1131|0x000000071ac00000, 0x000000071ac00000, 0x000000071b000000|  0%| F|  |TAMS 0x000000071ac00000| PB 0x000000071ac00000| Untracked |  0
|1132|0x000000071b000000, 0x000000071b000000, 0x000000071b400000|  0%| F|  |TAMS 0x000000071b000000| PB 0x000000071b000000| Untracked |  0
|1133|0x000000071b400000, 0x000000071b400000, 0x000000071b800000|  0%| F|  |TAMS 0x000000071b400000| PB 0x000000071b400000| Untracked |  0
|1134|0x000000071b800000, 0x000000071b800000, 0x000000071bc00000|  0%| F|  |TAMS 0x000000071b800000| PB 0x000000071b800000| Untracked |  0
|1135|0x000000071bc00000, 0x000000071bc00000, 0x000000071c000000|  0%| F|  |TAMS 0x000000071bc00000| PB 0x000000071bc00000| Untracked |  0
|1136|0x000000071c000000, 0x000000071c000000, 0x000000071c400000|  0%| F|  |TAMS 0x000000071c000000| PB 0x000000071c000000| Untracked |  0
|1137|0x000000071c400000, 0x000000071c400000, 0x000000071c800000|  0%| F|  |TAMS 0x000000071c400000| PB 0x000000071c400000| Untracked |  0
|1138|0x000000071c800000, 0x000000071c800000, 0x000000071cc00000|  0%| F|  |TAMS 0x000000071c800000| PB 0x000000071c800000| Untracked |  0
|1139|0x000000071cc00000, 0x000000071cc00000, 0x000000071d000000|  0%| F|  |TAMS 0x000000071cc00000| PB 0x000000071cc00000| Untracked |  0
|1140|0x000000071d000000, 0x000000071d000000, 0x000000071d400000|  0%| F|  |TAMS 0x000000071d000000| PB 0x000000071d000000| Untracked |  0
|1141|0x000000071d400000, 0x000000071d400000, 0x000000071d800000|  0%| F|  |TAMS 0x000000071d400000| PB 0x000000071d400000| Untracked |  0
|1142|0x000000071d800000, 0x000000071d800000, 0x000000071dc00000|  0%| F|  |TAMS 0x000000071d800000| PB 0x000000071d800000| Untracked |  0
|1143|0x000000071dc00000, 0x000000071dc00000, 0x000000071e000000|  0%| F|  |TAMS 0x000000071dc00000| PB 0x000000071dc00000| Untracked |  0
|1144|0x000000071e000000, 0x000000071e000000, 0x000000071e400000|  0%| F|  |TAMS 0x000000071e000000| PB 0x000000071e000000| Untracked |  0
|1145|0x000000071e400000, 0x000000071e400000, 0x000000071e800000|  0%| F|  |TAMS 0x000000071e400000| PB 0x000000071e400000| Untracked |  0
|1146|0x000000071e800000, 0x000000071e800000, 0x000000071ec00000|  0%| F|  |TAMS 0x000000071e800000| PB 0x000000071e800000| Untracked |  0
|1147|0x000000071ec00000, 0x000000071ec00000, 0x000000071f000000|  0%| F|  |TAMS 0x000000071ec00000| PB 0x000000071ec00000| Untracked |  0
|1148|0x000000071f000000, 0x000000071f000000, 0x000000071f400000|  0%| F|  |TAMS 0x000000071f000000| PB 0x000000071f000000| Untracked |  0
|1149|0x000000071f400000, 0x000000071f400000, 0x000000071f800000|  0%| F|  |TAMS 0x000000071f400000| PB 0x000000071f400000| Untracked |  0
|1150|0x000000071f800000, 0x000000071f800000, 0x000000071fc00000|  0%| F|  |TAMS 0x000000071f800000| PB 0x000000071f800000| Untracked |  0
|1151|0x000000071fc00000, 0x000000071fc00000, 0x0000000720000000|  0%| F|  |TAMS 0x000000071fc00000| PB 0x000000071fc00000| Untracked |  0
|1152|0x0000000720000000, 0x0000000720000000, 0x0000000720400000|  0%| F|  |TAMS 0x0000000720000000| PB 0x0000000720000000| Untracked |  0
|1153|0x0000000720400000, 0x0000000720400000, 0x0000000720800000|  0%| F|  |TAMS 0x0000000720400000| PB 0x0000000720400000| Untracked |  0
|1154|0x0000000720800000, 0x0000000720800000, 0x0000000720c00000|  0%| F|  |TAMS 0x0000000720800000| PB 0x0000000720800000| Untracked |  0
|1155|0x0000000720c00000, 0x0000000720c00000, 0x0000000721000000|  0%| F|  |TAMS 0x0000000720c00000| PB 0x0000000720c00000| Untracked |  0
|1156|0x0000000721000000, 0x0000000721000000, 0x0000000721400000|  0%| F|  |TAMS 0x0000000721000000| PB 0x0000000721000000| Untracked |  0
|1157|0x0000000721400000, 0x0000000721400000, 0x0000000721800000|  0%| F|  |TAMS 0x0000000721400000| PB 0x0000000721400000| Untracked |  0
|1158|0x0000000721800000, 0x0000000721800000, 0x0000000721c00000|  0%| F|  |TAMS 0x0000000721800000| PB 0x0000000721800000| Untracked |  0
|1159|0x0000000721c00000, 0x0000000721c00000, 0x0000000722000000|  0%| F|  |TAMS 0x0000000721c00000| PB 0x0000000721c00000| Untracked |  0
|1160|0x0000000722000000, 0x0000000722000000, 0x0000000722400000|  0%| F|  |TAMS 0x0000000722000000| PB 0x0000000722000000| Untracked |  0
|1161|0x0000000722400000, 0x0000000722400000, 0x0000000722800000|  0%| F|  |TAMS 0x0000000722400000| PB 0x0000000722400000| Untracked |  0
|1162|0x0000000722800000, 0x0000000722800000, 0x0000000722c00000|  0%| F|  |TAMS 0x0000000722800000| PB 0x0000000722800000| Untracked |  0
|1163|0x0000000722c00000, 0x0000000722c00000, 0x0000000723000000|  0%| F|  |TAMS 0x0000000722c00000| PB 0x0000000722c00000| Untracked |  0
|1164|0x0000000723000000, 0x0000000723000000, 0x0000000723400000|  0%| F|  |TAMS 0x0000000723000000| PB 0x0000000723000000| Untracked |  0
|1165|0x0000000723400000, 0x0000000723400000, 0x0000000723800000|  0%| F|  |TAMS 0x0000000723400000| PB 0x0000000723400000| Untracked |  0
|1166|0x0000000723800000, 0x0000000723800000, 0x0000000723c00000|  0%| F|  |TAMS 0x0000000723800000| PB 0x0000000723800000| Untracked |  0
|1167|0x0000000723c00000, 0x0000000723c00000, 0x0000000724000000|  0%| F|  |TAMS 0x0000000723c00000| PB 0x0000000723c00000| Untracked |  0
|1168|0x0000000724000000, 0x0000000724000000, 0x0000000724400000|  0%| F|  |TAMS 0x0000000724000000| PB 0x0000000724000000| Untracked |  0
|1169|0x0000000724400000, 0x0000000724400000, 0x0000000724800000|  0%| F|  |TAMS 0x0000000724400000| PB 0x0000000724400000| Untracked |  0
|1170|0x0000000724800000, 0x0000000724800000, 0x0000000724c00000|  0%| F|  |TAMS 0x0000000724800000| PB 0x0000000724800000| Untracked |  0
|1171|0x0000000724c00000, 0x0000000724c00000, 0x0000000725000000|  0%| F|  |TAMS 0x0000000724c00000| PB 0x0000000724c00000| Untracked |  0
|1172|0x0000000725000000, 0x0000000725000000, 0x0000000725400000|  0%| F|  |TAMS 0x0000000725000000| PB 0x0000000725000000| Untracked |  0
|1173|0x0000000725400000, 0x0000000725400000, 0x0000000725800000|  0%| F|  |TAMS 0x0000000725400000| PB 0x0000000725400000| Untracked |  0
|1174|0x0000000725800000, 0x0000000725800000, 0x0000000725c00000|  0%| F|  |TAMS 0x0000000725800000| PB 0x0000000725800000| Untracked |  0
|1175|0x0000000725c00000, 0x0000000725c00000, 0x0000000726000000|  0%| F|  |TAMS 0x0000000725c00000| PB 0x0000000725c00000| Untracked |  0
|1176|0x0000000726000000, 0x0000000726000000, 0x0000000726400000|  0%| F|  |TAMS 0x0000000726000000| PB 0x0000000726000000| Untracked |  0
|1177|0x0000000726400000, 0x0000000726400000, 0x0000000726800000|  0%| F|  |TAMS 0x0000000726400000| PB 0x0000000726400000| Untracked |  0
|1178|0x0000000726800000, 0x0000000726800000, 0x0000000726c00000|  0%| F|  |TAMS 0x0000000726800000| PB 0x0000000726800000| Untracked |  0
|1179|0x0000000726c00000, 0x0000000726c00000, 0x0000000727000000|  0%| F|  |TAMS 0x0000000726c00000| PB 0x0000000726c00000| Untracked |  0
|1180|0x0000000727000000, 0x0000000727000000, 0x0000000727400000|  0%| F|  |TAMS 0x0000000727000000| PB 0x0000000727000000| Untracked |  0
|1181|0x0000000727400000, 0x0000000727400000, 0x0000000727800000|  0%| F|  |TAMS 0x0000000727400000| PB 0x0000000727400000| Untracked |  0
|1182|0x0000000727800000, 0x0000000727800000, 0x0000000727c00000|  0%| F|  |TAMS 0x0000000727800000| PB 0x0000000727800000| Untracked |  0
|1183|0x0000000727c00000, 0x0000000727c00000, 0x0000000728000000|  0%| F|  |TAMS 0x0000000727c00000| PB 0x0000000727c00000| Untracked |  0
|1184|0x0000000728000000, 0x0000000728000000, 0x0000000728400000|  0%| F|  |TAMS 0x0000000728000000| PB 0x0000000728000000| Untracked |  0
|1185|0x0000000728400000, 0x0000000728400000, 0x0000000728800000|  0%| F|  |TAMS 0x0000000728400000| PB 0x0000000728400000| Untracked |  0
|1186|0x0000000728800000, 0x0000000728800000, 0x0000000728c00000|  0%| F|  |TAMS 0x0000000728800000| PB 0x0000000728800000| Untracked |  0
|1187|0x0000000728c00000, 0x0000000728c00000, 0x0000000729000000|  0%| F|  |TAMS 0x0000000728c00000| PB 0x0000000728c00000| Untracked |  0
|1188|0x0000000729000000, 0x0000000729000000, 0x0000000729400000|  0%| F|  |TAMS 0x0000000729000000| PB 0x0000000729000000| Untracked |  0
|1189|0x0000000729400000, 0x0000000729400000, 0x0000000729800000|  0%| F|  |TAMS 0x0000000729400000| PB 0x0000000729400000| Untracked |  0
|1190|0x0000000729800000, 0x0000000729800000, 0x0000000729c00000|  0%| F|  |TAMS 0x0000000729800000| PB 0x0000000729800000| Untracked |  0
|1191|0x0000000729c00000, 0x0000000729c00000, 0x000000072a000000|  0%| F|  |TAMS 0x0000000729c00000| PB 0x0000000729c00000| Untracked |  0
|1192|0x000000072a000000, 0x000000072a000000, 0x000000072a400000|  0%| F|  |TAMS 0x000000072a000000| PB 0x000000072a000000| Untracked |  0
|1193|0x000000072a400000, 0x000000072a400000, 0x000000072a800000|  0%| F|  |TAMS 0x000000072a400000| PB 0x000000072a400000| Untracked |  0
|1194|0x000000072a800000, 0x000000072a800000, 0x000000072ac00000|  0%| F|  |TAMS 0x000000072a800000| PB 0x000000072a800000| Untracked |  0
|1195|0x000000072ac00000, 0x000000072ac00000, 0x000000072b000000|  0%| F|  |TAMS 0x000000072ac00000| PB 0x000000072ac00000| Untracked |  0
|1196|0x000000072b000000, 0x000000072b000000, 0x000000072b400000|  0%| F|  |TAMS 0x000000072b000000| PB 0x000000072b000000| Untracked |  0
|1197|0x000000072b400000, 0x000000072b400000, 0x000000072b800000|  0%| F|  |TAMS 0x000000072b400000| PB 0x000000072b400000| Untracked |  0
|1198|0x000000072b800000, 0x000000072b800000, 0x000000072bc00000|  0%| F|  |TAMS 0x000000072b800000| PB 0x000000072b800000| Untracked |  0
|1199|0x000000072bc00000, 0x000000072bc00000, 0x000000072c000000|  0%| F|  |TAMS 0x000000072bc00000| PB 0x000000072bc00000| Untracked |  0
|1200|0x000000072c000000, 0x000000072c000000, 0x000000072c400000|  0%| F|  |TAMS 0x000000072c000000| PB 0x000000072c000000| Untracked |  0
|1201|0x000000072c400000, 0x000000072c400000, 0x000000072c800000|  0%| F|  |TAMS 0x000000072c400000| PB 0x000000072c400000| Untracked |  0
|1202|0x000000072c800000, 0x000000072c800000, 0x000000072cc00000|  0%| F|  |TAMS 0x000000072c800000| PB 0x000000072c800000| Untracked |  0
|1203|0x000000072cc00000, 0x000000072cc00000, 0x000000072d000000|  0%| F|  |TAMS 0x000000072cc00000| PB 0x000000072cc00000| Untracked |  0
|1204|0x000000072d000000, 0x000000072d000000, 0x000000072d400000|  0%| F|  |TAMS 0x000000072d000000| PB 0x000000072d000000| Untracked |  0
|1205|0x000000072d400000, 0x000000072d400000, 0x000000072d800000|  0%| F|  |TAMS 0x000000072d400000| PB 0x000000072d400000| Untracked |  0
|1206|0x000000072d800000, 0x000000072d800000, 0x000000072dc00000|  0%| F|  |TAMS 0x000000072d800000| PB 0x000000072d800000| Untracked |  0
|1207|0x000000072dc00000, 0x000000072dc00000, 0x000000072e000000|  0%| F|  |TAMS 0x000000072dc00000| PB 0x000000072dc00000| Untracked |  0
|1208|0x000000072e000000, 0x000000072e000000, 0x000000072e400000|  0%| F|  |TAMS 0x000000072e000000| PB 0x000000072e000000| Untracked |  0
|1209|0x000000072e400000, 0x000000072e400000, 0x000000072e800000|  0%| F|  |TAMS 0x000000072e400000| PB 0x000000072e400000| Untracked |  0
|1210|0x000000072e800000, 0x000000072e800000, 0x000000072ec00000|  0%| F|  |TAMS 0x000000072e800000| PB 0x000000072e800000| Untracked |  0
|1211|0x000000072ec00000, 0x000000072ec00000, 0x000000072f000000|  0%| F|  |TAMS 0x000000072ec00000| PB 0x000000072ec00000| Untracked |  0
|1212|0x000000072f000000, 0x000000072f000000, 0x000000072f400000|  0%| F|  |TAMS 0x000000072f000000| PB 0x000000072f000000| Untracked |  0
|1213|0x000000072f400000, 0x000000072f400000, 0x000000072f800000|  0%| F|  |TAMS 0x000000072f400000| PB 0x000000072f400000| Untracked |  0
|1214|0x000000072f800000, 0x000000072f800000, 0x000000072fc00000|  0%| F|  |TAMS 0x000000072f800000| PB 0x000000072f800000| Untracked |  0
|1215|0x000000072fc00000, 0x000000072fc00000, 0x0000000730000000|  0%| F|  |TAMS 0x000000072fc00000| PB 0x000000072fc00000| Untracked |  0
|1216|0x0000000730000000, 0x0000000730000000, 0x0000000730400000|  0%| F|  |TAMS 0x0000000730000000| PB 0x0000000730000000| Untracked |  0
|1217|0x0000000730400000, 0x0000000730400000, 0x0000000730800000|  0%| F|  |TAMS 0x0000000730400000| PB 0x0000000730400000| Untracked |  0
|1218|0x0000000730800000, 0x0000000730800000, 0x0000000730c00000|  0%| F|  |TAMS 0x0000000730800000| PB 0x0000000730800000| Untracked |  0
|1219|0x0000000730c00000, 0x0000000730c00000, 0x0000000731000000|  0%| F|  |TAMS 0x0000000730c00000| PB 0x0000000730c00000| Untracked |  0
|1220|0x0000000731000000, 0x0000000731000000, 0x0000000731400000|  0%| F|  |TAMS 0x0000000731000000| PB 0x0000000731000000| Untracked |  0
|1221|0x0000000731400000, 0x0000000731400000, 0x0000000731800000|  0%| F|  |TAMS 0x0000000731400000| PB 0x0000000731400000| Untracked |  0
|1222|0x0000000731800000, 0x0000000731800000, 0x0000000731c00000|  0%| F|  |TAMS 0x0000000731800000| PB 0x0000000731800000| Untracked |  0
|1223|0x0000000731c00000, 0x0000000731c00000, 0x0000000732000000|  0%| F|  |TAMS 0x0000000731c00000| PB 0x0000000731c00000| Untracked |  0
|1224|0x0000000732000000, 0x0000000732000000, 0x0000000732400000|  0%| F|  |TAMS 0x0000000732000000| PB 0x0000000732000000| Untracked |  0
|1225|0x0000000732400000, 0x0000000732400000, 0x0000000732800000|  0%| F|  |TAMS 0x0000000732400000| PB 0x0000000732400000| Untracked |  0
|1226|0x0000000732800000, 0x0000000732800000, 0x0000000732c00000|  0%| F|  |TAMS 0x0000000732800000| PB 0x0000000732800000| Untracked |  0
|1227|0x0000000732c00000, 0x0000000732c00000, 0x0000000733000000|  0%| F|  |TAMS 0x0000000732c00000| PB 0x0000000732c00000| Untracked |  0
|1228|0x0000000733000000, 0x0000000733000000, 0x0000000733400000|  0%| F|  |TAMS 0x0000000733000000| PB 0x0000000733000000| Untracked |  0
|1229|0x0000000733400000, 0x0000000733400000, 0x0000000733800000|  0%| F|  |TAMS 0x0000000733400000| PB 0x0000000733400000| Untracked |  0
|1230|0x0000000733800000, 0x000000073399e600, 0x0000000733c00000| 40%| S|CS|TAMS 0x0000000733800000| PB 0x0000000733800000| Complete |  0
|1231|0x0000000733c00000, 0x0000000733c00000, 0x0000000734000000|  0%| F|  |TAMS 0x0000000733c00000| PB 0x0000000733c00000| Untracked |  0
|1232|0x0000000734000000, 0x0000000734000000, 0x0000000734400000|  0%| F|  |TAMS 0x0000000734000000| PB 0x0000000734000000| Untracked |  0
|1233|0x0000000734400000, 0x0000000734400000, 0x0000000734800000|  0%| F|  |TAMS 0x0000000734400000| PB 0x0000000734400000| Untracked |  0
|1234|0x0000000734800000, 0x0000000734800000, 0x0000000734c00000|  0%| F|  |TAMS 0x0000000734800000| PB 0x0000000734800000| Untracked |  0
|1235|0x0000000734c00000, 0x0000000734c00000, 0x0000000735000000|  0%| F|  |TAMS 0x0000000734c00000| PB 0x0000000734c00000| Untracked |  0
|1236|0x0000000735000000, 0x0000000735000000, 0x0000000735400000|  0%| F|  |TAMS 0x0000000735000000| PB 0x0000000735000000| Untracked |  0
|1237|0x0000000735400000, 0x0000000735400000, 0x0000000735800000|  0%| F|  |TAMS 0x0000000735400000| PB 0x0000000735400000| Untracked |  0
|1238|0x0000000735800000, 0x0000000735800000, 0x0000000735c00000|  0%| F|  |TAMS 0x0000000735800000| PB 0x0000000735800000| Untracked |  0
|1239|0x0000000735c00000, 0x0000000735c00000, 0x0000000736000000|  0%| F|  |TAMS 0x0000000735c00000| PB 0x0000000735c00000| Untracked |  0
|1240|0x0000000736000000, 0x0000000736000000, 0x0000000736400000|  0%| F|  |TAMS 0x0000000736000000| PB 0x0000000736000000| Untracked |  0
|1241|0x0000000736400000, 0x0000000736400000, 0x0000000736800000|  0%| F|  |TAMS 0x0000000736400000| PB 0x0000000736400000| Untracked |  0
|1242|0x0000000736800000, 0x0000000736800000, 0x0000000736c00000|  0%| F|  |TAMS 0x0000000736800000| PB 0x0000000736800000| Untracked |  0
|1243|0x0000000736c00000, 0x0000000736c00000, 0x0000000737000000|  0%| F|  |TAMS 0x0000000736c00000| PB 0x0000000736c00000| Untracked |  0
|1244|0x0000000737000000, 0x0000000737000000, 0x0000000737400000|  0%| F|  |TAMS 0x0000000737000000| PB 0x0000000737000000| Untracked |  0
|1245|0x0000000737400000, 0x0000000737400000, 0x0000000737800000|  0%| F|  |TAMS 0x0000000737400000| PB 0x0000000737400000| Untracked |  0
|1246|0x0000000737800000, 0x0000000737800000, 0x0000000737c00000|  0%| F|  |TAMS 0x0000000737800000| PB 0x0000000737800000| Untracked |  0
|1247|0x0000000737c00000, 0x0000000737c00000, 0x0000000738000000|  0%| F|  |TAMS 0x0000000737c00000| PB 0x0000000737c00000| Untracked |  0
|1248|0x0000000738000000, 0x0000000738000000, 0x0000000738400000|  0%| F|  |TAMS 0x0000000738000000| PB 0x0000000738000000| Untracked |  0
|1249|0x0000000738400000, 0x0000000738400000, 0x0000000738800000|  0%| F|  |TAMS 0x0000000738400000| PB 0x0000000738400000| Untracked |  0
|1250|0x0000000738800000, 0x0000000738800000, 0x0000000738c00000|  0%| F|  |TAMS 0x0000000738800000| PB 0x0000000738800000| Untracked |  0
|1251|0x0000000738c00000, 0x0000000738c00000, 0x0000000739000000|  0%| F|  |TAMS 0x0000000738c00000| PB 0x0000000738c00000| Untracked |  0
|1252|0x0000000739000000, 0x0000000739000000, 0x0000000739400000|  0%| F|  |TAMS 0x0000000739000000| PB 0x0000000739000000| Untracked |  0
|1253|0x0000000739400000, 0x0000000739400000, 0x0000000739800000|  0%| F|  |TAMS 0x0000000739400000| PB 0x0000000739400000| Untracked |  0
|1254|0x0000000739800000, 0x0000000739800000, 0x0000000739c00000|  0%| F|  |TAMS 0x0000000739800000| PB 0x0000000739800000| Untracked |  0
|1255|0x0000000739c00000, 0x0000000739c00000, 0x000000073a000000|  0%| F|  |TAMS 0x0000000739c00000| PB 0x0000000739c00000| Untracked |  0
|1256|0x000000073a000000, 0x000000073a000000, 0x000000073a400000|  0%| F|  |TAMS 0x000000073a000000| PB 0x000000073a000000| Untracked |  0
|1257|0x000000073a400000, 0x000000073a400000, 0x000000073a800000|  0%| F|  |TAMS 0x000000073a400000| PB 0x000000073a400000| Untracked |  0
|1258|0x000000073a800000, 0x000000073a800000, 0x000000073ac00000|  0%| F|  |TAMS 0x000000073a800000| PB 0x000000073a800000| Untracked |  0
|1259|0x000000073ac00000, 0x000000073ac00000, 0x000000073b000000|  0%| F|  |TAMS 0x000000073ac00000| PB 0x000000073ac00000| Untracked |  0
|1260|0x000000073b000000, 0x000000073b000000, 0x000000073b400000|  0%| F|  |TAMS 0x000000073b000000| PB 0x000000073b000000| Untracked |  0
|1261|0x000000073b400000, 0x000000073b400000, 0x000000073b800000|  0%| F|  |TAMS 0x000000073b400000| PB 0x000000073b400000| Untracked |  0
|1262|0x000000073b800000, 0x000000073b800000, 0x000000073bc00000|  0%| F|  |TAMS 0x000000073b800000| PB 0x000000073b800000| Untracked |  0
|1263|0x000000073bc00000, 0x000000073bc00000, 0x000000073c000000|  0%| F|  |TAMS 0x000000073bc00000| PB 0x000000073bc00000| Untracked |  0
|1264|0x000000073c000000, 0x000000073c000000, 0x000000073c400000|  0%| F|  |TAMS 0x000000073c000000| PB 0x000000073c000000| Untracked |  0
|1265|0x000000073c400000, 0x000000073c400000, 0x000000073c800000|  0%| F|  |TAMS 0x000000073c400000| PB 0x000000073c400000| Untracked |  0
|1266|0x000000073c800000, 0x000000073c800000, 0x000000073cc00000|  0%| F|  |TAMS 0x000000073c800000| PB 0x000000073c800000| Untracked |  0
|1267|0x000000073cc00000, 0x000000073cc00000, 0x000000073d000000|  0%| F|  |TAMS 0x000000073cc00000| PB 0x000000073cc00000| Untracked |  0
|1268|0x000000073d000000, 0x000000073d000000, 0x000000073d400000|  0%| F|  |TAMS 0x000000073d000000| PB 0x000000073d000000| Untracked |  0
|1269|0x000000073d400000, 0x000000073d400000, 0x000000073d800000|  0%| F|  |TAMS 0x000000073d400000| PB 0x000000073d400000| Untracked |  0
|1270|0x000000073d800000, 0x000000073d800000, 0x000000073dc00000|  0%| F|  |TAMS 0x000000073d800000| PB 0x000000073d800000| Untracked |  0
|1271|0x000000073dc00000, 0x000000073dc00000, 0x000000073e000000|  0%| F|  |TAMS 0x000000073dc00000| PB 0x000000073dc00000| Untracked |  0
|1272|0x000000073e000000, 0x000000073e000000, 0x000000073e400000|  0%| F|  |TAMS 0x000000073e000000| PB 0x000000073e000000| Untracked |  0
|1273|0x000000073e400000, 0x000000073e400000, 0x000000073e800000|  0%| F|  |TAMS 0x000000073e400000| PB 0x000000073e400000| Untracked |  0
|1274|0x000000073e800000, 0x000000073e800000, 0x000000073ec00000|  0%| F|  |TAMS 0x000000073e800000| PB 0x000000073e800000| Untracked |  0
|1275|0x000000073ec00000, 0x000000073ec00000, 0x000000073f000000|  0%| F|  |TAMS 0x000000073ec00000| PB 0x000000073ec00000| Untracked |  0
|1276|0x000000073f000000, 0x000000073f000000, 0x000000073f400000|  0%| F|  |TAMS 0x000000073f000000| PB 0x000000073f000000| Untracked |  0
|1277|0x000000073f400000, 0x000000073f400000, 0x000000073f800000|  0%| F|  |TAMS 0x000000073f400000| PB 0x000000073f400000| Untracked |  0
|1278|0x000000073f800000, 0x000000073f800000, 0x000000073fc00000|  0%| F|  |TAMS 0x000000073f800000| PB 0x000000073f800000| Untracked |  0
|1279|0x000000073fc00000, 0x000000073fc00000, 0x0000000740000000|  0%| F|  |TAMS 0x000000073fc00000| PB 0x000000073fc00000| Untracked |  0
|1280|0x0000000740000000, 0x0000000740000000, 0x0000000740400000|  0%| F|  |TAMS 0x0000000740000000| PB 0x0000000740000000| Untracked |  0
|1281|0x0000000740400000, 0x0000000740400000, 0x0000000740800000|  0%| F|  |TAMS 0x0000000740400000| PB 0x0000000740400000| Untracked |  0
|1282|0x0000000740800000, 0x0000000740800000, 0x0000000740c00000|  0%| F|  |TAMS 0x0000000740800000| PB 0x0000000740800000| Untracked |  0
|1283|0x0000000740c00000, 0x0000000740c00000, 0x0000000741000000|  0%| F|  |TAMS 0x0000000740c00000| PB 0x0000000740c00000| Untracked |  0
|1284|0x0000000741000000, 0x0000000741000000, 0x0000000741400000|  0%| F|  |TAMS 0x0000000741000000| PB 0x0000000741000000| Untracked |  0
|1285|0x0000000741400000, 0x0000000741400000, 0x0000000741800000|  0%| F|  |TAMS 0x0000000741400000| PB 0x0000000741400000| Untracked |  0
|1286|0x0000000741800000, 0x0000000741800000, 0x0000000741c00000|  0%| F|  |TAMS 0x0000000741800000| PB 0x0000000741800000| Untracked |  0
|1287|0x0000000741c00000, 0x0000000741c00000, 0x0000000742000000|  0%| F|  |TAMS 0x0000000741c00000| PB 0x0000000741c00000| Untracked |  0
|1288|0x0000000742000000, 0x0000000742000000, 0x0000000742400000|  0%| F|  |TAMS 0x0000000742000000| PB 0x0000000742000000| Untracked |  0
|1289|0x0000000742400000, 0x0000000742400000, 0x0000000742800000|  0%| F|  |TAMS 0x0000000742400000| PB 0x0000000742400000| Untracked |  0
|1290|0x0000000742800000, 0x0000000742800000, 0x0000000742c00000|  0%| F|  |TAMS 0x0000000742800000| PB 0x0000000742800000| Untracked |  0
|1291|0x0000000742c00000, 0x0000000742c00000, 0x0000000743000000|  0%| F|  |TAMS 0x0000000742c00000| PB 0x0000000742c00000| Untracked |  0
|1292|0x0000000743000000, 0x0000000743000000, 0x0000000743400000|  0%| F|  |TAMS 0x0000000743000000| PB 0x0000000743000000| Untracked |  0
|1293|0x0000000743400000, 0x0000000743400000, 0x0000000743800000|  0%| F|  |TAMS 0x0000000743400000| PB 0x0000000743400000| Untracked |  0
|2045|0x00000007ff400000, 0x00000007ff400000, 0x00000007ff800000|  0%| F|  |TAMS 0x00000007ff400000| PB 0x00000007ff400000| Untracked |  0
|2046|0x00000007ff800000, 0x00000007ffc00000, 0x00000007ffc00000|100%| O|  |TAMS 0x00000007ff800000| PB 0x00000007ff800000| Untracked |  0
|2047|0x00000007ffc00000, 0x0000000800000000, 0x0000000800000000|100%| O|  |TAMS 0x00000007ffc00000| PB 0x00000007ffc00000| Untracked |  0

Card table byte_map: [0x00000295b70c0000,0x00000295b80c0000] _byte_map_base: 0x00000295b40c0000

Marking Bits: (CMBitMap*) 0x0000029592c77650
 Bits: [0x00000295b80c0000, 0x00000295c00c0000)

Polling page: 0x00000295923a0000

Metaspace:
Metaspace        used 342894K, committed 345408K, reserved 1376256K
 class space     used 45870K, committed 47040K, reserved 1048576K

Usage:
  Non-class:    290.06 MB used.
      Class:     44.80 MB used.
       Both:    334.86 MB used.

Virtual space:
  Non-class space:      320.00 MB reserved,     291.38 MB ( 91%) committed,  5 nodes.
      Class space:        1.00 GB reserved,      45.94 MB (  4%) committed,  1 nodes.
             Both:        1.31 GB reserved,     337.31 MB ( 25%) committed. 

Chunk freelists:
   Non-Class:  12.50 MB
       Class:  1.88 MB
        Both:  14.38 MB

MaxMetaspaceSize: 4.00 GB
CompressedClassSpaceSize: 1.00 GB
Initial GC threshold: 21.00 MB
Current GC threshold: 437.19 MB
CDS: off
 - commit_granule_bytes: 65536.
 - commit_granule_words: 8192.
 - virtual_space_node_default_size: 8388608.
 - enlarge_chunks_in_place: 1.
UseCompressedClassPointers 1, UseCompactObjectHeaders 0
Narrow klass pointer bits 32, Max shift 3
Narrow klass base: 0x0000000000000000, Narrow klass shift: 0
Encoding Range: [0x0000000000000000 - 0x0000000100000000), (4294967296 bytes)
Klass Range:    [0x00000000ad000000 - 0x00000000ed000000), (1073741824 bytes)
Klass ID Range:  [2902458368 - 3976200185) (1073741817)
No protection zone.


Internal statistics:

num_allocs_failed_limit: 6.
num_arena_births: 4974.
num_arena_deaths: 8.
num_vsnodes_births: 6.
num_vsnodes_deaths: 0.
num_space_committed: 5397.
num_space_uncommitted: 4.
num_chunks_returned_to_freelist: 46.
num_chunks_taken_from_freelist: 17975.
num_chunk_merges: 12.
num_chunk_splits: 13181.
num_chunks_enlarged: 10035.
num_inconsistent_stats: 0.

CodeHeap 'non-profiled nmethods': size=259264Kb used=25399Kb max_used=25881Kb free=233864Kb
 bounds [0x00000295a6390000, 0x00000295a7ce0000, 0x00000295b60c0000]
CodeHeap 'profiled nmethods': size=259328Kb used=73202Kb max_used=77292Kb free=186125Kb
 bounds [0x00000295960c0000, 0x000002959ac40000, 0x00000295a5e00000]
CodeHeap 'non-nmethods': size=5696Kb used=2597Kb max_used=2747Kb free=3098Kb
 bounds [0x00000295a5e00000, 0x00000295a60c0000, 0x00000295a6390000]
CodeCache: size=524288Kb, used=101198Kb, max_used=105920Kb, free=423087Kb
 total_blobs=41505, nmethods=40077, adapters=1329, full_count=0
Compilation: enabled, stopped_count=0, restarted_count=0

Compilation events (20 events):
Event: 2768.920 Thread 0x00000295c02f3880 nmethod 53809 0x00000295976e6508 code [0x00000295976e6600, 0x00000295976e67d0]
Event: 2769.381 Thread 0x00000295c02d0610 nmethod 53808 0x00000295a6ca8788 code [0x00000295a6ca8880, 0x00000295a6ca8d68]
Event: 2770.442 Thread 0x00000295c02f3880 53810       3       com.android.tools.r8.shaking.b2::a (17 bytes)
Event: 2770.571 Thread 0x00000295c02f3880 nmethod 53810 0x0000029598e85e88 code [0x0000029598e85f80, 0x0000029598e86308]
Event: 2770.571 Thread 0x00000295c02f3880 53811       3       com.android.tools.r8.shaking.p0::c (98 bytes)
Event: 2770.572 Thread 0x00000295c02f3880 nmethod 53811 0x0000029598e85508 code [0x0000029598e85600, 0x0000029598e85e28]
Event: 2771.674 Thread 0x00000295c02d0610 53813       4       com.android.tools.r8.graph.r9::d (185 bytes)
Event: 2771.746 Thread 0x00000295c02d0610 nmethod 53813 0x00000295a6b6a088 code [0x00000295a6b6a180, 0x00000295a6b6acb8]
Event: 2772.070 Thread 0x00000295c02f3880 53814       3       java.io.WinNTFileSystem::resolve (349 bytes)
Event: 2772.112 Thread 0x00000295c02f3880 nmethod 53814 0x000002959a12ec08 code [0x000002959a12ed00, 0x000002959a132498]
Event: 2775.883 Thread 0x00000295c02f3880 53815       1       com.android.tools.r8.internal.tp::M (2 bytes)
Event: 2775.884 Thread 0x00000295c02f3880 nmethod 53815 0x00000295a6b69d88 code [0x00000295a6b69e80, 0x00000295a6b69f48]
Event: 2775.884 Thread 0x00000295c02f3880 53816       1       com.android.tools.r8.internal.tp::v (4 bytes)
Event: 2775.884 Thread 0x00000295c02f3880 nmethod 53816 0x00000295a6b69a88 code [0x00000295a6b69b80, 0x00000295a6b69c48]
Event: 2775.961 Thread 0x00000295c02d0610 53817       4       com.android.tools.r8.androidapi.f$a::equals (36 bytes)
Event: 2775.963 Thread 0x00000295c02d0610 nmethod 53817 0x00000295a6b69788 code [0x00000295a6b69880, 0x00000295a6b69930]
Event: 2775.963 Thread 0x00000295c02d0610 53818       4       com.android.tools.r8.androidapi.f::d (62 bytes)
Event: 2775.965 Thread 0x00000295c02d0610 nmethod 53818 0x00000295a6b69488 code [0x00000295a6b69580, 0x00000295a6b696b8]
Event: 2777.812 Thread 0x00000295c02f3880 53819       3       com.android.tools.r8.graph.r9::c (812 bytes)
Event: 2777.831 Thread 0x00000295c02f3880 nmethod 53819 0x0000029597817308 code [0x0000029597817400, 0x000002959781b160]

GC Heap Usage History (20 events):
Event: 2719.865 {heap After GC invocations=246 (full 0):
 garbage-first heap   total reserved 8388608K, committed 4542464K, used 628693K [0x0000000600000000, 0x0000000800000000)
  region size 4096K, 2 young (8192K), 2 survivors (8192K)
}
Event: 2754.124 {heap Before GC invocations=246 (full 0):
 garbage-first heap   total reserved 8388608K, committed 4542464K, used 899029K [0x0000000600000000, 0x0000000800000000)
  region size 4096K, 68 young (278528K), 2 survivors (8192K)
}
Event: 2754.300 {heap After GC invocations=247 (full 0):
 garbage-first heap   total reserved 8388608K, committed 4542464K, used 628659K [0x0000000600000000, 0x0000000800000000)
  region size 4096K, 2 young (8192K), 2 survivors (8192K)
}
Event: 2758.314 {heap Before GC invocations=247 (full 0):
 garbage-first heap   total reserved 8388608K, committed 4542464K, used 1148851K [0x0000000600000000, 0x0000000800000000)
  region size 4096K, 129 young (528384K), 2 survivors (8192K)
}
Event: 2758.371 {heap After GC invocations=248 (full 0):
 garbage-first heap   total reserved 8388608K, committed 4542464K, used 628680K [0x0000000600000000, 0x0000000800000000)
  region size 4096K, 2 young (8192K), 2 survivors (8192K)
}
Event: 2774.365 {heap Before GC invocations=248 (full 0):
 garbage-first heap   total reserved 8388608K, committed 4542464K, used 1677256K [0x0000000600000000, 0x0000000800000000)
  region size 4096K, 258 young (1056768K), 2 survivors (8192K)
}
Event: 2775.203 {heap After GC invocations=249 (full 0):
 garbage-first heap   total reserved 8388608K, committed 4542464K, used 628709K [0x0000000600000000, 0x0000000800000000)
  region size 4096K, 2 young (8192K), 2 survivors (8192K)
}
Event: 2776.743 {heap Before GC invocations=249 (full 0):
 garbage-first heap   total reserved 8388608K, committed 4542464K, used 845797K [0x0000000600000000, 0x0000000800000000)
  region size 4096K, 55 young (225280K), 2 survivors (8192K)
}
Event: 2776.988 {heap After GC invocations=250 (full 0):
 garbage-first heap   total reserved 8388608K, committed 4542464K, used 628928K [0x0000000600000000, 0x0000000800000000)
  region size 4096K, 1 young (4096K), 1 survivors (4096K)
}
Event: 2778.037 {heap Before GC invocations=250 (full 0):
 garbage-first heap   total reserved 8388608K, committed 4542464K, used 862400K [0x0000000600000000, 0x0000000800000000)
  region size 4096K, 58 young (237568K), 1 survivors (4096K)
}
Event: 2778.219 {heap After GC invocations=251 (full 0):
 garbage-first heap   total reserved 8388608K, committed 4542464K, used 628921K [0x0000000600000000, 0x0000000800000000)
  region size 4096K, 1 young (4096K), 1 survivors (4096K)
}
Event: 2778.905 {heap Before GC invocations=251 (full 0):
 garbage-first heap   total reserved 8388608K, committed 4542464K, used 866489K [0x0000000600000000, 0x0000000800000000)
  region size 4096K, 59 young (241664K), 1 survivors (4096K)
}
Event: 2779.107 {heap After GC invocations=252 (full 0):
 garbage-first heap   total reserved 8388608K, committed 5312512K, used 628995K [0x0000000600000000, 0x0000000800000000)
  region size 4096K, 1 young (4096K), 1 survivors (4096K)
}
Event: 2780.752 {heap Before GC invocations=252 (full 0):
 garbage-first heap   total reserved 8388608K, committed 5312512K, used 887043K [0x0000000600000000, 0x0000000800000000)
  region size 4096K, 64 young (262144K), 1 survivors (4096K)
}
Event: 2781.580 {heap After GC invocations=253 (full 0):
 garbage-first heap   total reserved 8388608K, committed 5312512K, used 628879K [0x0000000600000000, 0x0000000800000000)
  region size 4096K, 1 young (4096K), 1 survivors (4096K)
}
Event: 2784.427 {heap Before GC invocations=253 (full 0):
 garbage-first heap   total reserved 8388608K, committed 5312512K, used 886927K [0x0000000600000000, 0x0000000800000000)
  region size 4096K, 64 young (262144K), 1 survivors (4096K)
}
Event: 2785.358 {heap After GC invocations=254 (full 0):
 garbage-first heap   total reserved 8388608K, committed 5312512K, used 629496K [0x0000000600000000, 0x0000000800000000)
  region size 4096K, 1 young (4096K), 1 survivors (4096K)
}
Event: 2786.260 {heap Before GC invocations=254 (full 0):
 garbage-first heap   total reserved 8388608K, committed 5312512K, used 887544K [0x0000000600000000, 0x0000000800000000)
  region size 4096K, 64 young (262144K), 1 survivors (4096K)
}
Event: 2786.746 {heap After GC invocations=255 (full 0):
 garbage-first heap   total reserved 8388608K, committed 5312512K, used 628968K [0x0000000600000000, 0x0000000800000000)
  region size 4096K, 1 young (4096K), 1 survivors (4096K)
}
Event: 2787.504 {heap Before GC invocations=255 (full 0):
 garbage-first heap   total reserved 8388608K, committed 5312512K, used 887016K [0x0000000600000000, 0x0000000800000000)
  region size 4096K, 64 young (262144K), 1 survivors (4096K)
}

Metaspace Usage History (20 events):
Event: 2719.865 {metaspace After GC invocations=246 (full 0):
 Metaspace       used 342548K, committed 345088K, reserved 1376256K
  class space    used 45823K, committed 47040K, reserved 1048576K
}
Event: 2754.124 {metaspace Before GC invocations=246 (full 0):
 Metaspace       used 342569K, committed 345152K, reserved 1376256K
  class space    used 45829K, committed 47040K, reserved 1048576K
}
Event: 2754.300 {metaspace After GC invocations=247 (full 0):
 Metaspace       used 342569K, committed 345152K, reserved 1376256K
  class space    used 45829K, committed 47040K, reserved 1048576K
}
Event: 2758.314 {metaspace Before GC invocations=247 (full 0):
 Metaspace       used 342572K, committed 345152K, reserved 1376256K
  class space    used 45829K, committed 47040K, reserved 1048576K
}
Event: 2758.371 {metaspace After GC invocations=248 (full 0):
 Metaspace       used 342572K, committed 345152K, reserved 1376256K
  class space    used 45829K, committed 47040K, reserved 1048576K
}
Event: 2774.365 {metaspace Before GC invocations=248 (full 0):
 Metaspace       used 342800K, committed 345344K, reserved 1376256K
  class space    used 45858K, committed 47040K, reserved 1048576K
}
Event: 2775.203 {metaspace After GC invocations=249 (full 0):
 Metaspace       used 342800K, committed 345344K, reserved 1376256K
  class space    used 45858K, committed 47040K, reserved 1048576K
}
Event: 2776.743 {metaspace Before GC invocations=249 (full 0):
 Metaspace       used 342811K, committed 345344K, reserved 1376256K
  class space    used 45859K, committed 47040K, reserved 1048576K
}
Event: 2776.988 {metaspace After GC invocations=250 (full 0):
 Metaspace       used 342811K, committed 345344K, reserved 1376256K
  class space    used 45859K, committed 47040K, reserved 1048576K
}
Event: 2778.037 {metaspace Before GC invocations=250 (full 0):
 Metaspace       used 342824K, committed 345344K, reserved 1376256K
  class space    used 45861K, committed 47040K, reserved 1048576K
}
Event: 2778.219 {metaspace After GC invocations=251 (full 0):
 Metaspace       used 342824K, committed 345344K, reserved 1376256K
  class space    used 45861K, committed 47040K, reserved 1048576K
}
Event: 2778.905 {metaspace Before GC invocations=251 (full 0):
 Metaspace       used 342840K, committed 345344K, reserved 1376256K
  class space    used 45863K, committed 47040K, reserved 1048576K
}
Event: 2779.107 {metaspace After GC invocations=252 (full 0):
 Metaspace       used 342840K, committed 345344K, reserved 1376256K
  class space    used 45863K, committed 47040K, reserved 1048576K
}
Event: 2780.752 {metaspace Before GC invocations=252 (full 0):
 Metaspace       used 342852K, committed 345408K, reserved 1376256K
  class space    used 45865K, committed 47040K, reserved 1048576K
}
Event: 2781.580 {metaspace After GC invocations=253 (full 0):
 Metaspace       used 342852K, committed 345408K, reserved 1376256K
  class space    used 45865K, committed 47040K, reserved 1048576K
}
Event: 2784.427 {metaspace Before GC invocations=253 (full 0):
 Metaspace       used 342882K, committed 345408K, reserved 1376256K
  class space    used 45869K, committed 47040K, reserved 1048576K
}
Event: 2785.358 {metaspace After GC invocations=254 (full 0):
 Metaspace       used 342882K, committed 345408K, reserved 1376256K
  class space    used 45869K, committed 47040K, reserved 1048576K
}
Event: 2786.260 {metaspace Before GC invocations=254 (full 0):
 Metaspace       used 342891K, committed 345408K, reserved 1376256K
  class space    used 45870K, committed 47040K, reserved 1048576K
}
Event: 2786.746 {metaspace After GC invocations=255 (full 0):
 Metaspace       used 342891K, committed 345408K, reserved 1376256K
  class space    used 45870K, committed 47040K, reserved 1048576K
}
Event: 2787.504 {metaspace Before GC invocations=255 (full 0):
 Metaspace       used 342894K, committed 345408K, reserved 1376256K
  class space    used 45870K, committed 47040K, reserved 1048576K
}

Dll operation events (3 events):
Event: 0.099 Loaded shared library C:\Program Files\Android\Android Studio\jbr\bin\java.dll
Event: 0.117 Loaded shared library C:\Program Files\Android\Android Studio\jbr\bin\zip.dll
Event: 3.075 Loaded shared library C:\Program Files\Android\Android Studio\jbr\bin\verify.dll

Deoptimization events (20 events):
Event: 2701.763 Thread 0x00000295ee13d190 DEOPT PACKING pc=0x00000295a6f50e6c sp=0x000000ff1bbfeaf0
Event: 2701.763 Thread 0x00000295ee13d190 DEOPT UNPACKING pc=0x00000295a5e8377c sp=0x000000ff1bbfeab8 mode 2
Event: 2702.342 Thread 0x00000295ddd6ba10 Uncommon trap: trap_request=0xffffff45 fr.pc=0x00000295a6f1e9b8 relative=0x0000000000000138
Event: 2702.342 Thread 0x00000295ddd6ba10 Uncommon trap: reason=unstable_if action=reinterpret pc=0x00000295a6f1e9b8 method=org.jetbrains.kotlin.protobuf.CodedInputStream.readRawVarint32()I @ 69 c2
Event: 2702.342 Thread 0x00000295ddd6ba10 DEOPT PACKING pc=0x00000295a6f1e9b8 sp=0x000000ff1b5f9730
Event: 2702.342 Thread 0x00000295ddd6ba10 DEOPT UNPACKING pc=0x00000295a5e8377c sp=0x000000ff1b5f96b8 mode 2
Event: 2704.780 Thread 0x00000295ee13d190 Uncommon trap: trap_request=0xffffff45 fr.pc=0x00000295a707a324 relative=0x0000000000000124
Event: 2704.780 Thread 0x00000295ee13d190 Uncommon trap: reason=unstable_if action=reinterpret pc=0x00000295a707a324 method=com.android.tools.r8.internal.bk4.d(Ljava/lang/String;)Lcom/android/tools/r8/internal/bk4; @ 11 c2
Event: 2704.780 Thread 0x00000295ee13d190 DEOPT PACKING pc=0x00000295a707a324 sp=0x000000ff1bbfe310
Event: 2704.780 Thread 0x00000295ee13d190 DEOPT UNPACKING pc=0x00000295a5e8377c sp=0x000000ff1bbfe2a0 mode 2
Event: 2720.714 Thread 0x00000295ee140070 DEOPT PACKING pc=0x0000029598818c2e sp=0x000000ff1b7feb80
Event: 2720.714 Thread 0x00000295ee140070 DEOPT UNPACKING pc=0x00000295a5e51063 sp=0x000000ff1b7fe298 mode 0
Event: 2754.306 Thread 0x00000295eabfef20 DEOPT PACKING pc=0x0000029596e82fb4 sp=0x000000ff1b8feea0
Event: 2754.306 Thread 0x00000295eabfef20 DEOPT UNPACKING pc=0x00000295a5e51063 sp=0x000000ff1b8fe438 mode 0
Event: 2754.306 Thread 0x00000295eabfef20 DEOPT PACKING pc=0x000002959673cd1c sp=0x000000ff1b8ff3e0
Event: 2754.306 Thread 0x00000295eabfef20 DEOPT UNPACKING pc=0x00000295a5e51063 sp=0x000000ff1b8fe918 mode 0
Event: 2777.673 Thread 0x00000295ddd6ba10 Uncommon trap: trap_request=0xffffffc6 fr.pc=0x00000295a7037680 relative=0x0000000000001680
Event: 2777.673 Thread 0x00000295ddd6ba10 Uncommon trap: reason=bimorphic_or_optimized_type_check action=maybe_recompile pc=0x00000295a7037680 method=java.util.AbstractSet.hashCode()I @ 3 c2
Event: 2777.673 Thread 0x00000295ddd6ba10 DEOPT PACKING pc=0x00000295a7037680 sp=0x000000ff1b5fa9f0
Event: 2777.674 Thread 0x00000295ddd6ba10 DEOPT UNPACKING pc=0x00000295a5e8377c sp=0x000000ff1b5fa9c8 mode 2

Classes loaded (20 events):
Event: 2680.472 Loading class javax/xml/stream/FactoryFinder
Event: 2680.578 Loading class javax/xml/stream/FactoryFinder done
Event: 2681.063 Loading class java/util/concurrent/ForkJoinWorkerThread$InnocuousForkJoinWorkerThread
Event: 2681.080 Loading class java/util/concurrent/ForkJoinWorkerThread$InnocuousForkJoinWorkerThread done
Event: 2684.283 Loading class java/util/TreeMap$AscendingSubMap$AscendingEntrySetView
Event: 2684.314 Loading class java/util/TreeMap$AscendingSubMap$AscendingEntrySetView done
Event: 2684.314 Loading class java/util/TreeMap$NavigableSubMap$SubMapEntryIterator
Event: 2684.314 Loading class java/util/TreeMap$NavigableSubMap$SubMapEntryIterator done
Event: 2685.102 Loading class java/util/concurrent/Executors$PrivilegedThreadFactory
Event: 2685.109 Loading class java/util/concurrent/Executors$PrivilegedThreadFactory done
Event: 2685.126 Loading class java/util/concurrent/DelayQueue
Event: 2685.127 Loading class java/util/concurrent/DelayQueue done
Event: 2685.617 Loading class java/util/concurrent/Executors$PrivilegedThreadFactory$1
Event: 2685.617 Loading class java/util/concurrent/Executors$PrivilegedThreadFactory$1 done
Event: 2686.435 Loading class sun/management/NotificationEmitterSupport$ListenerInfo
Event: 2686.543 Loading class sun/management/NotificationEmitterSupport$ListenerInfo done
Event: 2689.667 Loading class java/nio/BufferUnderflowException
Event: 2689.698 Loading class java/nio/BufferUnderflowException done
Event: 2689.698 Loading class java/nio/BufferOverflowException
Event: 2689.720 Loading class java/nio/BufferOverflowException done

Classes unloaded (20 events):
Event: 1723.812 Thread 0x00000295c026f450 Unloading class 0x00000000af17b4f8 'jdk/internal/jimage/ImageHeader'
Event: 1723.812 Thread 0x00000295c026f450 Unloading class 0x00000000af17b280 'jdk/internal/jimage/BasicImageReader$2'
Event: 1723.812 Thread 0x00000295c026f450 Unloading class 0x00000000af17b008 'jdk/internal/jimage/BasicImageReader$1'
Event: 1723.812 Thread 0x00000295c026f450 Unloading class 0x00000000af17ad58 'jdk/internal/jimage/ImageReader$Resource'
Event: 1723.812 Thread 0x00000295c026f450 Unloading class 0x00000000af17aaa8 'jdk/internal/jimage/ImageReader$LinkNode'
Event: 1723.812 Thread 0x00000295c026f450 Unloading class 0x00000000af17a7f8 'jdk/internal/jimage/ImageReader$Directory'
Event: 1723.812 Thread 0x00000295c026f450 Unloading class 0x00000000af17a548 'jdk/internal/jimage/ImageReader$Node'
Event: 1723.812 Thread 0x00000295c026f450 Unloading class 0x00000000af17a308 'jdk/internal/jimage/ImageStrings'
Event: 1723.813 Thread 0x00000295c026f450 Unloading class 0x00000000af17a000 'jdk/internal/jimage/ImageReader$SharedImageReader'
Event: 1723.813 Thread 0x00000295c026f450 Unloading class 0x00000000af179c30 'jdk/internal/jimage/BasicImageReader'
Event: 1723.813 Thread 0x00000295c026f450 Unloading class 0x00000000af1799c8 'jdk/internal/jimage/ImageReader'
Event: 1723.813 Thread 0x00000295c026f450 Unloading class 0x00000000af179758 'jdk/internal/jrtfs/SystemImage$2'
Event: 1723.813 Thread 0x00000295c026f450 Unloading class 0x00000000af1794f8 'jdk/internal/jrtfs/SystemImage$$Lambda+0x00000000af1794f8'
Event: 1723.813 Thread 0x00000295c026f450 Unloading class 0x00000000af179280 'jdk/internal/jrtfs/ExplodedImage'
Event: 1723.813 Thread 0x00000295c026f450 Unloading class 0x00000000af179000 'jdk/internal/jrtfs/SystemImage$1'
Event: 1723.813 Thread 0x00000295c026f450 Unloading class 0x00000000af178d00 'jdk/internal/jrtfs/SystemImage'
Event: 1723.813 Thread 0x00000295c026f450 Unloading class 0x00000000af178a58 'jdk/internal/jrtfs/JrtFileStore'
Event: 1723.814 Thread 0x00000295c026f450 Unloading class 0x00000000af178678 'jdk/internal/jrtfs/JrtPath'
Event: 1723.814 Thread 0x00000295c026f450 Unloading class 0x00000000af178338 'jdk/internal/jrtfs/JrtFileSystem'
Event: 1723.814 Thread 0x00000295c026f450 Unloading class 0x00000000af178000 'jdk/internal/jrtfs/JrtFileSystemProvider'

Classes redefined (0 events):
No events

Internal exceptions (20 events):
Event: 2682.395 Thread 0x00000295ddd6ba10 Exception <a 'sun/nio/fs/WindowsException'{0x00000006e25ae4a8}> (0x00000006e25ae4a8) 
thrown [s\src\hotspot\share\prims\jni.cpp, line 535]
Event: 2682.395 Thread 0x00000295ddd6ba10 Exception <a 'sun/nio/fs/WindowsException'{0x00000006e25af0a0}> (0x00000006e25af0a0) 
thrown [s\src\hotspot\share\prims\jni.cpp, line 535]
Event: 2682.395 Thread 0x00000295ddd6ba10 Exception <a 'sun/nio/fs/WindowsException'{0x00000006e25afc90}> (0x00000006e25afc90) 
thrown [s\src\hotspot\share\prims\jni.cpp, line 535]
Event: 2682.396 Thread 0x00000295ddd6ba10 Exception <a 'sun/nio/fs/WindowsException'{0x00000006e25b0850}> (0x00000006e25b0850) 
thrown [s\src\hotspot\share\prims\jni.cpp, line 535]
Event: 2682.396 Thread 0x00000295ddd6ba10 Exception <a 'sun/nio/fs/WindowsException'{0x00000006e25b1410}> (0x00000006e25b1410) 
thrown [s\src\hotspot\share\prims\jni.cpp, line 535]
Event: 2682.396 Thread 0x00000295ddd6ba10 Exception <a 'sun/nio/fs/WindowsException'{0x00000006e25b2510}> (0x00000006e25b2510) 
thrown [s\src\hotspot\share\prims\jni.cpp, line 535]
Event: 2685.560 Thread 0x00000295ddd6ba10 Exception <a 'java/lang/NoSuchMethodError'{0x00000006e1b516f8}: 'java.lang.Object java.lang.invoke.DirectMethodHandle$Holder.invokeStatic(java.lang.Object, java.lang.Object, int, java.lang.Object, java.lang.Object, java.lang.Object, java.lang.Object)'> (0x00000006e1b516f8) 
thrown [s\src\hotspot\share\interpreter\linkResolver.cpp, line 815]
Event: 2689.459 Thread 0x00000295ee133d20 Exception <a 'java/lang/NoSuchMethodError'{0x00000006e1293ff8}: 'java.lang.Object java.lang.invoke.DirectMethodHandle$Holder.newInvokeSpecial(java.lang.Object, java.lang.Object, java.lang.Object, java.lang.Object, java.lang.Object, int)'> (0x00000006e1293ff8) 
thrown [s\src\hotspot\share\interpreter\linkResolver.cpp, line 815]
Event: 2689.459 Thread 0x00000295ee133d20 Exception <a 'java/lang/NoSuchMethodError'{0x00000006e129c640}: 'java.lang.Object java.lang.invoke.Invokers$Holder.linkToTargetMethod(java.lang.Object, java.lang.Object, java.lang.Object, java.lang.Object, int, java.lang.Object)'> (0x00000006e129c640) 
thrown [s\src\hotspot\share\interpreter\linkResolver.cpp, line 815]
Event: 2690.925 Thread 0x00000295c91f2d20 Exception <a 'sun/nio/fs/WindowsException'{0x00000007ff711250}> (0x00000007ff711250) 
thrown [s\src\hotspot\share\prims\jni.cpp, line 535]
Event: 2692.040 Thread 0x00000295ee140070 Implicit null exception at 0x00000295a71dc64a to 0x00000295a71de6f8
Event: 2703.403 Thread 0x00000295c91f2d20 Exception <a 'sun/nio/fs/WindowsException'{0x00000006d8aa54f0}> (0x00000006d8aa54f0) 
thrown [s\src\hotspot\share\prims\jni.cpp, line 535]
Event: 2713.598 Thread 0x00000295c91f2d20 Exception <a 'sun/nio/fs/WindowsException'{0x00000006f7028a08}> (0x00000006f7028a08) 
thrown [s\src\hotspot\share\prims\jni.cpp, line 535]
Event: 2720.650 Thread 0x00000295c91f2d20 Exception <a 'sun/nio/fs/WindowsException'{0x00000007056fb060}> (0x00000007056fb060) 
thrown [s\src\hotspot\share\prims\jni.cpp, line 535]
Event: 2754.416 Thread 0x00000295c91f2d20 Exception <a 'sun/nio/fs/WindowsException'{0x0000000712b83f48}> (0x0000000712b83f48) 
thrown [s\src\hotspot\share\prims\jni.cpp, line 535]
Event: 2755.550 Thread 0x00000295c91f2d20 Exception <a 'sun/nio/fs/WindowsException'{0x00000006fd0bab00}> (0x00000006fd0bab00) 
thrown [s\src\hotspot\share\prims\jni.cpp, line 535]
Event: 2755.611 Thread 0x00000295c91f2d20 Exception <a 'sun/nio/fs/WindowsException'{0x00000006fbae3950}> (0x00000006fbae3950) 
thrown [s\src\hotspot\share\prims\jni.cpp, line 535]
Event: 2762.068 Thread 0x00000295c91f2d20 Exception <a 'sun/nio/fs/WindowsException'{0x00000006ee163cb0}> (0x00000006ee163cb0) 
thrown [s\src\hotspot\share\prims\jni.cpp, line 535]
Event: 2771.984 Thread 0x00000295c91f2d20 Exception <a 'sun/nio/fs/WindowsException'{0x00000006d7bc3510}> (0x00000006d7bc3510) 
thrown [s\src\hotspot\share\prims\jni.cpp, line 535]
Event: 2780.712 Thread 0x00000295c91f2d20 Exception <a 'sun/nio/fs/WindowsException'{0x000000073488a128}> (0x000000073488a128) 
thrown [s\src\hotspot\share\prims\jni.cpp, line 535]

VM Operations (20 events):
Event: 2758.371 Executing safepoint VM operation: G1CollectForAllocation (G1 Evacuation Pause) done
Event: 2773.322 Executing non-safepoint VM operation: HandshakeAllThreads (HandshakeForDeflation)
Event: 2773.375 Executing non-safepoint VM operation: HandshakeAllThreads (HandshakeForDeflation) done
Event: 2773.375 Executing non-safepoint VM operation: RendezvousGCThreads
Event: 2773.375 Executing non-safepoint VM operation: RendezvousGCThreads done
Event: 2774.216 Executing safepoint VM operation: G1CollectForAllocation (G1 Evacuation Pause)
Event: 2775.203 Executing safepoint VM operation: G1CollectForAllocation (G1 Evacuation Pause) done
Event: 2776.135 Executing safepoint VM operation: G1CollectForAllocation (G1 Evacuation Pause)
Event: 2776.989 Executing safepoint VM operation: G1CollectForAllocation (G1 Evacuation Pause) done
Event: 2778.020 Executing safepoint VM operation: G1CollectForAllocation (G1 Evacuation Pause)
Event: 2778.219 Executing safepoint VM operation: G1CollectForAllocation (G1 Evacuation Pause) done
Event: 2778.796 Executing safepoint VM operation: G1CollectForAllocation (G1 Evacuation Pause)
Event: 2779.107 Executing safepoint VM operation: G1CollectForAllocation (G1 Evacuation Pause) done
Event: 2780.752 Executing safepoint VM operation: G1CollectForAllocation (G1 Evacuation Pause)
Event: 2781.580 Executing safepoint VM operation: G1CollectForAllocation (G1 Evacuation Pause) done
Event: 2782.124 Executing safepoint VM operation: G1CollectForAllocation (G1 Evacuation Pause)
Event: 2785.358 Executing safepoint VM operation: G1CollectForAllocation (G1 Evacuation Pause) done
Event: 2786.069 Executing safepoint VM operation: G1CollectForAllocation (G1 Evacuation Pause)
Event: 2786.746 Executing safepoint VM operation: G1CollectForAllocation (G1 Evacuation Pause) done
Event: 2787.303 Executing safepoint VM operation: G1CollectForAllocation (G1 Evacuation Pause)

Memory protections (0 events):
No events

Nmethod flushes (20 events):
Event: 1749.768 Thread 0x00000295c026f450 flushing  nmethod 0x000002959aa59d88
Event: 1749.768 Thread 0x00000295c026f450 flushing  nmethod 0x000002959aa62208
Event: 1749.768 Thread 0x00000295c026f450 flushing  nmethod 0x000002959aa62508
Event: 1749.768 Thread 0x00000295c026f450 flushing  nmethod 0x000002959aa62808
Event: 1749.768 Thread 0x00000295c026f450 flushing  nmethod 0x000002959aa63a08
Event: 1749.768 Thread 0x00000295c026f450 flushing  nmethod 0x000002959aa65108
Event: 1749.768 Thread 0x00000295c026f450 flushing  nmethod 0x000002959aa65788
Event: 1749.768 Thread 0x00000295c026f450 flushing  nmethod 0x000002959aa65c88
Event: 1749.768 Thread 0x00000295c026f450 flushing  nmethod 0x000002959aa66088
Event: 1749.768 Thread 0x00000295c026f450 flushing  nmethod 0x000002959aa68308
Event: 1749.768 Thread 0x00000295c026f450 flushing  nmethod 0x000002959aa69008
Event: 1749.768 Thread 0x00000295c026f450 flushing  nmethod 0x000002959aa69888
Event: 1749.768 Thread 0x00000295c026f450 flushing  nmethod 0x000002959aa69b88
Event: 1749.768 Thread 0x00000295c026f450 flushing  nmethod 0x000002959aa69e88
Event: 1749.768 Thread 0x00000295c026f450 flushing  nmethod 0x000002959aa81f08
Event: 1749.768 Thread 0x00000295c026f450 flushing  nmethod 0x000002959aa83408
Event: 1749.768 Thread 0x00000295c026f450 flushing  nmethod 0x000002959aa83a88
Event: 1749.768 Thread 0x00000295c026f450 flushing  nmethod 0x000002959aa84108
Event: 1749.768 Thread 0x00000295c026f450 flushing  nmethod 0x000002959aae4788
Event: 1749.768 Thread 0x00000295c026f450 flushing  nmethod 0x000002959aae5308

Events (20 events):
Event: 2221.548 Thread 0x00000295ca136620 Thread added: 0x00000295ddd7d350
Event: 2221.548 Thread 0x00000295ca136620 Thread added: 0x00000295ddd75e20
Event: 2323.231 Thread 0x00000295ddd644e0 Thread added: 0x00000295ee12c020
Event: 2435.429 Thread 0x00000295ddd7d350 Thread exited: 0x00000295ddd7d350
Event: 2435.429 Thread 0x00000295ddd75e20 Thread exited: 0x00000295ddd75e20
Event: 2501.012 Thread 0x00000295ee12c020 Thread exited: 0x00000295ee12c020
Event: 2563.606 Thread 0x00000295ee133d20 Thread added: 0x00000295ee140070
Event: 2563.607 Thread 0x00000295ee133d20 Thread added: 0x00000295ee13d190
Event: 2612.908 Thread 0x00000295ddd6ba10 Thread added: 0x00000295eabfe750
Event: 2612.930 Thread 0x00000295ddd6ba10 Thread added: 0x00000295eabfd7b0
Event: 2614.835 Thread 0x00000295ddd79ca0 Thread exited: 0x00000295ddd79ca0
Event: 2614.836 Thread 0x00000295ddd78d00 Thread exited: 0x00000295ddd78d00
Event: 2614.909 Thread 0x00000295ddd7bbe0 Thread exited: 0x00000295ddd7bbe0
Event: 2623.092 Thread 0x00000295ddd644e0 Thread added: 0x00000295eabfef20
Event: 2681.521 Thread 0x00000295ddd6ba10 Thread added: 0x00000295ddd7db20
Event: 2685.165 Thread 0x00000295ddd6ba10 Thread added: 0x00000295eab5e2e0
Event: 2685.640 Thread 0x00000295ddd6ba10 Thread added: 0x00000295eab5ac30
Event: 2702.351 Thread 0x00000295eab5ac30 Thread added: 0x00000295cadbd8b0
Event: 2755.145 Thread 0x00000295ddd7db20 Thread exited: 0x00000295ddd7db20
Event: 2778.768 Thread 0x00000295ddd6ba10 Thread added: 0x00000295d710fd60


Dynamic libraries:
0x00007ff6003e0000 - 0x00007ff6003ea000 	C:\Program Files\Android\Android Studio\jbr\bin\java.exe
0x00007ffb5b670000 - 0x00007ffb5b868000 	C:\Windows\SYSTEM32\ntdll.dll
0x00007ffb5a4f0000 - 0x00007ffb5a5b2000 	C:\Windows\System32\KERNEL32.DLL
0x00007ffb58ee0000 - 0x00007ffb591d6000 	C:\Windows\System32\KERNELBASE.dll
0x00007ffb58d00000 - 0x00007ffb58e00000 	C:\Windows\System32\ucrtbase.dll
0x00007ffb416a0000 - 0x00007ffb416b6000 	C:\Program Files\Android\Android Studio\jbr\bin\jli.dll
0x00007ffb5b3a0000 - 0x00007ffb5b541000 	C:\Windows\System32\USER32.dll
0x00007ffb58eb0000 - 0x00007ffb58ed2000 	C:\Windows\System32\win32u.dll
0x00007ffb5b550000 - 0x00007ffb5b57b000 	C:\Windows\System32\GDI32.dll
0x00007ffb592b0000 - 0x00007ffb593c9000 	C:\Windows\System32\gdi32full.dll
0x00007ffb595f0000 - 0x00007ffb5968d000 	C:\Windows\System32\msvcp_win.dll
0x00007ffb416c0000 - 0x00007ffb416db000 	C:\Program Files\Android\Android Studio\jbr\bin\VCRUNTIME140.dll
0x00007ffb472b0000 - 0x00007ffb4754b000 	C:\Windows\WinSxS\amd64_microsoft.windows.common-controls_6595b64144ccf1df_6.0.19041.6456_none_60b8a6cb71f64256\COMCTL32.dll
0x00007ffb5b2a0000 - 0x00007ffb5b33e000 	C:\Windows\System32\msvcrt.dll
0x00007ffb5a7c0000 - 0x00007ffb5a7ef000 	C:\Windows\System32\IMM32.DLL
0x00007ffb51250000 - 0x00007ffb5125c000 	C:\Program Files\Android\Android Studio\jbr\bin\vcruntime140_1.dll
0x00007ffb3a630000 - 0x00007ffb3a6bd000 	C:\Program Files\Android\Android Studio\jbr\bin\msvcp140.dll
0x00007ffad1730000 - 0x00007ffad260d000 	C:\Program Files\Android\Android Studio\jbr\bin\server\jvm.dll
0x00007ffb5a7f0000 - 0x00007ffb5a8a1000 	C:\Windows\System32\ADVAPI32.dll
0x00007ffb5a3f0000 - 0x00007ffb5a48f000 	C:\Windows\System32\sechost.dll
0x00007ffb5ac30000 - 0x00007ffb5ad50000 	C:\Windows\System32\RPCRT4.dll
0x00007ffb59460000 - 0x00007ffb59487000 	C:\Windows\System32\bcrypt.dll
0x00007ffb59690000 - 0x00007ffb596fb000 	C:\Windows\System32\WS2_32.dll
0x00007ffb58ab0000 - 0x00007ffb58afb000 	C:\Windows\SYSTEM32\POWRPROF.dll
0x00007ffb47a50000 - 0x00007ffb47a77000 	C:\Windows\SYSTEM32\WINMM.dll
0x00007ffb4a050000 - 0x00007ffb4a05a000 	C:\Windows\SYSTEM32\VERSION.dll
0x00007ffb58a90000 - 0x00007ffb58aa2000 	C:\Windows\SYSTEM32\UMPDC.dll
0x00007ffb56b90000 - 0x00007ffb56ba2000 	C:\Windows\SYSTEM32\kernel.appcore.dll
0x00007ffb50180000 - 0x00007ffb5018a000 	C:\Program Files\Android\Android Studio\jbr\bin\jimage.dll
0x00007ffb4ff20000 - 0x00007ffb50121000 	C:\Windows\SYSTEM32\DBGHELP.DLL
0x00007ffb47b70000 - 0x00007ffb47ba4000 	C:\Windows\SYSTEM32\dbgcore.DLL
0x00007ffb593d0000 - 0x00007ffb59452000 	C:\Windows\System32\bcryptPrimitives.dll
0x00007ffb4adf0000 - 0x00007ffb4adfe000 	C:\Program Files\Android\Android Studio\jbr\bin\instrument.dll
0x00007ffb41680000 - 0x00007ffb4169e000 	C:\Program Files\Android\Android Studio\jbr\bin\java.dll
0x00007ffb5a690000 - 0x00007ffb5a7bb000 	C:\Windows\System32\ole32.dll
0x00007ffb59ee0000 - 0x00007ffb5a234000 	C:\Windows\System32\combase.dll
0x00007ffb59700000 - 0x00007ffb59e70000 	C:\Windows\System32\SHELL32.dll
0x00007ffb41660000 - 0x00007ffb41676000 	C:\Program Files\Android\Android Studio\jbr\bin\zip.dll
0x00007ffb56d90000 - 0x00007ffb57535000 	C:\Windows\SYSTEM32\windows.storage.dll
0x00007ffb58650000 - 0x00007ffb5867b000 	C:\Windows\SYSTEM32\Wldp.dll
0x00007ffb5a5c0000 - 0x00007ffb5a68d000 	C:\Windows\System32\OLEAUT32.dll
0x00007ffb5b580000 - 0x00007ffb5b62d000 	C:\Windows\System32\SHCORE.dll
0x00007ffb5b340000 - 0x00007ffb5b39b000 	C:\Windows\System32\shlwapi.dll
0x00007ffb58c30000 - 0x00007ffb58c54000 	C:\Windows\SYSTEM32\profapi.dll
0x00007ffb50130000 - 0x00007ffb50140000 	C:\Program Files\Android\Android Studio\jbr\bin\net.dll
0x00007ffb583b0000 - 0x00007ffb5841a000 	C:\Windows\system32\mswsock.dll
0x00007ffb41640000 - 0x00007ffb41656000 	C:\Program Files\Android\Android Studio\jbr\bin\nio.dll
0x00007ffb4e910000 - 0x00007ffb4e920000 	C:\Program Files\Android\Android Studio\jbr\bin\verify.dll
0x00007ffb404c0000 - 0x00007ffb404e7000 	C:\Users\Windows 10\.gradle\native\660c5614fbf4a5f2a75b1949f50a0caf5cd603558e7d8a26e50b933a0cfb79d1\windows-amd64\native-platform.dll
0x00007ffb3c920000 - 0x00007ffb3c997000 	C:\Users\Windows 10\.gradle\native\0.2.8\x86_64-windows-gnu\gradle-fileevents.dll
0x00007ffb4e680000 - 0x00007ffb4e689000 	C:\Program Files\Android\Android Studio\jbr\bin\management.dll
0x00007ffb4dc90000 - 0x00007ffb4dc9b000 	C:\Program Files\Android\Android Studio\jbr\bin\management_ext.dll
0x00007ffb5ac10000 - 0x00007ffb5ac18000 	C:\Windows\System32\PSAPI.DLL
0x00007ffb58090000 - 0x00007ffb580cb000 	C:\Windows\SYSTEM32\IPHLPAPI.DLL
0x00007ffb59ed0000 - 0x00007ffb59ed8000 	C:\Windows\System32\NSI.dll
0x00007ffb4bfe0000 - 0x00007ffb4bfe9000 	C:\Program Files\Android\Android Studio\jbr\bin\extnet.dll
0x00007ffb585a0000 - 0x00007ffb585b8000 	C:\Windows\SYSTEM32\CRYPTSP.dll
0x00007ffb57cd0000 - 0x00007ffb57d08000 	C:\Windows\system32\rsaenh.dll
0x00007ffb58bb0000 - 0x00007ffb58bde000 	C:\Windows\SYSTEM32\USERENV.dll
0x00007ffb585c0000 - 0x00007ffb585cc000 	C:\Windows\SYSTEM32\CRYPTBASE.dll
0x00007ffb54aa0000 - 0x00007ffb54aa7000 	C:\Windows\system32\wshunix.dll
0x00007ffb580d0000 - 0x00007ffb5819a000 	C:\Windows\SYSTEM32\DNSAPI.dll
0x00007ffb4efc0000 - 0x00007ffb4efca000 	C:\Windows\System32\rasadhlp.dll
0x00007ffb4f9e0000 - 0x00007ffb4fa60000 	C:\Windows\System32\fwpuclnt.dll
0x00007ffb42670000 - 0x00007ffb426b1000 	C:\Users\Windows 10\AppData\Local\Temp\jna--438106884\jna6358664288319392986.dll
0x00007ffb57f20000 - 0x00007ffb57f53000 	C:\Windows\SYSTEM32\ntmarta.dll
0x00007ffb55a10000 - 0x00007ffb55a17000 	C:\Program Files\Android\Android Studio\jbr\bin\rmi.dll

JVMTI agents:
C:\Users\Windows 10\.gradle\wrapper\dists\gradle-9.3.1-all\9ot9r568e8zfvvd4mn8rbu1j0\gradle-9.3.1\lib\agents\gradle-instrumentation-agent-9.3.1.jar path:C:\Program Files\Android\Android Studio\jbr\bin\instrument.dll, loaded, initialized, instrumentlib options:none

dbghelp: loaded successfully - version: 4.0.5 - missing functions: none
symbol engine: initialized successfully - sym options: 0x614 - pdb path: .;C:\Program Files\Android\Android Studio\jbr\bin;C:\Windows\SYSTEM32;C:\Windows\WinSxS\amd64_microsoft.windows.common-controls_6595b64144ccf1df_6.0.19041.6456_none_60b8a6cb71f64256;C:\Program Files\Android\Android Studio\jbr\bin\server;C:\Users\Windows 10\.gradle\native\660c5614fbf4a5f2a75b1949f50a0caf5cd603558e7d8a26e50b933a0cfb79d1\windows-amd64;C:\Users\Windows 10\.gradle\native\0.2.8\x86_64-windows-gnu;C:\Users\Windows 10\AppData\Local\Temp\jna--438106884

VM Arguments:
jvm_args: --add-opens=java.base/java.lang=ALL-UNNAMED --add-opens=java.base/java.lang.invoke=ALL-UNNAMED --add-opens=java.base/java.util=ALL-UNNAMED --add-opens=java.prefs/java.util.prefs=ALL-UNNAMED --add-exports=jdk.compiler/com.sun.tools.javac.api=ALL-UNNAMED --add-exports=jdk.compiler/com.sun.tools.javac.util=ALL-UNNAMED --add-opens=java.base/java.util=ALL-UNNAMED --add-opens=java.prefs/java.util.prefs=ALL-UNNAMED --add-opens=java.base/java.nio.charset=ALL-UNNAMED --add-opens=java.base/java.net=ALL-UNNAMED --add-opens=java.base/java.util.concurrent=ALL-UNNAMED --add-opens=java.base/java.util.concurrent.atomic=ALL-UNNAMED --add-opens=java.xml/javax.xml.namespace=ALL-UNNAMED --add-opens=java.base/java.time=ALL-UNNAMED --enable-native-access=ALL-UNNAMED -XX:MaxMetaspaceSize=4G -XX:ReservedCodeCacheSize=512m -XX:+HeapDumpOnOutOfMemoryError -Xmx8G -Dfile.encoding=UTF-8 -Duser.country=MX -Duser.language=es -Duser.variant -javaagent:C:\Users\Windows 10\.gradle\wrapper\dists\gradle-9.3.1-all\9ot9r568e8zfvvd4mn8rbu1j0\gradle-9.3.1\lib\agents\gradle-instrumentation-agent-9.3.1.jar 
java_command: org.gradle.launcher.daemon.bootstrap.GradleDaemon 9.3.1
java_class_path (initial): C:\Users\Windows 10\.gradle\wrapper\dists\gradle-9.3.1-all\9ot9r568e8zfvvd4mn8rbu1j0\gradle-9.3.1\lib\gradle-daemon-main-9.3.1.jar
Launcher Type: SUN_STANDARD

[Global flags]
     intx CICompilerCount                          = 2                                         {product} {ergonomic}
     uint ConcGCThreads                            = 1                                         {product} {ergonomic}
     uint G1ConcRefinementThreads                  = 2                                         {product} {ergonomic}
   size_t G1HeapRegionSize                         = 4194304                                   {product} {ergonomic}
     bool HeapDumpOnOutOfMemoryError               = true                                   {manageable} {command line}
   size_t InitialHeapSize                          = 67108864                                  {product} {ergonomic}
   size_t MarkStackSize                            = 4194304                                   {product} {ergonomic}
   size_t MarkStackSizeMax                         = 536870912                                 {product} {ergonomic}
   size_t MaxHeapSize                              = 8589934592                                {product} {command line}
   size_t MaxMetaspaceSize                         = 4294967296                                {product} {command line}
   size_t MaxNewSize                               = 5150605312                                {product} {ergonomic}
   size_t MinHeapDeltaBytes                        = 4194304                                   {product} {ergonomic}
   size_t MinHeapSize                              = 8388608                                   {product} {ergonomic}
    uintx NonNMethodCodeHeapSize                   = 5832704                                {pd product} {ergonomic}
    uintx NonProfiledCodeHeapSize                  = 265486336                              {pd product} {ergonomic}
    uintx ProfiledCodeHeapSize                     = 265551872                              {pd product} {ergonomic}
    uintx ReservedCodeCacheSize                    = 536870912                              {pd product} {command line, ergonomic}
     bool SegmentedCodeCache                       = true                                      {product} {ergonomic}
   size_t SoftMaxHeapSize                          = 8589934592                             {manageable} {ergonomic}
     bool UseCompressedOops                        = true                           {product lp64_product} {ergonomic}
     bool UseG1GC                                  = true                                      {product} {ergonomic}
     bool UseLargePagesIndividualAllocation        = false                                  {pd product} {ergonomic}

Logging:
Log output configuration:
 #0: stdout all=warning uptime,level,tags foldmultilines=false
 #1: stderr all=off uptime,level,tags foldmultilines=false

Release file:
JAVA_VERSION="25.0.3" 
MODULES="java.base java.compiler java.datatransfer java.xml java.prefs java.desktop java.instrument java.logging java.management java.security.sasl java.naming java.rmi java.management.rmi java.net.http java.scripting java.security.jgss java.transaction.xa java.sql java.sql.rowset java.xml.crypto java.se java.smartcardio jdk.accessibility jdk.internal.jvmstat jdk.attach jdk.charsets jdk.internal.opt jdk.zipfs jdk.compiler jdk.crypto.cryptoki jdk.crypto.ec jdk.dynalink jdk.hotspot.agent jdk.httpserver jdk.internal.ed jdk.internal.le jdk.internal.md jdk.internal.vm.ci jdk.jartool jdk.javadoc jdk.jcmd jdk.jdeps jdk.jdwp.agent jdk.jdi jdk.jfr jdk.jlink jdk.localedata jdk.management jdk.management.agent jdk.management.jfr jdk.naming.dns jdk.naming.rmi jdk.net jdk.sctp jdk.security.auth jdk.security.jgss jdk.unsupported jdk.unsupported.desktop jdk.xml.dom" 
IMPLEMENTOR="JetBrains s.r.o." 
JAVA_RUNTIME_VERSION="25.0.3+-15898627-b508.16" 
LIBC="default" 
OS_ARCH="x86_64" 
OS_NAME="Windows" 
SOURCE=".:git:a8b1dba3234f" 

Environment Variables:
JAVA_HOME=C:\Program Files\Android\Android Studio\jbr
CLASSPATH=C:\Users\Windows 10\Desktop\burger_pos\flutter_application_1\android\\gradle\wrapper\gradle-wrapper.jar
PATH=C:\Program Files\Android\Android Studio\jbr\bin;c:\src\flutter\bin\;C:\Windows\system32;C:\Windows;C:\Windows\System32\Wbem;C:\Windows\System32\WindowsPowerShell\v1.0\;C:\Windows\System32\OpenSSH\;C:\Program Files\nodejs\;C:\Program Files\Git\cmd;C:\Users\Windows 10\AppData\Local\Microsoft\WindowsApps;C:\Users\Windows 10\AppData\Local\Programs\Microsoft VS Code\bin;C:\Users\Windows 10\AppData\Roaming\npm;c:\src\flutter\bin;;c:\src\flutter\bin\mingit\cmd
USERNAME=Windows 10
LANG=en_US.UTF-8
OS=Windows_NT
PROCESSOR_IDENTIFIER=Intel64 Family 6 Model 23 Stepping 10, GenuineIntel
TMP=C:\Users\WINDOW~1\AppData\Local\Temp
TEMP=C:\Users\WINDOW~1\AppData\Local\Temp




Compilation memory statistics disabled.

Periodic native trim disabled

JNI global refs:
JNI global refs: 24, weak refs: 45

JNI global refs memory usage: 835, weak refs: 833

Process memory usage:
Resident Set Size: 715600K (17% of 4183220K total physical memory with 474452K free physical memory)

OOME stack traces (most recent first):
Classloader memory used:
Loader org.gradle.internal.classloader.VisitableURLClassLoader                         : 129 M
Loader org.gradle.internal.classloader.VisitableURLClassLoader$InstrumentingVisitableURLClassLoader: 81746 K
Loader java.net.URLClassLoader                                                         : 61809 K
Loader bootstrap                                                                       : 40575 K
Loader org.gradle.initialization.MixInLegacyTypesClassLoader                           : 14673 K
Loader jdk.internal.loader.ClassLoaders$AppClassLoader                                 : 9871 K
Loader jdk.internal.loader.ClassLoaders$PlatformClassLoader                            : 692 K
Loader jdk.internal.jrtfs.JrtFileSystemProvider$JrtFsLoader                            : 612 K
Loader org.gradle.internal.classloader.VisitableURLClassLoader                         : 435 K
Loader com.intellij.util.lang.UrlClassLoader                                           : 194 K
Loader org.gradle.groovy.scripts.internal.DefaultScriptCompilationHandler$ScriptClassLoader: 67736 B
Loader sun.reflect.misc.MethodUtil                                                     : 2968 B

Classes loaded by more than one classloader:
Class Program                                                                         : loaded 17 times (x 74B)
Class Build_gradle                                                                    : loaded 10 times (x 128B)
Class Build_gradle$2                                                                  : loaded 6 times (x 76B)
Class org.jetbrains.kotlin.util.capitalizeDecapitalize.CapitalizeDecapitalizeKt       : loaded 5 times (x 73B)
Class Build_gradle$1                                                                  : loaded 5 times (x 76B)
Class [Lorg.jetbrains.kotlin.cli.common.CompilerSystemProperties;                     : loaded 4 times (x 71B)
Class org.gradle.kotlin.dsl.TestImplementationConfigurationAccessorsKt                : loaded 4 times (x 73B)
Class org.jetbrains.kotlin.cli.common.arguments.Freezable                             : loaded 4 times (x 74B)
Class org.jetbrains.kotlin.cli.common.messages.MessageCollector                       : loaded 4 times (x 72B)
Class org.jetbrains.kotlin.build.report.metrics.BuildMetricsReporter                  : loaded 4 times (x 72B)
Class org.jetbrains.kotlin.config.ApiVersion                                          : loaded 4 times (x 88B)
Class org.jetbrains.kotlin.config.ApiVersion$Companion                                : loaded 4 times (x 73B)
Class org.jetbrains.kotlin.cli.common.arguments.K2JVMCompilerArguments                : loaded 4 times (x 77B)
Class org.jetbrains.kotlin.cli.common.arguments.CommonCompilerArguments               : loaded 4 times (x 76B)
Class org.gradle.kotlin.dsl.ImplementationConfigurationAccessorsKt                    : loaded 4 times (x 73B)
Class org.jetbrains.kotlin.cli.common.CompilerSystemProperties$Companion              : loaded 4 times (x 73B)
Class org.jetbrains.kotlin.cli.common.arguments.CommonToolArguments                   : loaded 4 times (x 75B)
Class Build_gradle$3                                                                  : loaded 4 times (x 76B)
Class org.jetbrains.kotlin.cli.common.CompilerSystemProperties                        : loaded 4 times (x 81B)
Class org.objectweb.asm.Context                                                       : loaded 3 times (x 74B)
Class com.google.common.collect.MapMakerInternalMap$1                                 : loaded 3 times (x 85B)
Class kotlin.collections.CollectionsKt                                                : loaded 3 times (x 73B)
Class kotlinx.coroutines.Dispatchers                                                  : loaded 3 times (x 73B)
Class kotlin.io.TextStreamsKt                                                         : loaded 3 times (x 73B)
Class kotlin.sequences.DropTakeSequence                                               : loaded 3 times (x 72B)
Class kotlinx.coroutines.scheduling.DefaultScheduler                                  : loaded 3 times (x 114B)
Class kotlin.text.MatchGroupCollection                                                : loaded 3 times (x 72B)
Class kotlin.text.MatcherMatchResult                                                  : loaded 3 times (x 82B)
Class kotlin.sequences.FlatteningSequence                                             : loaded 3 times (x 77B)
Class kotlinx.coroutines.internal.LockFreeTaskQueue                                   : loaded 3 times (x 74B)
Class kotlin.text.StringsKt__StringsKt                                                : loaded 3 times (x 73B)
Class kotlin.NotImplementedError                                                      : loaded 3 times (x 84B)
Class kotlin.reflect.KMutableProperty2                                                : loaded 3 times (x 72B)
Class com.google.common.io.ByteSource                                                 : loaded 3 times (x 86B)
Class org.jetbrains.kotlin.protobuf.FieldSet                                          : loaded 3 times (x 74B)
Class [Lorg.jetbrains.org.objectweb.asm.Label;                                        : loaded 3 times (x 71B)
Class kotlinx.coroutines.scheduling.Task                                              : loaded 3 times (x 77B)
Class kotlin.reflect.KMutableProperty1                                                : loaded 3 times (x 72B)
Class org.jetbrains.kotlin.protobuf.AbstractMessageLite                               : loaded 3 times (x 100B)
Class org.jetbrains.kotlin.protobuf.FieldSet$FieldDescriptorLite                      : loaded 3 times (x 72B)
Class org.jetbrains.kotlin.metadata.ProtoBuf$Annotation$ArgumentOrBuilder             : loaded 3 times (x 72B)
Class com.google.common.collect.ImmutableList$SubList                                 : loaded 3 times (x 211B)
Class jdk.internal.jrtfs.JrtDirectoryStream                                           : loaded 3 times (x 91B)
Class com.google.common.collect.ImmutableSet$SetBuilderImpl                           : loaded 3 times (x 78B)
Class org.jetbrains.kotlin.name.FqName$Companion                                      : loaded 3 times (x 73B)
Class kotlin.reflect.KClassifier                                                      : loaded 3 times (x 72B)
Class kotlin.reflect.KMutableProperty0                                                : loaded 3 times (x 72B)
Class org.jetbrains.kotlin.metadata.ProtoBuf$Package$1                                : loaded 3 times (x 146B)
Class org.jetbrains.kotlin.protobuf.SmallSortedMap$Entry                              : loaded 3 times (x 90B)
Class org.jetbrains.kotlin.metadata.ProtoBuf$Annotation$Argument$Value$Type$1         : loaded 3 times (x 76B)
Class org.jetbrains.kotlin.cli.common.messages.CompilerMessageSeverity$Companion      : loaded 3 times (x 73B)
Class [Lcom.google.common.collect.MapMakerInternalMap$Segment;                        : loaded 3 times (x 71B)
Class com.google.common.collect.ImmutableList                                         : loaded 3 times (x 208B)
Class kotlinx.coroutines.Empty                                                        : loaded 3 times (x 77B)
Class org.jetbrains.kotlin.protobuf.FieldSet$1                                        : loaded 3 times (x 73B)
Class org.objectweb.asm.ClassReader                                                   : loaded 3 times (x 96B)
Class kotlinx.coroutines.internal.ResizableAtomicArray                                : loaded 3 times (x 74B)
Class kotlin.jvm.internal.markers.KMappedMarker                                       : loaded 3 times (x 72B)
Class [Lkotlin.reflect.KProperty;                                                     : loaded 3 times (x 71B)
Class org.jetbrains.kotlin.protobuf.MessageLite$Builder                               : loaded 3 times (x 72B)
Class org.jetbrains.kotlin.mpp.DeclarationSymbolMarker                                : loaded 3 times (x 72B)
Class kotlinx.coroutines.AbstractTimeSourceKt                                         : loaded 3 times (x 73B)
Class org.jetbrains.kotlin.protobuf.CodedInputStream                                  : loaded 3 times (x 74B)
Class org.jetbrains.kotlin.protobuf.RopeByteString$RopeInputStream                    : loaded 3 times (x 94B)
Class kotlin.sequences.ConstrainedOnceSequence                                        : loaded 3 times (x 77B)
Class org.jetbrains.org.objectweb.asm.Context                                         : loaded 3 times (x 74B)
Class org.jetbrains.kotlin.descriptors.Visibility                                     : loaded 3 times (x 81B)
Class org.jetbrains.kotlin.metadata.ProtoBuf$ContractOrBuilder                        : loaded 3 times (x 72B)
Class com.google.common.base.CharMatcher$InRange                                      : loaded 3 times (x 113B)
Class [Lkotlin.jvm.functions.Function1;                                               : loaded 3 times (x 71B)
Class org.jetbrains.kotlin.cli.common.messages.MessageRenderer                        : loaded 3 times (x 72B)
Class kotlin.reflect.jvm.internal.impl.builtins.CompanionObjectMapping                : loaded 3 times (x 73B)
Class kotlin.jvm.internal.MutablePropertyReference0                                   : loaded 3 times (x 139B)
Class kotlinx.coroutines.internal.ThreadContextKt                                     : loaded 3 times (x 73B)
Class kotlinx.coroutines.BuildersKt                                                   : loaded 3 times (x 73B)
Class kotlinx.coroutines.Incomplete                                                   : loaded 3 times (x 72B)
Class org.jetbrains.org.objectweb.asm.RecordComponentVisitor                          : loaded 3 times (x 79B)
Class com.google.common.collect.Maps$BiMapConverter                                   : loaded 3 times (x 92B)
Class kotlin.NoWhenBranchMatchedException                                             : loaded 3 times (x 84B)
Class kotlin.jvm.internal.CollectionToArray                                           : loaded 3 times (x 73B)
Class kotlin.io.FilesKt__FileTreeWalkKt                                               : loaded 3 times (x 73B)
Class kotlin.sequences.FilteringSequence$iterator$1                                   : loaded 3 times (x 81B)
Class kotlin.collections.CollectionsKt__ReversedViewsKt                               : loaded 3 times (x 73B)
Class kotlin.sequences.SequencesKt__SequenceBuilderKt                                 : loaded 3 times (x 73B)
Class [Lcom.google.common.base.AbstractIterator$State;                                : loaded 3 times (x 71B)
Class com.google.common.base.CharMatcher$IsEither                                     : loaded 3 times (x 113B)
Class jdk.internal.jimage.BasicImageReader                                            : loaded 3 times (x 97B)
Class kotlin.Lazy                                                                     : loaded 3 times (x 72B)
Class kotlin.reflect.jvm.internal.impl.resolve.jvm.JvmClassName                       : loaded 3 times (x 77B)
Class kotlin.jvm.functions.Function19                                                 : loaded 3 times (x 72B)
Class com.google.common.collect.ImmutableMapEntrySet$RegularEntrySet                  : loaded 3 times (x 154B)
Class kotlin.reflect.KMutableProperty$Setter                                          : loaded 3 times (x 72B)
Class kotlin.text.StringsKt__StringBuilderKt                                          : loaded 3 times (x 73B)
Class kotlin.jvm.internal.CallableReference$NoReceiver                                : loaded 3 times (x 73B)
Class kotlin.jvm.functions.Function18                                                 : loaded 3 times (x 72B)
Class org.jetbrains.kotlin.metadata.ProtoBuf$EnumEntryOrBuilder                       : loaded 3 times (x 72B)
Class org.jetbrains.org.objectweb.asm.MethodWriter                                    : loaded 3 times (x 107B)
Class com.google.common.base.CharMatcher$1                                            : loaded 3 times (x 115B)
Class com.google.common.base.CharMatcher$NamedFastMatcher                             : loaded 3 times (x 114B)
Class kotlin.collections.ArraysKt__ArraysJVMKt                                        : loaded 3 times (x 73B)
Class org.jetbrains.kotlin.config.MavenComparableVersion$Item                         : loaded 3 times (x 72B)
Class kotlin.jvm.functions.Function17                                                 : loaded 3 times (x 72B)
Class org.jetbrains.kotlin.cli.common.messages.MessageCollector$Companion$NONE$1      : loaded 3 times (x 78B)
Class org.objectweb.asm.MethodVisitor                                                 : loaded 3 times (x 107B)
Class [Lorg.jetbrains.kotlin.metadata.ProtoBuf$Type$Argument$Projection;              : loaded 3 times (x 71B)
Class com.google.common.collect.MapMakerInternalMap$InternalEntryHelper               : loaded 3 times (x 72B)
Class com.google.common.base.CharMatcher                                              : loaded 3 times (x 113B)
Class kotlin.collections.SetsKt__SetsKt                                               : loaded 3 times (x 73B)
Class kotlin.LazyKt                                                                   : loaded 3 times (x 73B)
Class kotlin.jvm.functions.Function16                                                 : loaded 3 times (x 72B)
Class org.objectweb.asm.Label                                                         : loaded 3 times (x 75B)
Class org.jetbrains.kotlin.metadata.ProtoBuf$TypeOrBuilder                            : loaded 3 times (x 72B)
Class com.google.common.base.Preconditions                                            : loaded 3 times (x 73B)
Class kotlin.collections.ArraysKt                                                     : loaded 3 times (x 73B)
Class kotlin.text.CharsKt__CharKt                                                     : loaded 3 times (x 73B)
Class com.google.common.collect.Hashing                                               : loaded 3 times (x 73B)
Class kotlin.jvm.functions.Function15                                                 : loaded 3 times (x 72B)
Class com.google.common.base.Equivalence$Equals                                       : loaded 3 times (x 84B)
Class com.google.common.base.CharMatcher$Is                                           : loaded 3 times (x 113B)
Class com.google.common.base.CharMatcher$Negated                                      : loaded 3 times (x 115B)
Class kotlin.ranges.RangesKt___RangesKt                                               : loaded 3 times (x 73B)
Class kotlin.jvm.functions.Function14                                                 : loaded 3 times (x 72B)
Class kotlin.KotlinNullPointerException                                               : loaded 3 times (x 84B)
Class kotlin.text.Charsets                                                            : loaded 3 times (x 73B)
Class kotlin.ranges.OpenEndRange                                                      : loaded 3 times (x 72B)
Class org.jetbrains.kotlin.metadata.ProtoBuf$TypeTableOrBuilder                       : loaded 3 times (x 72B)
Class kotlinx.coroutines.internal.LockFreeTaskQueueCore$Companion                     : loaded 3 times (x 73B)
Class com.google.common.collect.ImmutableList$1                                       : loaded 3 times (x 99B)
Class kotlin.jvm.functions.Function13                                                 : loaded 3 times (x 72B)
Class org.jetbrains.kotlin.metadata.ProtoBuf$Package                                  : loaded 3 times (x 130B)
Class jdk.internal.jrtfs.JrtFileSystem                                                : loaded 3 times (x 104B)
Class kotlin.collections.CollectionsKt__IterablesKt                                   : loaded 3 times (x 73B)
Class org.jetbrains.kotlin.metadata.deserialization.MetadataVersion$Companion         : loaded 3 times (x 73B)
Class kotlin.jvm.internal.PropertyReference1Impl                                      : loaded 3 times (x 129B)
Class kotlin.jvm.internal.MutablePropertyReference1                                   : loaded 3 times (x 139B)
Class kotlin.collections.MapsKt                                                       : loaded 3 times (x 73B)
Class kotlin.jvm.functions.Function12                                                 : loaded 3 times (x 72B)
Class org.objectweb.asm.MethodWriter                                                  : loaded 3 times (x 107B)
Class kotlin.SafePublicationLazyImpl$Companion                                        : loaded 3 times (x 73B)
Class com.google.common.collect.RegularImmutableMap$BucketOverflowException           : loaded 3 times (x 84B)
Class org.jetbrains.kotlin.metadata.ProtoBuf$Type$Argument                            : loaded 3 times (x 112B)
Class kotlin.jvm.internal.Intrinsics                                                  : loaded 3 times (x 73B)
Class kotlin.reflect.KAnnotatedElement                                                : loaded 3 times (x 72B)
Class com.google.common.collect.ImmutableEnumSet                                      : loaded 3 times (x 148B)
Class kotlin.text.MatcherMatchResult$groups$1                                         : loaded 3 times (x 153B)
Class kotlin.collections.EmptyMap                                                     : loaded 3 times (x 110B)
Class kotlin.ranges.IntRange$Companion                                                : loaded 3 times (x 73B)
Class kotlinx.coroutines.internal.LockFreeLinkedListNode                              : loaded 3 times (x 76B)
Class kotlin.jvm.functions.Function11                                                 : loaded 3 times (x 72B)
Class kotlin.jvm.internal.markers.KMutableCollection                                  : loaded 3 times (x 72B)
Class [Lkotlin.LazyThreadSafetyMode;                                                  : loaded 3 times (x 71B)
Class com.google.common.collect.ImmutableSet$RegularSetBuilderImpl                    : loaded 3 times (x 78B)
Class kotlin.reflect.jvm.internal.EmptyContainerForLocal                              : loaded 3 times (x 86B)
Class [Lkotlin.reflect.KClassifier;                                                   : loaded 3 times (x 71B)
Class kotlin.jvm.functions.Function9                                                  : loaded 3 times (x 72B)
Class kotlin.jvm.functions.Function10                                                 : loaded 3 times (x 72B)
Class org.jetbrains.kotlin.protobuf.WireFormat                                        : loaded 3 times (x 73B)
Class org.jetbrains.org.objectweb.asm.Attribute                                       : loaded 3 times (x 79B)
Class org.jetbrains.org.objectweb.asm.Label                                           : loaded 3 times (x 75B)
Class org.jetbrains.kotlin.cli.common.arguments.CommonCompilerArgumentsConfigurator   : loaded 3 times (x 76B)
Class kotlin.enums.EnumEntriesKt                                                      : loaded 3 times (x 73B)
Class kotlin.text.StringsKt___StringsKt                                               : loaded 3 times (x 73B)
Class kotlin.collections.CollectionsKt__MutableCollectionsJVMKt                       : loaded 3 times (x 73B)
Class kotlin.reflect.jvm.internal.impl.name.FqNameUnsafe                              : loaded 3 times (x 74B)
Class kotlin.jvm.functions.Function8                                                  : loaded 3 times (x 72B)
Class org.jetbrains.kotlin.metadata.ProtoBuf$VersionRequirementTable$1                : loaded 3 times (x 146B)
Class org.jetbrains.kotlin.metadata.ProtoBuf$Contract                                 : loaded 3 times (x 109B)
Class kotlin.collections.builders.MapBuilder$Companion                                : loaded 3 times (x 73B)
Class kotlin.ranges.IntProgressionIterator                                            : loaded 3 times (x 84B)
Class kotlin.collections.builders.MapBuilder                                          : loaded 3 times (x 114B)
Class kotlin.collections.MapsKt__MapWithDefaultKt                                     : loaded 3 times (x 73B)
Class com.google.common.collect.RegularImmutableMap                                   : loaded 3 times (x 122B)
Class com.google.common.collect.ImmutableMap$MapViewOfValuesAsSingletonSets           : loaded 3 times (x 128B)
Class kotlinx.coroutines.AbstractCoroutine                                            : loaded 3 times (x 145B)
Class kotlin.reflect.jvm.internal.KPropertyImpl$Companion                             : loaded 3 times (x 73B)
Class kotlin.reflect.jvm.internal.impl.name.Name                                      : loaded 3 times (x 77B)
Class org.jetbrains.kotlin.protobuf.GeneratedMessageLite$1                            : loaded 3 times (x 73B)
Class org.jetbrains.kotlin.metadata.ProtoBuf$FunctionOrBuilder                        : loaded 3 times (x 72B)
Class org.jetbrains.kotlin.protobuf.GeneratedMessageLite$ExtendableMessageOrBuilder   : loaded 3 times (x 72B)
Class kotlin.jvm.functions.Function7                                                  : loaded 3 times (x 72B)
Class com.google.common.io.Files                                                      : loaded 3 times (x 73B)
Class kotlin.reflect.jvm.internal.ReflectProperties$Val                               : loaded 3 times (x 76B)
Class kotlin.jvm.internal.MutablePropertyReference2                                   : loaded 3 times (x 139B)
Class com.google.common.collect.SortedMapDifference                                   : loaded 3 times (x 72B)
Class kotlin.collections.ArraysKt___ArraysKt                                          : loaded 3 times (x 73B)
Class kotlin.collections.MapsKt___MapsKt                                              : loaded 3 times (x 73B)
Class kotlin.io.FilesKt                                                               : loaded 3 times (x 73B)
Class kotlinx.coroutines.GlobalScope                                                  : loaded 3 times (x 76B)
Class kotlinx.coroutines.Unconfined                                                   : loaded 3 times (x 102B)
Class kotlin.ranges.IntProgression$Companion                                          : loaded 3 times (x 73B)
Class kotlin.reflect.jvm.internal.KTypeParameterOwnerImpl                             : loaded 3 times (x 72B)
Class kotlin.jvm.functions.Function6                                                  : loaded 3 times (x 72B)
Class org.jetbrains.kotlin.metadata.ProtoBuf$EnumEntry$1                              : loaded 3 times (x 146B)
Class org.jetbrains.kotlin.metadata.ProtoBuf$Type$Argument$Projection                 : loaded 3 times (x 84B)
Class [Lcom.google.common.collect.MapMakerInternalMap$Strength;                       : loaded 3 times (x 71B)
Class jdk.internal.jimage.ImageStrings                                                : loaded 3 times (x 72B)
Class kotlin.text.StringsKt___StringsJvmKt                                            : loaded 3 times (x 73B)
Class kotlin.reflect.KDeclarationContainer                                            : loaded 3 times (x 72B)
Class com.google.common.collect.CollectPreconditions                                  : loaded 3 times (x 73B)
Class kotlin.jvm.functions.Function5                                                  : loaded 3 times (x 72B)
Class kotlin.annotation.Retention                                                     : loaded 3 times (x 72B)
Class org.jetbrains.kotlin.metadata.deserialization.BinaryVersion                     : loaded 3 times (x 76B)
Class org.jetbrains.kotlin.metadata.ProtoBuf$Annotation$Argument$Value$Type           : loaded 3 times (x 84B)
Class kotlin.collections.CollectionsKt___CollectionsKt                                : loaded 3 times (x 73B)
Class kotlin.collections.EmptySet                                                     : loaded 3 times (x 124B)
Class org.jetbrains.kotlin.config.LanguageVersion                                     : loaded 3 times (x 92B)
Class kotlinx.coroutines.CoroutineId                                                  : loaded 3 times (x 95B)
Class kotlin.reflect.jvm.internal.KClassImpl$Data                                     : loaded 3 times (x 74B)
Class kotlin.jvm.functions.Function4                                                  : loaded 3 times (x 72B)
Class kotlin.reflect.jvm.internal.impl.builtins.PrimitiveType$Companion               : loaded 3 times (x 73B)
Class kotlin.annotation.Target                                                        : loaded 3 times (x 72B)
Class org.jetbrains.kotlin.protobuf.RopeByteString                                    : loaded 3 times (x 112B)
Class com.google.common.collect.ImmutableEntry                                        : loaded 3 times (x 84B)
Class [Lcom.google.common.collect.AbstractMapEntry;                                   : loaded 3 times (x 71B)
Class com.google.common.base.CharMatcher$NegatedFastMatcher                           : loaded 3 times (x 115B)
Class kotlin.collections.MapsKt___MapsJvmKt                                           : loaded 3 times (x 73B)
Class kotlinx.coroutines.CoroutineStart                                               : loaded 3 times (x 81B)
Class kotlin.jvm.functions.Function3                                                  : loaded 3 times (x 72B)
Class kotlin.reflect.jvm.internal.KDeclarationContainerImpl$Data                      : loaded 3 times (x 74B)
Class org.jetbrains.kotlin.protobuf.Internal$EnumLite                                 : loaded 3 times (x 72B)
Class com.google.common.collect.MapMakerInternalMap$WeakValueReference                : loaded 3 times (x 72B)
Class org.jetbrains.kotlin.incremental.IncrementalCompilationFeatures                 : loaded 3 times (x 73B)
Class kotlin.jvm.functions.Function2                                                  : loaded 3 times (x 72B)
Class com.google.common.collect.ImmutableMap                                          : loaded 3 times (x 122B)
Class com.google.common.collect.UnmodifiableListIterator                              : loaded 3 times (x 97B)
Class org.objectweb.asm.ClassVisitor                                                  : loaded 3 times (x 90B)
Class com.google.common.base.Predicate                                                : loaded 3 times (x 72B)
Class org.jetbrains.kotlin.protobuf.ByteString$Output                                 : loaded 3 times (x 88B)
Class kotlin.jvm.internal.markers.KMutableIterator                                    : loaded 3 times (x 72B)
Class com.google.common.collect.Sets                                                  : loaded 3 times (x 73B)
Class com.google.common.base.CharMatcher$FastMatcher                                  : loaded 3 times (x 113B)
Class kotlin.jvm.functions.Function1                                                  : loaded 3 times (x 72B)
Class kotlinx.coroutines.CompletedExceptionally                                       : loaded 3 times (x 74B)
Class kotlin.reflect.jvm.internal.impl.load.java.JvmAnnotationNames                   : loaded 3 times (x 73B)
Class kotlinx.coroutines.CoroutineScope                                               : loaded 3 times (x 72B)
Class kotlinx.coroutines.ChildHandle                                                  : loaded 3 times (x 72B)
Class kotlin.collections.AbstractMutableList                                          : loaded 3 times (x 208B)
Class kotlin.sequences.TransformingSequence                                           : loaded 3 times (x 77B)
Class org.jetbrains.kotlin.metadata.ProtoBuf$Annotation                               : loaded 3 times (x 111B)
Class org.jetbrains.kotlin.protobuf.CodedOutputStream                                 : loaded 3 times (x 74B)
Class com.google.common.collect.MapMakerInternalMap                                   : loaded 3 times (x 162B)
Class Settings_gradle                                                                 : loaded 3 times (x 126B)
Class kotlin.sequences.FlatteningSequence$iterator$1                                  : loaded 3 times (x 81B)
Class kotlin.jvm.functions.Function0                                                  : loaded 3 times (x 72B)
Class kotlin.collections.ArraysUtilJVM                                                : loaded 3 times (x 73B)
Class kotlin.reflect.jvm.internal.KClassImpl                                          : loaded 3 times (x 117B)
Class kotlin.sequences.GeneratorSequence                                              : loaded 3 times (x 77B)
Class kotlin.ranges.RangesKt                                                          : loaded 3 times (x 73B)
Class [Lorg.jetbrains.kotlin.utils.DescriptionAware;                                  : loaded 3 times (x 71B)
Class org.objectweb.asm.Attribute                                                     : loaded 3 times (x 79B)
Class [Lorg.objectweb.asm.Label;                                                      : loaded 3 times (x 71B)
Class com.google.common.base.CharMatcher$Or                                           : loaded 3 times (x 114B)
Class kotlin.sequences.SequencesKt___SequencesJvmKt                                   : loaded 3 times (x 73B)
Class com.google.common.io.Closer$Suppressor                                          : loaded 3 times (x 72B)
Class kotlin.Unit                                                                     : loaded 3 times (x 73B)
Class kotlin.TuplesKt                                                                 : loaded 3 times (x 73B)
Class org.jetbrains.kotlin.config.MavenComparableVersion$ListItem                     : loaded 3 times (x 220B)
Class kotlinx.coroutines.CoroutineStart$WhenMappings                                  : loaded 3 times (x 73B)
Class com.google.common.io.LineProcessor                                              : loaded 3 times (x 72B)
Class kotlin.jvm.internal.markers.KMutableIterable                                    : loaded 3 times (x 72B)
Class org.jetbrains.kotlin.protobuf.MessageLite                                       : loaded 3 times (x 72B)
Class org.jetbrains.kotlin.protobuf.SmallSortedMap$EmptySet                           : loaded 3 times (x 73B)
Class kotlin.jvm.internal.FunctionReferenceImpl                                       : loaded 3 times (x 124B)
Class kotlin.collections.CollectionsKt___CollectionsJvmKt                             : loaded 3 times (x 73B)
Class kotlin.reflect.jvm.internal.ReflectProperties$Val$1                             : loaded 3 times (x 73B)
Class org.jetbrains.kotlin.protobuf.SmallSortedMap                                    : loaded 3 times (x 131B)
Class com.google.common.collect.ImmutableSet                                          : loaded 3 times (x 147B)
Class com.google.common.base.CharMatcher$BitSetMatcher                                : loaded 3 times (x 114B)
Class com.google.common.io.Closer                                                     : loaded 3 times (x 80B)
Class org.jetbrains.kotlin.metadata.ProtoBuf$TypeParameter$Variance$1                 : loaded 3 times (x 76B)
Class kotlin.reflect.KType                                                            : loaded 3 times (x 72B)
Class org.jetbrains.kotlin.metadata.ProtoBuf$ConstructorOrBuilder                     : loaded 3 times (x 72B)
Class com.google.common.collect.RegularImmutableMap$Values                            : loaded 3 times (x 209B)
Class com.google.common.base.AbstractIterator                                         : loaded 3 times (x 82B)
Class kotlin.comparisons.ComparisonsKt___ComparisonsKt                                : loaded 3 times (x 73B)
Class kotlin.comparisons.ComparisonsKt                                                : loaded 3 times (x 73B)
Class kotlin.text.CharsKt__CharJVMKt                                                  : loaded 3 times (x 73B)
Class kotlin.sequences.FilteringSequence                                              : loaded 3 times (x 77B)
Class kotlin.text.MatchGroup                                                          : loaded 3 times (x 74B)
Class org.jetbrains.kotlin.metadata.ProtoBuf$Annotation$Argument$ValueOrBuilder       : loaded 3 times (x 72B)
Class kotlin.comparisons.ComparisonsKt__ComparisonsKt                                 : loaded 3 times (x 73B)
Class kotlin.reflect.jvm.internal.RuntimeTypeMapper                                   : loaded 3 times (x 73B)
Class kotlin.collections.SetsKt___SetsKt                                              : loaded 3 times (x 73B)
Class com.google.common.collect.MapMakerInternalMap$Strength                          : loaded 3 times (x 82B)
Class com.google.common.math.IntMath$1                                                : loaded 3 times (x 73B)
Class kotlin.ranges.RangesKt__RangesKt                                                : loaded 3 times (x 73B)
Class kotlinx.coroutines.Job$DefaultImpls                                             : loaded 3 times (x 73B)
Class kotlin.jvm.internal.ClassBasedDeclarationContainer                              : loaded 3 times (x 72B)
Class [Lkotlin.reflect.jvm.internal.impl.resolve.jvm.JvmPrimitiveType;                : loaded 3 times (x 71B)
Class com.google.common.io.Files$FileByteSink                                         : loaded 3 times (x 79B)
Class org.jetbrains.kotlin.metadata.ProtoBuf$ClassOrBuilder                           : loaded 3 times (x 72B)
Class kotlin.io.LinesSequence                                                         : loaded 3 times (x 77B)
Class org.jetbrains.kotlin.metadata.ProtoBuf$ValueParameter                           : loaded 3 times (x 134B)
Class kotlin.sequences.SequencesKt__SequencesKt$sequenceOf$1$1                        : loaded 3 times (x 81B)
Class kotlin.reflect.jvm.internal.impl.name.FqName                                    : loaded 3 times (x 74B)
Class [Lkotlin.reflect.KClass;                                                        : loaded 3 times (x 71B)
Class kotlinx.coroutines.scheduling.CoroutineScheduler                                : loaded 3 times (x 83B)
Class kotlinx.coroutines.scheduling.SchedulerTimeSource                               : loaded 3 times (x 74B)
Class kotlin.UNINITIALIZED_VALUE                                                      : loaded 3 times (x 73B)
Class kotlin.jvm.internal.ReflectionFactory                                           : loaded 3 times (x 93B)
Class com.google.common.graph.SuccessorsFunction                                      : loaded 3 times (x 72B)
Class org.jetbrains.kotlin.metadata.deserialization.BinaryVersion$Companion           : loaded 3 times (x 73B)
Class org.objectweb.asm.Type                                                          : loaded 3 times (x 74B)
Class com.google.common.collect.RegularImmutableMap$KeySet                            : loaded 3 times (x 154B)
Class com.google.common.collect.Sets$SetView                                          : loaded 3 times (x 140B)
Class kotlin.text.StringsKt__StringBuilderJVMKt                                       : loaded 3 times (x 73B)
Class kotlin.text.Regex                                                               : loaded 3 times (x 74B)
Class kotlin.LazyKt__LazyKt                                                           : loaded 3 times (x 73B)
Class org.jetbrains.kotlin.metadata.ProtoBuf$TypeParameter$1                          : loaded 3 times (x 146B)
Class kotlin.Triple                                                                   : loaded 3 times (x 74B)
Class kotlinx.coroutines.intrinsics.CancellableKt                                     : loaded 3 times (x 73B)
Class jdk.internal.jimage.ImageReader$Directory                                       : loaded 3 times (x 86B)
Class kotlin.collections.AbstractCollection                                           : loaded 3 times (x 119B)
Class kotlin.collections.AbstractList                                                 : loaded 3 times (x 199B)
Class com.google.common.collect.Maps$8                                                : loaded 3 times (x 84B)
Class kotlin.sequences.SequencesKt__SequencesJVMKt                                    : loaded 3 times (x 73B)
Class org.jetbrains.kotlin.protobuf.LazyField                                         : loaded 3 times (x 85B)
Class org.jetbrains.kotlin.metadata.ProtoBuf$VersionRequirementTable                  : loaded 3 times (x 109B)
Class com.google.common.collect.RegularImmutableSet                                   : loaded 3 times (x 150B)
Class kotlin.text.StringsKt__RegexExtensionsKt                                        : loaded 3 times (x 73B)
Class kotlin.SynchronizedLazyImpl                                                     : loaded 3 times (x 78B)
Class kotlin.collections.EmptyIterator                                                : loaded 3 times (x 91B)
Class kotlinx.coroutines.internal.Symbol                                              : loaded 3 times (x 74B)
Class kotlinx.coroutines.internal.DispatchedContinuation                              : loaded 3 times (x 91B)
Class kotlin.jvm.internal.SpreadBuilder                                               : loaded 3 times (x 78B)
Class org.jetbrains.kotlin.metadata.ProtoBuf$Function                                 : loaded 3 times (x 162B)
Class org.jetbrains.kotlin.build.report.metrics.BuildPerformanceMetric                : loaded 3 times (x 74B)
Class kotlin.jvm.internal.ArrayIterator                                               : loaded 3 times (x 81B)
Class kotlin.LazyThreadSafetyMode                                                     : loaded 3 times (x 81B)
Class kotlinx.coroutines.CoroutineContextKt                                           : loaded 3 times (x 73B)
Class kotlin.reflect.full.IllegalPropertyDelegateAccessException                      : loaded 3 times (x 84B)
Class [Lkotlin.reflect.jvm.internal.impl.builtins.jvm.JavaToKotlinClassMap$PlatformMutabilityMapping;: loaded 3 times (x 71B)
Class org.jetbrains.kotlin.metadata.ProtoBuf$TypeTable$1                              : loaded 3 times (x 146B)
Class kotlin.KotlinVersion$Companion                                                  : loaded 3 times (x 73B)
Class jdk.internal.jimage.ImageReader$SharedImageReader$LocationVisitor               : loaded 3 times (x 72B)
Class kotlin.LazyKt__LazyJVMKt$WhenMappings                                           : loaded 3 times (x 73B)
Class kotlin.UnsafeLazyImpl                                                           : loaded 3 times (x 78B)
Class org.jetbrains.kotlin.name.Name                                                  : loaded 3 times (x 77B)
Class kotlin.jvm.internal.PropertyReference2                                          : loaded 3 times (x 129B)
Class kotlin.jvm.internal.MutablePropertyReference                                    : loaded 3 times (x 121B)
Class [Lcom.google.common.collect.ImmutableEntry;                                     : loaded 3 times (x 71B)
Class org.jetbrains.org.objectweb.asm.ClassVisitor                                    : loaded 3 times (x 90B)
Class com.google.common.collect.MapMaker                                              : loaded 3 times (x 74B)
Class com.google.common.collect.Maps                                                  : loaded 3 times (x 73B)
Class kotlin.jvm.internal.PropertyReference1                                          : loaded 3 times (x 129B)
Class kotlin.reflect.full.IllegalCallableAccessException                              : loaded 3 times (x 84B)
Class kotlin.jvm.internal.DefaultConstructorMarker                                    : loaded 3 times (x 73B)
Class kotlinx.coroutines.CopyableThreadContextElement                                 : loaded 3 times (x 72B)
Class org.jetbrains.kotlin.metadata.ProtoBuf$VersionRequirementTableOrBuilder         : loaded 3 times (x 72B)
Class kotlin.sequences.EmptySequence                                                  : loaded 3 times (x 80B)
Class kotlinx.coroutines.NonDisposableHandle                                          : loaded 3 times (x 80B)
Class kotlin.sequences.SequencesKt___SequencesKt                                      : loaded 3 times (x 73B)
Class kotlin.jvm.internal.PropertyReference0                                          : loaded 3 times (x 129B)
Class com.google.common.base.CharMatcher$None                                         : loaded 3 times (x 114B)
Class kotlin.collections.AbstractList$Companion                                       : loaded 3 times (x 73B)
Class org.jetbrains.kotlin.metadata.ProtoBuf$Constructor                              : loaded 3 times (x 131B)
Class [Lorg.jetbrains.kotlin.metadata.ProtoBuf$TypeParameter$Variance;                : loaded 3 times (x 71B)
Class com.google.common.base.Splitter$Strategy                                        : loaded 3 times (x 72B)
Class jdk.internal.jrtfs.JrtPath                                                      : loaded 3 times (x 124B)
Class jdk.internal.jimage.ImageBufferCache                                            : loaded 3 times (x 73B)
Class kotlin.reflect.jvm.internal.KDeclarationContainerImpl$Companion                 : loaded 3 times (x 73B)
Class org.jetbrains.kotlin.protobuf.WireFormat$FieldType                              : loaded 3 times (x 84B)
Class org.jetbrains.kotlin.metadata.ProtoBuf$AnnotationOrBuilder                      : loaded 3 times (x 72B)
Class org.jetbrains.kotlin.name.ClassId$Companion                                     : loaded 3 times (x 73B)
Class kotlinx.coroutines.ExecutorCoroutineDispatcher$Key                              : loaded 3 times (x 74B)
Class kotlinx.coroutines.CoroutineDispatcher                                          : loaded 3 times (x 102B)
Class org.jetbrains.kotlin.config.LanguageFeatureBehaviorAfterSinceVersion$CannotBeDisabled: loaded 3 times (x 73B)
Class org.jetbrains.kotlin.protobuf.MessageLiteOrBuilder                              : loaded 3 times (x 72B)
Class org.jetbrains.kotlin.metadata.ProtoBuf$TypeTable                                : loaded 3 times (x 111B)
Class com.google.common.collect.RegularImmutableList                                  : loaded 3 times (x 215B)
Class org.jetbrains.kotlin.build.report.metrics.DoNothingBuildMetricsReporter         : loaded 3 times (x 88B)
Class kotlin.enums.EnumEntries                                                        : loaded 3 times (x 72B)
Class com.google.common.base.Function                                                 : loaded 3 times (x 72B)
Class org.jetbrains.kotlin.name.FqName                                                : loaded 3 times (x 74B)
Class kotlinx.coroutines.CompletionStateKt                                            : loaded 3 times (x 73B)
Class org.jetbrains.kotlin.metadata.ProtoBuf$Property                                 : loaded 3 times (x 177B)
Class org.jetbrains.kotlin.metadata.ProtoBuf$TypeParameterOrBuilder                   : loaded 3 times (x 72B)
Class com.google.common.collect.ImmutableMapEntry$NonTerminalImmutableMapEntry        : loaded 3 times (x 87B)
Class org.jetbrains.org.objectweb.asm.Type                                            : loaded 3 times (x 74B)
Class com.google.common.base.Equivalence                                              : loaded 3 times (x 84B)
Class kotlin.ranges.IntRange                                                          : loaded 3 times (x 95B)
Class kotlin.reflect.jvm.internal.impl.descriptors.runtime.structure.ReflectClassUtilKt: loaded 3 times (x 73B)
Class kotlin.properties.ReadOnlyProperty                                              : loaded 3 times (x 72B)
Class org.jetbrains.kotlin.config.LanguageFeature$Companion                           : loaded 3 times (x 73B)
Class com.google.common.collect.ImmutableMapEntry                                     : loaded 3 times (x 87B)
Class com.google.common.collect.MapMakerInternalMap$InternalEntry                     : loaded 3 times (x 72B)
Class kotlin.jvm.internal.markers.KMutableMap                                         : loaded 3 times (x 72B)
Class kotlin.jvm.internal.CallableReference                                           : loaded 3 times (x 108B)
Class org.jetbrains.kotlin.metadata.ProtoBuf$Type$Argument$1                          : loaded 3 times (x 146B)
Class com.google.common.math.IntMath                                                  : loaded 3 times (x 73B)
Class kotlin.collections.AbstractList$IteratorImpl                                    : loaded 3 times (x 84B)
Class org.jetbrains.kotlin.metadata.ProtoBuf$Class$1                                  : loaded 3 times (x 146B)
Class org.jetbrains.kotlin.protobuf.ExtensionRegistryLite$ObjectIntPair               : loaded 3 times (x 74B)
Class org.jetbrains.org.objectweb.asm.ClassReader                                     : loaded 3 times (x 95B)
Class [Lcom.google.common.collect.ImmutableMapEntry;                                  : loaded 3 times (x 71B)
Class org.jetbrains.kotlin.descriptors.Visibilities$Public                            : loaded 3 times (x 81B)
Class [Lorg.jetbrains.kotlin.build.report.metrics.ValueType;                          : loaded 3 times (x 71B)
Class com.google.common.base.CommonPattern                                            : loaded 3 times (x 76B)
Class kotlin.reflect.jvm.internal.KProperty1Impl                                      : loaded 3 times (x 130B)
Class com.google.common.base.CharMatcher$IsNot                                        : loaded 3 times (x 113B)
Class kotlin.reflect.jvm.internal.impl.builtins.PrimitiveType                         : loaded 3 times (x 81B)
Class jdk.internal.jrtfs.JrtFileAttributes                                            : loaded 3 times (x 85B)
Class [Lkotlin.sequences.Sequence;                                                    : loaded 3 times (x 71B)
Class org.jetbrains.kotlin.cli.common.CompilerSystemProperties$value$2                : loaded 3 times (x 127B)
Class kotlinx.coroutines.ChildHandleNode                                              : loaded 3 times (x 92B)
Class kotlinx.coroutines.scheduling.SchedulerCoroutineDispatcher                      : loaded 3 times (x 114B)
Class [Lorg.jetbrains.kotlin.protobuf.Internal$EnumLite;                              : loaded 3 times (x 71B)
Class kotlin.jvm.internal.MutablePropertyReference1Impl                               : loaded 3 times (x 139B)
Class kotlin.jvm.KotlinReflectionNotSupportedError                                    : loaded 3 times (x 84B)
Class jdk.internal.jimage.ImageReader$Resource                                        : loaded 3 times (x 86B)
Class jdk.internal.jimage.decompressor.Decompressor                                   : loaded 3 times (x 74B)
Class com.google.common.collect.Maps$EntryTransformer                                 : loaded 3 times (x 72B)
Class kotlin.text.StringsKt__StringNumberConversionsKt                                : loaded 3 times (x 73B)
Class kotlin.text.MatchNamedGroupCollection                                           : loaded 3 times (x 72B)
Class kotlin.io.FilesKt__FileReadWriteKt                                              : loaded 3 times (x 73B)
Class [Lkotlin.Pair;                                                                  : loaded 3 times (x 71B)
Class [Lorg.jetbrains.kotlin.config.LanguageVersion;                                  : loaded 3 times (x 71B)
Class kotlinx.coroutines.ChildJob                                                     : loaded 3 times (x 72B)
Class kotlinx.coroutines.internal.SystemPropsKt__SystemPropsKt                        : loaded 3 times (x 73B)
Class org.jetbrains.kotlin.cli.common.CompilerSystemProperties$value$1                : loaded 3 times (x 127B)
Class kotlinx.coroutines.scheduling.TasksKt                                           : loaded 3 times (x 73B)
Class kotlin.jvm.internal.markers.KMutableList                                        : loaded 3 times (x 72B)
Class org.jetbrains.kotlin.protobuf.AbstractParser                                    : loaded 3 times (x 146B)
Class org.jetbrains.kotlin.metadata.ProtoBuf$Annotation$1                             : loaded 3 times (x 146B)
Class kotlin.LazyKt__LazyJVMKt                                                        : loaded 3 times (x 73B)
Class org.jetbrains.kotlin.descriptors.Visibilities$Private                           : loaded 3 times (x 81B)
Class org.gradle.kotlin.dsl.Accessors7t09xqv4rp34sow31xff10e9cKt                      : loaded 3 times (x 73B)
Class kotlin.text.StringsKt                                                           : loaded 3 times (x 73B)
Class com.google.common.collect.ImmutableAsList                                       : loaded 3 times (x 211B)
Class com.google.common.base.FunctionalEquivalence                                    : loaded 3 times (x 85B)
Class kotlin.jvm.internal.markers.KMutableSet                                         : loaded 3 times (x 72B)
Class jdk.internal.jimage.BasicImageReader$1                                          : loaded 3 times (x 79B)
Class com.google.common.collect.Lists                                                 : loaded 3 times (x 73B)
Class com.google.common.base.Converter                                                : loaded 3 times (x 92B)
Class kotlin.sequences.SequencesKt                                                    : loaded 3 times (x 73B)
Class kotlin.collections.CollectionsKt__IteratorsKt                                   : loaded 3 times (x 73B)
Class com.google.common.collect.ImmutableSet$CachingAsList                            : loaded 3 times (x 150B)
Class kotlin.reflect.jvm.internal.impl.name.SpecialNames                              : loaded 3 times (x 73B)
Class org.jetbrains.kotlin.metadata.ProtoBuf$Function$1                               : loaded 3 times (x 146B)
Class org.jetbrains.kotlin.metadata.ProtoBuf$Annotation$Argument$1                    : loaded 3 times (x 146B)
Class kotlin.KotlinVersionCurrentValue                                                : loaded 3 times (x 73B)
Class kotlin.collections.builders.MapBuilder$Itr                                      : loaded 3 times (x 74B)
Class jdk.internal.jimage.ImageReader$Node                                            : loaded 3 times (x 86B)
Class com.google.common.collect.ImmutableCollection                                   : loaded 3 times (x 127B)
Class com.google.common.base.CharMatcher$AnyOf                                        : loaded 3 times (x 114B)
Class kotlin.collections.CollectionsKt__CollectionsJVMKt                              : loaded 3 times (x 73B)
Class org.jetbrains.kotlin.metadata.ProtoBuf$EnumEntry                                : loaded 3 times (x 122B)
Class kotlin.io.FilesKt__UtilsKt                                                      : loaded 3 times (x 73B)
Class com.google.common.base.CharMatcher$ForPredicate                                 : loaded 3 times (x 114B)
Class kotlin.text.RegexKt                                                             : loaded 3 times (x 73B)
Class org.jetbrains.kotlin.name.FqNameUnsafe                                          : loaded 3 times (x 74B)
Class kotlinx.coroutines.Job$Key                                                      : loaded 3 times (x 73B)
Class kotlin.reflect.jvm.internal.KDeclarationContainerImpl                           : loaded 3 times (x 86B)
Class org.jetbrains.kotlin.protobuf.WireFormat$FieldType$4                            : loaded 3 times (x 84B)
Class org.jetbrains.kotlin.metadata.ProtoBuf$Type$1                                   : loaded 3 times (x 146B)
Class kotlinx.coroutines.DebugKt                                                      : loaded 3 times (x 73B)
Class [Lorg.jetbrains.kotlin.config.LanguageOrApiVersion;                             : loaded 3 times (x 71B)
Class kotlin.text.StringsKt__AppendableKt                                             : loaded 3 times (x 73B)
Class com.google.common.collect.ImmutableEnumMap                                      : loaded 3 times (x 128B)
Class org.jetbrains.kotlin.metadata.ProtoBuf$Contract$1                               : loaded 3 times (x 146B)
Class [Lorg.jetbrains.kotlin.metadata.ProtoBuf$Annotation$Argument$Value$Type;        : loaded 3 times (x 71B)
Class com.google.common.base.Splitter$SplittingIterator                               : loaded 3 times (x 85B)
Class com.google.common.collect.ImmutableSet$JdkBackedSetBuilderImpl                  : loaded 3 times (x 78B)
Class org.jetbrains.kotlin.protobuf.WireFormat$FieldType$3                            : loaded 3 times (x 84B)
Class org.jetbrains.org.objectweb.asm.AnnotationVisitor                               : loaded 3 times (x 80B)
Class jdk.internal.jimage.ImageReader$SharedImageReader                               : loaded 3 times (x 97B)
Class org.jetbrains.kotlin.utils.DescriptionAware                                     : loaded 3 times (x 72B)
Class kotlin.SafePublicationLazyImpl                                                  : loaded 3 times (x 78B)
Class kotlin.reflect.jvm.internal.ReflectProperties                                   : loaded 3 times (x 73B)
Class org.jetbrains.kotlin.protobuf.WireFormat$FieldType$2                            : loaded 3 times (x 84B)
Class [Lorg.jetbrains.kotlin.protobuf.WireFormat$FieldType;                           : loaded 3 times (x 71B)
Class org.jetbrains.kotlin.metadata.ProtoBuf$ValueParameter$1                         : loaded 3 times (x 146B)
Class org.jetbrains.kotlin.metadata.ProtoBuf$TypeParameter                            : loaded 3 times (x 134B)
Class com.google.common.collect.ImmutableBiMap                                        : loaded 3 times (x 145B)
Class [Lorg.jetbrains.kotlin.cli.common.messages.CompilerMessageSeverity;             : loaded 3 times (x 71B)
Class jdk.internal.jimage.ImageReader                                                 : loaded 3 times (x 77B)
Class kotlin.reflect.KProperty$Getter                                                 : loaded 3 times (x 72B)
Class org.jetbrains.kotlin.protobuf.ByteString                                        : loaded 3 times (x 110B)
Class org.jetbrains.kotlin.protobuf.WireFormat$FieldType$1                            : loaded 3 times (x 84B)
Class org.jetbrains.kotlin.metadata.ProtoBuf$Annotation$Argument                      : loaded 3 times (x 110B)
Class org.jetbrains.kotlin.protobuf.GeneratedMessageLite$Builder                      : loaded 3 times (x 130B)
Class kotlin.UninitializedPropertyAccessException                                     : loaded 3 times (x 84B)
Class com.google.common.collect.ImmutableMap$IteratorBasedImmutableMap                : loaded 3 times (x 128B)
Class com.google.common.collect.SingletonImmutableSet                                 : loaded 3 times (x 148B)
Class kotlin.Metadata                                                                 : loaded 3 times (x 72B)
Class kotlin.collections.AbstractMutableSet                                           : loaded 3 times (x 144B)
Class jdk.internal.jimage.ImageStringsReader                                          : loaded 3 times (x 82B)
Class org.jetbrains.kotlin.metadata.ProtoBuf$Class                                    : loaded 3 times (x 178B)
Class org.jetbrains.kotlin.metadata.ProtoBuf$Type                                     : loaded 3 times (x 149B)
Class org.jetbrains.kotlin.protobuf.CodedOutputStream$ByteBufferOutputStream          : loaded 3 times (x 88B)
Class org.jetbrains.kotlin.metadata.ProtoBuf$Property$1                               : loaded 3 times (x 146B)
Class kotlinx.coroutines.JobSupportKt                                                 : loaded 3 times (x 73B)
Class org.jetbrains.kotlin.daemon.common.MultiModuleICSettings                        : loaded 3 times (x 74B)
Class kotlin.reflect.jvm.internal.KCallableImpl                                       : loaded 3 times (x 107B)
Class kotlin.reflect.KProperty$Accessor                                               : loaded 3 times (x 72B)
Class [Lkotlin.reflect.KCallable;                                                     : loaded 3 times (x 71B)
Class kotlin.jvm.internal.Lambda                                                      : loaded 3 times (x 77B)
Class kotlin.collections.MapsKt__MapsKt                                               : loaded 3 times (x 73B)
Class [Lkotlinx.coroutines.CoroutineStart;                                            : loaded 3 times (x 71B)
Class kotlin.jvm.internal.ArrayIteratorKt                                             : loaded 3 times (x 73B)
Class com.google.common.base.Splitter                                                 : loaded 3 times (x 74B)
Class com.google.common.collect.Sets$1                                                : loaded 3 times (x 141B)
Class org.jetbrains.kotlin.incremental.ClasspathChanges                               : loaded 3 times (x 73B)
Class kotlinx.coroutines.CoroutineDispatcher$Key                                      : loaded 3 times (x 74B)
Class [Lkotlin.reflect.KDeclarationContainer;                                         : loaded 3 times (x 71B)
Class org.jetbrains.kotlin.protobuf.GeneratedMessageLite$GeneratedExtension           : loaded 3 times (x 81B)
Class org.jetbrains.kotlin.metadata.ProtoBuf$Type$ArgumentOrBuilder                   : loaded 3 times (x 72B)
Class com.google.common.base.JdkPattern                                               : loaded 3 times (x 77B)
Class kotlin.reflect.KFunction                                                        : loaded 3 times (x 72B)
Class [Lkotlin.reflect.jvm.internal.impl.name.FqName;                                 : loaded 3 times (x 71B)
Class com.google.common.io.Files$FileByteSource                                       : loaded 3 times (x 87B)
Class com.google.common.collect.ImmutableList$ReverseImmutableList                    : loaded 3 times (x 211B)
Class org.jetbrains.kotlin.descriptors.SourceElement                                  : loaded 3 times (x 72B)
Class org.jetbrains.kotlin.cli.common.arguments.K2JVMCompilerArgumentsConfigurator    : loaded 3 times (x 76B)
Class kotlin.text.StringsKt__IndentKt                                                 : loaded 3 times (x 73B)
Class kotlin.collections.SetsKt                                                       : loaded 3 times (x 73B)
Class org.jetbrains.kotlin.buildtools.api.jvm.ClassSnapshotGranularity                : loaded 3 times (x 81B)
Class org.jetbrains.kotlin.name.FqNameUnsafe$Companion                                : loaded 3 times (x 73B)
Class com.google.common.io.ByteSink                                                   : loaded 3 times (x 78B)
Class com.google.common.collect.SingletonImmutableList                                : loaded 3 times (x 209B)
Class kotlin.text.StringsKt__StringsJVMKt                                             : loaded 3 times (x 73B)
Class kotlinx.coroutines.ThreadContextElement                                         : loaded 3 times (x 72B)
Class kotlinx.coroutines.internal.SystemPropsKt__SystemProps_commonKt                 : loaded 3 times (x 73B)
Class kotlinx.coroutines.DispatchedTaskKt                                             : loaded 3 times (x 73B)
Class kotlin.reflect.jvm.internal.impl.resolve.jvm.JvmPrimitiveType                   : loaded 3 times (x 81B)
Class kotlin.collections.IntIterator                                                  : loaded 3 times (x 84B)
Class org.jetbrains.kotlin.metadata.ProtoBuf$PackageOrBuilder                         : loaded 3 times (x 72B)
Class org.jetbrains.kotlin.protobuf.SmallSortedMap$EmptySet$2                         : loaded 3 times (x 80B)
Class org.jetbrains.kotlin.metadata.ProtoBuf$ValueParameterOrBuilder                  : loaded 3 times (x 72B)
Class org.jetbrains.kotlin.descriptors.Visibilities$Protected                         : loaded 3 times (x 81B)
Class com.google.common.collect.MapMakerInternalMap$Segment                           : loaded 3 times (x 143B)
Class com.google.common.collect.Multimap                                              : loaded 3 times (x 72B)
Class com.google.common.collect.MapMakerInternalMap$Strength$1                        : loaded 3 times (x 82B)
Class kotlin.ranges.ClosedRange                                                       : loaded 3 times (x 72B)
Class com.google.common.primitives.IntsMethodsForWeb                                  : loaded 3 times (x 73B)
Class kotlin.ranges.IntProgression                                                    : loaded 3 times (x 83B)
Class kotlin.reflect.KProperty                                                        : loaded 3 times (x 72B)
Class kotlin.jvm.internal.Reflection                                                  : loaded 3 times (x 73B)
Class kotlin.sequences.SequencesKt__SequencesKt$sequenceOf$$inlined$Sequence$1        : loaded 3 times (x 77B)
Class kotlin.reflect.jvm.internal.KPropertyImpl                                       : loaded 3 times (x 117B)
Class org.jetbrains.kotlin.protobuf.ExtensionRegistryLite                             : loaded 3 times (x 76B)
Class kotlin.jvm.JvmClassMappingKt                                                    : loaded 3 times (x 73B)
Class kotlin.reflect.jvm.internal.impl.builtins.jvm.JavaToKotlinClassMap$PlatformMutabilityMapping: loaded 3 times (x 74B)
Class org.jetbrains.kotlin.protobuf.AbstractMessageLite$Builder$LimitedInputStream    : loaded 3 times (x 94B)
Class org.jetbrains.kotlin.protobuf.SmallSortedMap$EmptySet$1                         : loaded 3 times (x 80B)
Class org.jetbrains.kotlin.metadata.ProtoBuf$Type$Argument$Projection$1               : loaded 3 times (x 76B)
Class [Lkotlin.reflect.KAnnotatedElement;                                             : loaded 3 times (x 71B)
Class kotlin.reflect.jvm.internal.ReflectProperties$LazySoftVal                       : loaded 3 times (x 80B)
Class kotlin.reflect.jvm.internal.impl.builtins.StandardNames                         : loaded 3 times (x 73B)
Class [Lkotlin.reflect.jvm.internal.impl.builtins.PrimitiveType;                      : loaded 3 times (x 71B)
Class org.jetbrains.org.objectweb.asm.MethodVisitor                                   : loaded 3 times (x 107B)
Class kotlin.text.MatchResult                                                         : loaded 3 times (x 72B)
Class kotlin.sequences.Sequence                                                       : loaded 3 times (x 72B)
Class kotlin.text.StringsKt__StringNumberConversionsJVMKt                             : loaded 3 times (x 73B)
Class com.google.common.collect.Sets$2                                                : loaded 3 times (x 141B)
Class com.google.common.base.Equivalence$Identity                                     : loaded 3 times (x 84B)
Class com.google.common.base.NullnessCasts                                            : loaded 3 times (x 73B)
Class org.jetbrains.kotlin.protobuf.LiteralByteString                                 : loaded 3 times (x 114B)
Class org.jetbrains.kotlin.protobuf.LazyFieldLite                                     : loaded 3 times (x 84B)
Class com.google.common.collect.ImmutableMap$Builder                                  : loaded 3 times (x 84B)
Class jdk.internal.jimage.ImageHeader                                                 : loaded 3 times (x 73B)
Class kotlin.sequences.SequencesKt__SequencesKt                                       : loaded 3 times (x 73B)
Class kotlinx.coroutines.internal.LockFreeTaskQueueCore                               : loaded 3 times (x 74B)
Class kotlin.jvm.internal.PropertyReference                                           : loaded 3 times (x 117B)
Class kotlin.internal.ProgressionUtilKt                                               : loaded 3 times (x 73B)
Class kotlinx.coroutines.internal.DispatchedContinuationKt                            : loaded 3 times (x 73B)
Class kotlin.reflect.KMutableProperty                                                 : loaded 3 times (x 72B)
Class kotlin.reflect.jvm.internal.KClassifierImpl                                     : loaded 3 times (x 72B)
Class kotlin.KotlinVersion                                                            : loaded 3 times (x 76B)
Class kotlin.Function                                                                 : loaded 3 times (x 72B)
Class kotlin.collections.SetsKt__SetsJVMKt                                            : loaded 3 times (x 73B)
Class kotlinx.coroutines.Job                                                          : loaded 3 times (x 72B)
Class kotlin.reflect.jvm.internal.KotlinReflectionInternalError                       : loaded 3 times (x 84B)
Class kotlin.reflect.jvm.internal.impl.builtins.jvm.JavaToKotlinClassMap              : loaded 3 times (x 73B)
Class org.jetbrains.kotlin.config.LanguageFeatureBehaviorAfterSinceVersion$CanStillBeDisabledForNow: loaded 3 times (x 74B)
Class org.jetbrains.kotlin.protobuf.ByteString$ByteIterator                           : loaded 3 times (x 72B)
Class com.google.common.collect.ImmutableMapEntrySet                                  : loaded 3 times (x 154B)
Class kotlin.collections.ArraysKt__ArraysKt                                           : loaded 3 times (x 73B)
Class com.google.common.math.MathPreconditions                                        : loaded 3 times (x 73B)
Class kotlinx.coroutines.ExecutorCoroutineDispatcher                                  : loaded 3 times (x 110B)
Class org.jetbrains.kotlin.metadata.deserialization.NameResolver                      : loaded 3 times (x 72B)
Class org.jetbrains.kotlin.protobuf.InvalidProtocolBufferException                    : loaded 3 times (x 86B)
Class org.jetbrains.kotlin.protobuf.GeneratedMessageLite$ExtensionDescriptor          : loaded 3 times (x 86B)
Class com.google.common.collect.AbstractIndexedListIterator                           : loaded 3 times (x 98B)
Class com.google.common.collect.MapMakerInternalMap$Strength$2                        : loaded 3 times (x 82B)
Class com.google.common.collect.ObjectArrays                                          : loaded 3 times (x 73B)
Class org.jetbrains.org.objectweb.asm.FieldVisitor                                    : loaded 3 times (x 79B)
Class org.jetbrains.kotlin.name.ClassId                                               : loaded 3 times (x 74B)
Class com.google.common.primitives.Ints                                               : loaded 3 times (x 73B)
Class org.jetbrains.kotlin.metadata.ProtoBuf$Annotation$Argument$Value$1              : loaded 3 times (x 146B)
Class org.jetbrains.kotlin.metadata.ProtoBuf$TypeParameter$Variance                   : loaded 3 times (x 84B)
Class kotlin.jvm.functions.Function20                                                 : loaded 3 times (x 72B)
Class org.jetbrains.kotlin.protobuf.UninitializedMessageException                     : loaded 3 times (x 86B)
Class org.jetbrains.kotlin.descriptors.Visibilities$InvisibleFake                     : loaded 3 times (x 81B)
Class jdk.internal.jimage.ImageBufferCache$2                                          : loaded 3 times (x 93B)
Class com.google.common.collect.BiMap                                                 : loaded 3 times (x 72B)
Class kotlinx.coroutines.JobSupport                                                   : loaded 3 times (x 134B)
Class kotlin.reflect.jvm.internal.impl.builtins.StandardNames$FqNames                 : loaded 3 times (x 73B)
Class kotlin.collections.builders.ListBuilderKt                                       : loaded 3 times (x 73B)
Class kotlinx.coroutines.JobNode                                                      : loaded 3 times (x 88B)
Class kotlinx.coroutines.ParentJob                                                    : loaded 3 times (x 72B)
Class org.jetbrains.kotlin.config.LanguageVersion$Companion                           : loaded 3 times (x 73B)
Class com.google.common.base.PairwiseEquivalence                                      : loaded 3 times (x 85B)
Class kotlin.collections.CollectionsKt___CollectionsKt$asSequence$$inlined$Sequence$1 : loaded 3 times (x 77B)
Class com.google.common.base.AbstractIterator$State                                   : loaded 3 times (x 81B)
Class com.google.common.collect.Sets$3                                                : loaded 3 times (x 141B)
Class jdk.internal.jrtfs.SystemImage                                                  : loaded 3 times (x 76B)
Class org.jetbrains.kotlin.build.report.metrics.GradleBuildPerformanceMetric          : loaded 3 times (x 74B)
Class org.jetbrains.kotlin.protobuf.BoundedByteString                                 : loaded 3 times (x 114B)
Class com.google.common.collect.ImmutableMap$1                                        : loaded 3 times (x 83B)
Class com.google.common.collect.IndexedImmutableSet                                   : loaded 3 times (x 154B)
Class jdk.internal.jimage.ImageBufferCache$1                                          : loaded 3 times (x 84B)
Class com.google.common.base.CharMatcher$And                                          : loaded 3 times (x 114B)
Class kotlin.collections.ArraysKt___ArraysKt$asSequence$$inlined$Sequence$1           : loaded 3 times (x 77B)
Class kotlin.collections.EmptyList                                                    : loaded 3 times (x 176B)
Class kotlin.collections.MapsKt__MapsJVMKt                                            : loaded 3 times (x 73B)
Class kotlin.reflect.jvm.internal.ReflectionFactoryImpl                               : loaded 3 times (x 93B)
Class org.jetbrains.kotlin.protobuf.SmallSortedMap$1                                  : loaded 3 times (x 131B)
Class org.jetbrains.kotlin.descriptors.Visibilities$PrivateToThis                     : loaded 3 times (x 81B)
Class org.jetbrains.kotlin.config.MavenComparableVersion                              : loaded 3 times (x 80B)
Class org.jetbrains.kotlin.protobuf.WireFormat$JavaType                               : loaded 3 times (x 81B)
Class jdk.internal.jimage.ImageLocation                                               : loaded 3 times (x 92B)
Class jdk.internal.jrtfs.JrtDirectoryStream$1                                         : loaded 3 times (x 85B)
Class com.google.common.collect.Lists$StringAsImmutableList                           : loaded 3 times (x 209B)
Class org.jetbrains.kotlin.config.KotlinCompilerVersion                               : loaded 3 times (x 73B)
Class org.jetbrains.kotlin.protobuf.Parser                                            : loaded 3 times (x 72B)
Class kotlin.reflect.jvm.internal.KMutableProperty1Impl                               : loaded 3 times (x 137B)
Class kotlin.text.CharsKt                                                             : loaded 3 times (x 73B)
Class org.jetbrains.kotlin.metadata.deserialization.MetadataVersion                   : loaded 3 times (x 76B)
Class org.jetbrains.kotlin.cli.common.messages.MessageCollector$Companion             : loaded 3 times (x 73B)
Class org.jetbrains.kotlin.protobuf.GeneratedMessageLite                              : loaded 3 times (x 103B)
Class org.jetbrains.kotlin.protobuf.Internal$EnumLiteMap                              : loaded 3 times (x 72B)
Class org.jetbrains.kotlin.protobuf.AbstractMessageLite$Builder                       : loaded 3 times (x 124B)
Class kotlin.io.LinesSequence$iterator$1                                              : loaded 3 times (x 81B)
Class kotlin.collections.AbstractIterator                                             : loaded 3 times (x 85B)
Class org.jetbrains.kotlin.build.report.metrics.ValueType                             : loaded 3 times (x 81B)
Class kotlin.reflect.KCallable                                                        : loaded 3 times (x 72B)
Class com.google.common.collect.MapMakerInternalMap$StrongValueEntry                  : loaded 3 times (x 72B)
Class kotlin.io.FilesKt__FilePathComponentsKt                                         : loaded 3 times (x 73B)
Class com.google.common.collect.RegularImmutableAsList                                : loaded 3 times (x 219B)
Class org.jetbrains.kotlin.config.MavenComparableVersion$IntegerItem                  : loaded 3 times (x 82B)
Class kotlin.reflect.jvm.internal.impl.utils.CollectionsKt                            : loaded 3 times (x 73B)
Class kotlin.collections.CollectionsKt__MutableCollectionsKt                          : loaded 3 times (x 73B)
Class kotlin.io.CloseableKt                                                           : loaded 3 times (x 73B)
Class [Lorg.jetbrains.org.objectweb.asm.Attribute;                                    : loaded 3 times (x 71B)
Class kotlinx.coroutines.scheduling.GlobalQueue                                       : loaded 3 times (x 74B)
Class kotlin.reflect.KProperty2                                                       : loaded 3 times (x 72B)
Class [Lorg.jetbrains.kotlin.protobuf.WireFormat$JavaType;                            : loaded 3 times (x 71B)
Class kotlin.sequences.GeneratorSequence$iterator$1                                   : loaded 3 times (x 81B)
Class jdk.internal.jrtfs.JrtFileSystemProvider                                        : loaded 3 times (x 103B)
Class kotlin.jvm.functions.Function21                                                 : loaded 3 times (x 72B)
Class kotlin.reflect.jvm.internal.impl.name.ClassId                                   : loaded 3 times (x 74B)
Class [Lkotlin.Function;                                                              : loaded 3 times (x 71B)
Class kotlin.sequences.TransformingSequence$iterator$1                                : loaded 3 times (x 81B)
Class kotlin.Pair                                                                     : loaded 3 times (x 74B)
Class kotlin.reflect.KProperty1                                                       : loaded 3 times (x 72B)
Class com.google.common.collect.Sets$4                                                : loaded 3 times (x 141B)
Class kotlin.reflect.KClass                                                           : loaded 3 times (x 72B)
Class com.google.common.collect.AbstractMapEntry                                      : loaded 3 times (x 83B)
Class org.gradle.kotlin.dsl.Accessors2sci8yewa96g0fyfhouaecr70Kt                      : loaded 3 times (x 73B)
Class com.google.common.collect.UnmodifiableIterator                                  : loaded 3 times (x 82B)
Class org.jetbrains.kotlin.config.LanguageOrApiVersion                                : loaded 3 times (x 72B)
Class kotlinx.coroutines.scheduling.NanoTimeSource                                    : loaded 3 times (x 74B)
Class kotlinx.coroutines.internal.ThreadState                                         : loaded 3 times (x 74B)
Class kotlin.reflect.KProperty0                                                       : loaded 3 times (x 72B)
Class org.jetbrains.kotlin.metadata.ProtoBuf$Constructor$1                            : loaded 3 times (x 146B)
Class org.jetbrains.kotlin.metadata.ProtoBuf$PropertyOrBuilder                        : loaded 3 times (x 72B)
Class [Lorg.objectweb.asm.Attribute;                                                  : loaded 3 times (x 71B)
Class [Lorg.objectweb.asm.Type;                                                       : loaded 3 times (x 71B)
Class org.jetbrains.kotlin.utils.CollectionsKt                                        : loaded 3 times (x 73B)
Class jdk.internal.jrtfs.SystemImage$2                                                : loaded 3 times (x 78B)
Class kotlin.comparisons.ComparisonsKt___ComparisonsJvmKt                             : loaded 3 times (x 73B)
Class kotlin.collections.CollectionsKt__IteratorsJVMKt                                : loaded 3 times (x 73B)
Class kotlinx.coroutines.scheduling.CoroutineScheduler$Companion                      : loaded 3 times (x 73B)
Class kotlin.reflect.jvm.internal.impl.name.FqNamesUtilKt                             : loaded 3 times (x 73B)
Class kotlin.collections.builders.ListBuilder                                         : loaded 3 times (x 209B)
Class kotlin.collections.builders.ListBuilder$Companion                               : loaded 3 times (x 73B)
Class org.jetbrains.kotlin.config.LanguageFeature                                     : loaded 3 times (x 81B)
Class com.google.common.base.MoreObjects                                              : loaded 3 times (x 73B)
Class jdk.internal.jrtfs.SystemImage$1                                                : loaded 3 times (x 80B)
Class kotlin.enums.EnumEntriesList                                                    : loaded 3 times (x 225B)
Class kotlin.jvm.internal.FunctionBase                                                : loaded 3 times (x 72B)
Class kotlin.jvm.internal.FunctionReference                                           : loaded 3 times (x 124B)
Class kotlinx.coroutines.DisposableHandle                                             : loaded 3 times (x 72B)
Class com.google.common.collect.ImmutableCollection$Builder                           : loaded 3 times (x 78B)
Class kotlin.text.Regex$Companion                                                     : loaded 3 times (x 73B)
Class kotlin._Assertions                                                              : loaded 3 times (x 73B)
Class org.jetbrains.kotlin.config.LanguageFeatureBehaviorAfterSinceVersion            : loaded 3 times (x 73B)
Class [Lorg.jetbrains.kotlin.config.LanguageFeature;                                  : loaded 3 times (x 71B)
Class com.google.common.collect.MapDifference                                         : loaded 3 times (x 72B)
Class kotlin.text.StringsKt__RegexExtensionsJVMKt                                     : loaded 3 times (x 73B)
Class com.google.common.base.Splitter$1                                               : loaded 3 times (x 79B)
Class kotlin.collections.ArraysKt___ArraysJvmKt                                       : loaded 3 times (x 73B)
Class kotlin.collections.CollectionsKt__CollectionsKt                                 : loaded 3 times (x 73B)
Class kotlinx.coroutines.DispatchedTask                                               : loaded 3 times (x 82B)
Class kotlin.reflect.KTypeParameter                                                   : loaded 3 times (x 72B)
Class org.jetbrains.kotlin.metadata.ProtoBuf$Annotation$Argument$Value                : loaded 3 times (x 129B)
Class org.jetbrains.kotlin.protobuf.CodedOutputStream$OutOfSpaceException             : loaded 3 times (x 84B)
Class org.jetbrains.kotlin.cli.common.messages.CompilerMessageSeverity                : loaded 3 times (x 81B)
Class org.jetbrains.kotlin.protobuf.GeneratedMessageLite$ExtendableMessage            : loaded 3 times (x 115B)
Class kotlinx.coroutines.internal.SystemPropsKt                                       : loaded 3 times (x 73B)
Class kotlin.jvm.functions.Function22                                                 : loaded 3 times (x 72B)
Class it.unimi.dsi.fastutil.objects.ObjectSpliterator                                 : loaded 2 times (x 72B)
Class org.jetbrains.kotlin.cli.jvm.compiler.KotlinCliJavaFileManagerImpl              : loaded 2 times (x 94B)
Class kotlin.coroutines.jvm.internal.SuspendLambda                                    : loaded 2 times (x 93B)
Class kotlin.coroutines.jvm.internal.ContinuationImpl                                 : loaded 2 times (x 89B)
Class org.jetbrains.kotlin.psi.KtWhileExpression                                      : loaded 2 times (x 442B)
Class org.jetbrains.kotlin.psi.stubs.elements.KtStringInterpolationPrefixElementType  : loaded 2 times (x 102B)
Class org.jetbrains.kotlin.psi.KtCollectionLiteralExpression                          : loaded 2 times (x 569B)
Class [Lorg.jetbrains.kotlin.psi.KtSuperTypeListEntry;                                : loaded 2 times (x 71B)
Class org.jetbrains.kotlin.psi.KtTypeParameterList                                    : loaded 2 times (x 446B)
Class kotlin.collections.MapWithDefault                                               : loaded 2 times (x 72B)
Class org.jetbrains.kotlin.metadata.jvm.JvmModuleProtoBuf$Module                      : loaded 2 times (x 126B)
Class kotlin.collections.builders.MapBuilderEntries                                   : loaded 2 times (x 147B)
Class kotlin.reflect.jvm.internal.impl.types.RawType                                  : loaded 2 times (x 72B)
Class kotlin.reflect.jvm.internal.impl.metadata.jvm.deserialization.BitEncoding       : loaded 2 times (x 73B)
Class kotlin.reflect.jvm.internal.impl.serialization.deserialization.ErrorReporter$1  : loaded 2 times (x 77B)
Class kotlin.reflect.jvm.internal.impl.protobuf.Internal$EnumLiteMap                  : loaded 2 times (x 72B)
Class kotlin.reflect.jvm.internal.impl.metadata.ProtoBuf$Constructor$1                : loaded 2 times (x 89B)
Class kotlin.reflect.jvm.internal.impl.protobuf.GeneratedMessageLite                  : loaded 2 times (x 95B)
Class kotlin.reflect.jvm.internal.impl.renderer.ExcludedTypeAnnotations               : loaded 2 times (x 73B)
Class kotlin.reflect.jvm.internal.impl.serialization.deserialization.DeserializationConfiguration$Default: loaded 2 times (x 81B)
Class kotlin.reflect.jvm.internal.impl.load.kotlin.JavaClassDataFinder                : loaded 2 times (x 77B)
Class kotlin.reflect.jvm.internal.impl.load.java.JavaTypeEnhancementState             : loaded 2 times (x 74B)
Class kotlin.reflect.jvm.internal.impl.descriptors.impl.DeclarationDescriptorImpl     : loaded 2 times (x 90B)
Class [Lkotlin.reflect.jvm.internal.impl.storage.LockBasedStorageManager$NotValue;    : loaded 2 times (x 71B)
Class kotlin.reflect.jvm.internal.impl.descriptors.ModuleDescriptor                   : loaded 2 times (x 72B)
Class org.jetbrains.kotlin.descriptors.DescriptorVisibilities$5                       : loaded 2 times (x 81B)
Class org.jetbrains.kotlin.metadata.jvm.JvmProtoBuf$JvmPropertySignatureOrBuilder     : loaded 2 times (x 72B)
Class org.jetbrains.kotlin.incremental.storage.ExternalizersKt                        : loaded 2 times (x 73B)
Class [Lorg.apache.commons.compress.archivers.zip.ZipArchiveEntry$NameSource;         : loaded 2 times (x 71B)
Class org.apache.commons.io.output.QueueOutputStream                                  : loaded 2 times (x 89B)
Class org.jetbrains.kotlin.gradle.tasks.configuration.BaseKotlinCompileConfig$2$1$1$2 : loaded 2 times (x 76B)
Class org.jetbrains.kotlin.gradle.plugin.mpp.KotlinCompilationsKt$addSourcesToKotlinCompileTask$configureAction$2: loaded 2 times (x 81B)
Class org.jetbrains.kotlin.gradle.plugin.mpp.compilationImpl.KotlinCompilationTaskNamesContainer: loaded 2 times (x 74B)
Class org.jetbrains.kotlin.gradle.plugin.mpp.compilationImpl.factory.KotlinCompilationImplFactory$KotlinCompilerOptionsFactory: loaded 2 times (x 72B)
Class org.jetbrains.kotlin.gradle.internal.properties.PropertiesBuildServiceKt$propertyWithDeprecatedName$1: loaded 2 times (x 77B)
Class org.jetbrains.kotlin.gradle.targets.js.npm.NpmDependencyExtension               : loaded 2 times (x 72B)
Class org.jetbrains.kotlin.gradle.plugin.LanguageSettingsBuilder                      : loaded 2 times (x 72B)
Class org.jetbrains.kotlin.gradle.plugin.diagnostics.checkers.WasmWasiEnvironmentChecker: loaded 2 times (x 78B)
Class org.jetbrains.kotlin.gradle.plugin.diagnostics.checkers.WasmJsEnvironmentChecker$3: loaded 2 times (x 80B)
Class org.jetbrains.kotlin.gradle.targets.ConfigureBuildSideEffectKt                  : loaded 2 times (x 73B)
Class org.jetbrains.kotlin.gradle.plugin.statistics.BuildFusService$Companion$registerIfAbsentImpl$generalConfigurationMetricsProvider$1: loaded 2 times (x 77B)
Class [Lorg.jetbrains.kotlin.statistics.metrics.StringMetrics;                        : loaded 2 times (x 71B)
Class org.jetbrains.kotlin.gradle.plugin.BuildEventsListenerRegistryHolder$Companion  : loaded 2 times (x 73B)
Class com.google.common.util.concurrent.SettableFuture                                : loaded 2 times (x 116B)
Class com.google.common.cache.LocalCache$Strength$2                                   : loaded 2 times (x 83B)
Class org.jetbrains.kotlin.fir.java.declarations.FirJavaClass                         : loaded 2 times (x 177B)
Class org.jetbrains.kotlin.load.java.AbstractAnnotationTypeQualifierResolver$Companion: loaded 2 times (x 73B)
Class org.jetbrains.kotlin.fir.extensions.FirExtensionServiceKt                       : loaded 2 times (x 73B)
Class org.jetbrains.kotlin.fir.FirVisibilityChecker                                   : loaded 2 times (x 75B)
Class [Lorg.jetbrains.kotlin.types.model.TypeArgumentMarker;                          : loaded 2 times (x 71B)
Class org.objectweb.asm.Handle                                                        : loaded 2 times (x 74B)
Class org.jetbrains.kotlin.fir.extensions.FirExtensionRegistrarAdapter$Companion      : loaded 2 times (x 74B)
Class org.jetbrains.kotlin.cli.jvm.compiler.CliMetadataFinderFactory                  : loaded 2 times (x 77B)
Class org.jetbrains.kotlin.metadata.ProtoBuf$QualifiedNameTable$QualifiedNameOrBuilder: loaded 2 times (x 72B)
Class org.jetbrains.kotlin.resolve.jvm.extensions.AnalysisHandlerExtension            : loaded 2 times (x 72B)
Class it.unimi.dsi.fastutil.ints.IntIterator                                          : loaded 2 times (x 72B)
Class org.jetbrains.kotlin.psi.KtBlockExpression                                      : loaded 2 times (x 548B)
Class [Lcom.android.resources.ResourceType;                                           : loaded 2 times (x 71B)
Class [Lorg.jetbrains.kotlin.psi.KtConstructorCalleeExpression;                       : loaded 2 times (x 71B)
Class [Lorg.jetbrains.kotlin.psi.KtDeclarationWithInitializer;                        : loaded 2 times (x 71B)
Class org.jetbrains.kotlin.psi.stubs.elements.KtValueArgumentListElementType          : loaded 2 times (x 105B)
Class com.android.tools.lint.model.LintModelModuleLibrary                             : loaded 2 times (x 72B)
Class com.android.tools.lint.model.LintModelSerialization$TargetFile                  : loaded 2 times (x 81B)
Class [Lorg.jetbrains.kotlin.lang.BinaryOperationPrecedence;                          : loaded 2 times (x 71B)
Class org.jetbrains.kotlin.fir.scopes.impl.FirGeneratedMemberDeclarationsStorage$StorageContext: loaded 2 times (x 74B)
Class org.jetbrains.kotlin.fir.resolve.providers.impl.FirFallbackBuiltinSymbolProvider: loaded 2 times (x 85B)
Class com.google.common.cache.LocalCache$Strength$1                                   : loaded 2 times (x 83B)
Class org.objectweb.asm.ModuleVisitor                                                 : loaded 2 times (x 83B)
Class jdk.internal.jrtfs.JrtFileStore                                                 : loaded 2 times (x 85B)
Class kotlin.reflect.jvm.internal.impl.metadata.jvm.deserialization.JvmMemberSignature$Field: loaded 2 times (x 77B)
Class kotlin.reflect.jvm.internal.calls.Caller                                        : loaded 2 times (x 72B)
Class kotlin.reflect.jvm.internal.impl.load.java.JavaDescriptorVisibilities$1         : loaded 2 times (x 78B)
Class [Lkotlin.reflect.jvm.internal.impl.load.java.typeEnhancement.TypeComponentPosition;: loaded 2 times (x 71B)
Class kotlin.reflect.jvm.internal.impl.load.java.components.JavaAnnotationMapper      : loaded 2 times (x 73B)
Class kotlin.reflect.jvm.internal.impl.resolve.scopes.receivers.ThisClassReceiver     : loaded 2 times (x 72B)
Class kotlin.reflect.jvm.internal.impl.serialization.deserialization.MemberDeserializer: loaded 2 times (x 74B)
Class kotlin.reflect.jvm.internal.impl.serialization.deserialization.ClassDeserializer: loaded 2 times (x 74B)
Class kotlin.reflect.jvm.internal.impl.types.KotlinTypeFactory$EMPTY_REFINED_TYPE_FACTORY$1: loaded 2 times (x 80B)
Class kotlin.reflect.jvm.internal.impl.utils.WrappedValues                            : loaded 2 times (x 73B)
Class kotlin.reflect.jvm.internal.impl.descriptors.ModuleCapability                   : loaded 2 times (x 74B)
Class kotlin.reflect.jvm.internal.impl.storage.LockBasedStorageManager$ExceptionHandlingStrategy: loaded 2 times (x 72B)
Class org.jetbrains.kotlin.descriptors.DescriptorVisibilities$6                       : loaded 2 times (x 81B)
Class com.google.common.collect.Interners$InternerImpl                                : loaded 2 times (x 77B)
Class com.google.common.collect.Interner                                              : loaded 2 times (x 72B)
Class com.google.common.io.ByteStreams                                                : loaded 2 times (x 73B)
Class com.google.common.collect.TransformedIterator                                   : loaded 2 times (x 82B)
Class com.google.common.collect.ComparisonChain$1                                     : loaded 2 times (x 83B)
Class com.google.common.collect.AllEqualOrdering                                      : loaded 2 times (x 116B)
Class org.jetbrains.kotlin.gradle.tasks.KotlinJavaToolchain$JdkSetter                 : loaded 2 times (x 72B)
Class org.jetbrains.kotlin.gradle.plugin.KotlinPluginLifecycle$ProjectConfigurationResult$Success: loaded 2 times (x 73B)
Class org.jetbrains.kotlin.gradle.internal.StdlibDependencyManagementKt$configureStdlibVersionAlignment$1: loaded 2 times (x 77B)
Class org.jetbrains.kotlin.gradle.plugin.diagnostics.checkers.OverriddenKotlinNativeHomeChecker$StdlibExistenceCheckerValueSource$Params$Inject_: loaded 2 times (x 108B)
Class org.jetbrains.kotlin.gradle.plugin.diagnostics.checkers.OverriddenKotlinNativeHomeChecker$allKonanMainSubdirectoriesExist$1$1: loaded 2 times (x 77B)
Class org.jetbrains.kotlin.gradle.dsl.PlatformSourceSetConventionsChecker$CheckedPlatformInfo: loaded 2 times (x 74B)
Class org.jetbrains.kotlin.gradle.plugin.diagnostics.checkers.WasmJsEnvironmentChecker$4: loaded 2 times (x 80B)
Class org.jetbrains.kotlin.gradle.plugin.mpp.KotlinUsages$KotlinCinteropDisambiguation: loaded 2 times (x 78B)
Class org.jetbrains.kotlin.gradle.plugin.KotlinPluginInMultipleProjectsHolder         : loaded 2 times (x 74B)
Class org.jetbrains.kotlin.gradle.report.BuildReportType$Companion                    : loaded 2 times (x 73B)
Class com.google.common.cache.LocalCache$Strength$3                                   : loaded 2 times (x 83B)
Class com.google.common.collect.MapMakerInternalMap$WeakKeyStrongValueEntry$Helper    : loaded 2 times (x 81B)
Class org.jetbrains.kotlin.fir.java.JvmSupertypeUpdater                               : loaded 2 times (x 75B)
Class org.jetbrains.kotlin.fir.declarations.FirAnnotationsPlatformSpecificSupportComponent: loaded 2 times (x 80B)
Class org.jetbrains.kotlin.types.TypeSystemCommonBackendContext                       : loaded 2 times (x 72B)
Class org.jetbrains.kotlin.fir.analysis.FirOverridesBackwardCompatibilityHelper       : loaded 2 times (x 76B)
Class org.jetbrains.kotlin.fir.types.impl.FirImplicitNumberTypeRef                    : loaded 2 times (x 111B)
Class org.jetbrains.kotlin.fir.types.ConeTypeProjection$Companion                     : loaded 2 times (x 73B)
Class org.jetbrains.kotlin.fir.types.ConeLookupTagBasedType                           : loaded 2 times (x 83B)
Class org.jetbrains.kotlin.lang.BinaryOperationPrecedence$Companion                   : loaded 2 times (x 73B)
Class org.jetbrains.kotlin.gradle.dsl.KotlinSingleTargetExtension                     : loaded 2 times (x 132B)
Class org.jetbrains.kotlin.gradle.internal.properties.NativePropertiesLoader$kotlinNativeVersion$1: loaded 2 times (x 77B)
Class org.jetbrains.kotlin.resolve.jvm.modules.JavaModule$Root                        : loaded 2 times (x 74B)
Class kotlin.reflect.jvm.internal.impl.builtins.functions.FunctionTypeKind            : loaded 2 times (x 74B)
Class org.jetbrains.kotlin.psi.KtScript                                               : loaded 2 times (x 917B)
Class org.jetbrains.kotlin.psi.stubs.KotlinValueArgumentStub                          : loaded 2 times (x 72B)
Class [Lorg.jetbrains.kotlin.psi.KtModifierList;                                      : loaded 2 times (x 71B)
Class org.jetbrains.kotlin.psi.KtDeclarationModifierList                              : loaded 2 times (x 514B)
Class org.jetbrains.kotlin.psi.KtTypeParameter                                        : loaded 2 times (x 915B)
Class org.jetbrains.kotlin.gradle.plugin.mpp.AbstractKotlinTarget                     : loaded 2 times (x 149B)
Class org.jetbrains.kotlin.gradle.plugin.diagnostics.checkers.WasmJsEnvironmentChecker$2: loaded 2 times (x 80B)
Class com.android.utils.Pair                                                          : loaded 2 times (x 74B)
Class jdk.internal.jimage.ImageReader$LinkNode                                        : loaded 2 times (x 86B)
Class kotlin.reflect.jvm.internal.impl.load.java.JavaDescriptorVisibilities$2         : loaded 2 times (x 78B)
Class kotlin.reflect.jvm.internal.impl.types.TypeCheckerState                         : loaded 2 times (x 77B)
Class kotlin.reflect.jvm.internal.impl.types.IndexedParametersSubstitution            : loaded 2 times (x 80B)
Class kotlin.reflect.jvm.internal.impl.load.java.structure.JavaClass                  : loaded 2 times (x 72B)
Class kotlin.reflect.jvm.internal.impl.descriptors.impl.AbstractReceiverParameterDescriptor: loaded 2 times (x 139B)
Class kotlin.reflect.jvm.internal.impl.descriptors.DescriptorVisibility               : loaded 2 times (x 77B)
Class kotlin.reflect.jvm.internal.impl.descriptors.Modality$Companion                 : loaded 2 times (x 73B)
Class kotlin.reflect.jvm.internal.impl.load.kotlin.DeserializedDescriptorResolver$Companion: loaded 2 times (x 73B)
Class org.jetbrains.kotlin.descriptors.DescriptorVisibilities$7                       : loaded 2 times (x 81B)
Class com.google.common.reflect.Invokable                                             : loaded 2 times (x 105B)
Class com.google.common.collect.MapMaker$Dummy                                        : loaded 2 times (x 81B)
Class org.apache.commons.compress.utils.MultiReadOnlySeekableByteChannel              : loaded 2 times (x 109B)
Class org.jetbrains.kotlin.gradle.tasks.KotlinCompilerPluginData$InputsOutputsState   : loaded 2 times (x 74B)
Class org.jetbrains.kotlin.gradle.plugin.mpp.compilationImpl.DefaultKotlinCompilationFriendPathsResolver$CompositeFriendArtifactResolver: loaded 2 times (x 77B)
Class org.jetbrains.kotlin.gradle.plugin.sources.FragmentConsistencyChecks$optInAnnotationsCheck$1: loaded 2 times (x 81B)
Class org.jetbrains.kotlin.gradle.plugin.mpp.AbstractKotlinCompilationToRunnableFiles : loaded 2 times (x 198B)
Class org.jetbrains.kotlin.gradle.artifacts.KotlinMetadataArtifactKt$KotlinMetadataArtifact$1: loaded 2 times (x 76B)
Class org.jetbrains.kotlin.gradle.plugin.mpp.KotlinUsages$KotlinMetadataCompatibility : loaded 2 times (x 78B)
Class [Lorg.jetbrains.kotlin.gradle.dsl.JvmTarget;                                    : loaded 2 times (x 71B)
Class org.jetbrains.kotlin.gradle.utils.ConfigurationsKt$maybeCreateResolvable$1      : loaded 2 times (x 80B)
Class org.jetbrains.kotlin.gradle.plugin.StatisticsBuildFlowManager$Companion         : loaded 2 times (x 73B)
Class org.jetbrains.kotlin.statistics.metrics.StringMetrics$Companion                 : loaded 2 times (x 73B)
Class org.jetbrains.kotlin.gradle.internal.properties.PropertiesBuildService$property$1$1: loaded 2 times (x 77B)
Class org.jetbrains.kotlin.tooling.core.Extras$Type                                   : loaded 2 times (x 74B)
Class org.objectweb.asm.FieldWriter                                                   : loaded 2 times (x 79B)
Class com.google.common.cache.CacheBuilder$NullListener                               : loaded 2 times (x 84B)
Class org.gradle.internal.classpath.TransformedClassPath                              : loaded 2 times (x 98B)
Class org.gradle.internal.classloader.InstrumentingClassLoader                        : loaded 2 times (x 72B)
Class org.jetbrains.kotlin.fir.resolve.providers.impl.BinaryVersionAndPackageFragment$Companion: loaded 2 times (x 73B)
Class org.jetbrains.kotlin.fir.java.FirSyntheticPropertiesStorage                     : loaded 2 times (x 74B)
Class org.jetbrains.kotlin.fir.java.scopes.FirRenamedForOverrideSymbolsStorage$AccidentalOverrideWithDeclaredFunctionHiddenCopyCreationContext: loaded 2 times (x 74B)
Class org.jetbrains.kotlin.builtins.StandardNames                                     : loaded 2 times (x 73B)
Class org.jetbrains.kotlin.fir.resolve.transformers.FirDummyCompilerLazyDeclarationResolver: loaded 2 times (x 79B)
Class com.android.utils.PositionXmlParser                                             : loaded 2 times (x 73B)
Class org.jetbrains.kotlin.gradle.plugin.KotlinPluginLifecycleKt                      : loaded 2 times (x 73B)
Class org.jetbrains.kotlin.backend.jvm.extensions.ClassGeneratorExtension$Companion   : loaded 2 times (x 74B)
Class org.jetbrains.kotlin.storage.StorageManager                                     : loaded 2 times (x 72B)
Class it.unimi.dsi.fastutil.longs.LongSet                                             : loaded 2 times (x 72B)
Class kotlin.reflect.jvm.internal.impl.name.StandardClassIds                          : loaded 2 times (x 73B)
Class [Lkotlin.coroutines.intrinsics.CoroutineSingletons;                             : loaded 2 times (x 71B)
Class org.jetbrains.kotlin.psi.KtFunctionNotStubbed                                   : loaded 2 times (x 1268B)
Class [Lorg.jetbrains.kotlin.psi.KtTypeParameterListOwnerStub;                        : loaded 2 times (x 71B)
Class org.jetbrains.kotlin.gradle.targets.android.internal.InternalKotlinTargetPreset : loaded 2 times (x 72B)
Class it.unimi.dsi.fastutil.objects.ReferenceCollection                               : loaded 2 times (x 72B)
Class com.android.tools.lint.model.DefaultLintModelArtifact                           : loaded 2 times (x 86B)
Class org.jetbrains.kotlin.gradle.targets.js.npm.DefaultPeerNpmDependencyExtension    : loaded 2 times (x 142B)
Class org.jetbrains.kotlin.konan.target.KonanTarget$TVOS_ARM64                        : loaded 2 times (x 80B)
Class org.jetbrains.kotlin.gradle.plugin.diagnostics.checkers.ComposePluginSuggestApplyChecker$runChecks$1: loaded 2 times (x 89B)
Class org.jetbrains.kotlin.gradle.tasks.KotlinCompile$ScriptFilterSpec                : loaded 2 times (x 77B)
Class kotlin.reflect.jvm.KTypesJvm                                                    : loaded 2 times (x 73B)
Class [Lkotlin.annotation.AnnotationTarget;                                           : loaded 2 times (x 71B)
Class kotlin.reflect.jvm.internal.impl.load.java.JavaDescriptorVisibilities$3         : loaded 2 times (x 78B)
Class [Lkotlin.reflect.jvm.internal.impl.resolve.OverridingUtil$OverrideCompatibilityInfo$Result;: loaded 2 times (x 71B)
Class kotlin.reflect.jvm.internal.impl.metadata.ProtoBuf$QualifiedNameTable$QualifiedName: loaded 2 times (x 98B)
Class kotlin.reflect.jvm.internal.impl.load.java.lazy.LazyJavaAnnotations             : loaded 2 times (x 87B)
Class kotlin.reflect.jvm.internal.impl.descriptors.deserialization.ClassDescriptorFactory: loaded 2 times (x 72B)
Class kotlin.reflect.jvm.internal.impl.protobuf.GeneratedMessageLite$ExtendableMessage: loaded 2 times (x 101B)
Class [Lkotlin.reflect.jvm.internal.impl.renderer.AnnotationArgumentsRenderingPolicy; : loaded 2 times (x 71B)
Class kotlin.reflect.jvm.internal.impl.load.java.components.SignaturePropagator$1     : loaded 2 times (x 77B)
Class org.jetbrains.kotlin.incremental.storage.DoubleExternalizer                     : loaded 2 times (x 77B)
Class org.jetbrains.kotlin.descriptors.DescriptorVisibilities$8                       : loaded 2 times (x 81B)
Class org.jetbrains.kotlin.metadata.ProtoBuf$MemberKind$1                             : loaded 2 times (x 76B)
Class org.jetbrains.kotlin.metadata.jvm.JvmProtoBuf$StringTableTypes$RecordOrBuilder  : loaded 2 times (x 72B)
Class [Lorg.jetbrains.org.objectweb.asm.SymbolTable$Entry;                            : loaded 2 times (x 71B)
Class org.jetbrains.kotlin.resolve.jvm.JvmClassName                                   : loaded 2 times (x 78B)
Class com.google.common.collect.ImmutableListMultimap                                 : loaded 2 times (x 178B)
Class org.jetbrains.kotlin.buildtools.api.jvm.ClasspathEntrySnapshot                  : loaded 2 times (x 72B)
Class org.jetbrains.kotlin.com.google.common.base.Preconditions                       : loaded 2 times (x 73B)
Class org.apache.commons.io.output.UnsynchronizedByteArrayOutputStream                : loaded 2 times (x 104B)
Class com.google.common.collect.Maps$IteratorBasedAbstractMap$1                       : loaded 2 times (x 140B)
Class com.google.common.collect.ImmutableRangeSet$AsSet                               : loaded 2 times (x 302B)
Class org.jetbrains.kotlin.gradle.plugin.sources.FragmentConsistencyChecks$optInAnnotationsCheck$2: loaded 2 times (x 80B)
Class org.jetbrains.kotlin.gradle.targets.NativeForwardImplementationToApiElementsSideEffectKt$special$$inlined$KotlinTargetSideEffect$1: loaded 2 times (x 76B)
Class org.jetbrains.kotlin.gradle.plugin.statistics.BuildFusServiceKt                 : loaded 2 times (x 73B)
Class org.jetbrains.kotlin.gradle.plugin.BuildFinishedListenerService$Companion       : loaded 2 times (x 73B)
Class org.jetbrains.kotlin.gradle.plugin.BuildFinishedListenerService                 : loaded 2 times (x 82B)
Class com.google.common.cache.CacheLoader$FunctionToCacheLoader                       : loaded 2 times (x 77B)
Class com.google.common.collect.Iterators$ArrayItr                                    : loaded 2 times (x 99B)
Class org.jetbrains.kotlin.fir.resolve.providers.impl.FirTypeResolverImpl             : loaded 2 times (x 75B)
Class org.jetbrains.kotlin.gradle.tasks.configuration.BaseKotlinCompileConfig$2$1$1$1 : loaded 2 times (x 76B)
Class org.jetbrains.kotlin.descriptors.EffectiveVisibility$Public                     : loaded 2 times (x 77B)
Class org.jetbrains.kotlin.diagnostics.rendering.DiagnosticRendererFactory            : loaded 2 times (x 72B)
Class org.jetbrains.kotlin.fir.FirLanguageSettingsComponent                           : loaded 2 times (x 74B)
Class [Lorg.jetbrains.kotlin.util.PhaseSideType;                                      : loaded 2 times (x 71B)
Class kotlinx.coroutines.IncompleteStateBox                                           : loaded 2 times (x 74B)
Class org.apache.http.message.BasicHeader                                             : loaded 2 times (x 84B)
Class org.apache.commons.compress.archivers.zip.ExplodingInputStream                  : loaded 2 times (x 98B)
Class com.google.common.io.ByteArrayDataInput                                         : loaded 2 times (x 72B)
Class kotlin.reflect.jvm.internal.impl.name.StandardClassIdsKt                        : loaded 2 times (x 73B)
Class org.jetbrains.org.objectweb.asm.tree.TableSwitchInsnNode                        : loaded 2 times (x 80B)
Class [Lorg.jetbrains.kotlin.psi.KtClassLiteralExpression;                            : loaded 2 times (x 71B)
Class org.jetbrains.kotlin.psi.KtSuperTypeEntry                                       : loaded 2 times (x 445B)
Class org.jetbrains.kotlin.psi.stubs.elements.KtTypeProjectionElementType             : loaded 2 times (x 105B)
Class org.jetbrains.kotlin.psi.KtSimpleNameExpression                                 : loaded 2 times (x 72B)
Class org.jetbrains.kotlin.psi.KtTypeReference                                        : loaded 2 times (x 644B)
Class [Lorg.jetbrains.kotlin.psi.KtImportList;                                        : loaded 2 times (x 71B)
Class org.jetbrains.kotlin.psi.stubs.KotlinClassStub                                  : loaded 2 times (x 72B)
Class org.jetbrains.kotlin.psi.stubs.elements.KtPlaceHolderStubElementType            : loaded 2 times (x 105B)
Class org.jetbrains.kotlin.descriptors.DescriptorVisibilities$4                       : loaded 2 times (x 81B)
Class kotlin.reflect.jvm.internal.impl.types.KotlinType                               : loaded 2 times (x 83B)
Class kotlin.reflect.jvm.internal.impl.load.java.lazy.TypeParameterResolver$EMPTY     : loaded 2 times (x 76B)
Class org.jetbrains.kotlin.protobuf.GeneratedMessageLite$ExtendableBuilder            : loaded 2 times (x 139B)
Class org.jetbrains.kotlin.incremental.IncrementalCompilationFeatures$Companion       : loaded 2 times (x 73B)
Class kotlin.collections.builders.AbstractMapBuilderEntrySet                          : loaded 2 times (x 146B)
Class kotlin.reflect.jvm.internal.impl.descriptors.impl.LazyClassReceiverParameterDescriptor: loaded 2 times (x 139B)
Class kotlin.reflect.jvm.internal.impl.metadata.ProtoBuf$QualifiedNameTable$QualifiedName$Kind$1: loaded 2 times (x 76B)
Class kotlin.reflect.jvm.internal.impl.serialization.deserialization.ClassDeserializer$ClassKey: loaded 2 times (x 74B)
Class kotlin.reflect.jvm.internal.impl.metadata.ProtoBuf$Type$1                       : loaded 2 times (x 89B)
Class kotlin.reflect.jvm.internal.impl.descriptors.PropertySetterDescriptor           : loaded 2 times (x 72B)
Class kotlin.reflect.jvm.internal.impl.descriptors.impl.VariableDescriptorWithInitializerImpl: loaded 2 times (x 144B)
Class kotlin.reflect.jvm.internal.impl.renderer.DescriptorRendererOptionsImpl         : loaded 2 times (x 94B)
Class kotlin.reflect.jvm.internal.impl.load.java.JavaClassesTracker$Default           : loaded 2 times (x 76B)
Class org.jetbrains.kotlin.descriptors.DescriptorVisibilities$9                       : loaded 2 times (x 81B)
Class org.jetbrains.kotlin.metadata.jvm.JvmProtoBuf$StringTableTypes                  : loaded 2 times (x 112B)
Class com.google.common.collect.EmptyImmutableListMultimap                            : loaded 2 times (x 178B)
Class com.google.common.collect.BaseImmutableMultimap                                 : loaded 2 times (x 125B)
Class org.jetbrains.kotlin.gradle.plugin.statistics.BuildFusService$onFinish$2        : loaded 2 times (x 81B)
Class org.apache.commons.compress.archivers.zip.ExtraFieldUtils$UnparseableExtraField : loaded 2 times (x 76B)
Class org.apache.commons.io.output.ByteArrayOutputStream                              : loaded 2 times (x 104B)
Class org.apache.commons.compress.archivers.zip.ZipFile$BoundedFileChannelInputStream : loaded 2 times (x 96B)
Class org.jetbrains.kotlin.gradle.tasks.AbstractKotlinCompileTool$sources$1           : loaded 2 times (x 81B)
Class org.jetbrains.kotlin.gradle.tasks.configuration.TaskConfigAction                : loaded 2 times (x 74B)
Class com.google.common.base.Joiner                                                   : loaded 2 times (x 81B)
Class org.jetbrains.kotlin.gradle.plugin.diagnostics.checkers.OverriddenKotlinNativeHomeChecker$allKonanMainSubdirectoriesExist$1: loaded 2 times (x 77B)
Class org.jetbrains.kotlin.gradle.plugin.AbstractKotlinPlugin$Companion               : loaded 2 times (x 73B)
Class org.jetbrains.kotlin.gradle.plugin.KotlinSourceSetTree                          : loaded 2 times (x 74B)
Class org.jetbrains.kotlin.gradle.plugin.KotlinPluginLifecycle$Stage                  : loaded 2 times (x 81B)
Class [Lorg.jetbrains.kotlin.gradle.plugin.diagnostics.checkers.GradleDeprecatedPropertyChecker$DeprecatedProperty;: loaded 2 times (x 71B)
Class org.jetbrains.kotlin.gradle.plugin.mpp.compilationImpl.KotlinCreateResourcesTaskSideEffectKt$KotlinCreateResourcesTaskSideEffect$1: loaded 2 times (x 76B)
Class org.jetbrains.kotlin.gradle.targets.jvm.KotlinJvmTargetTestFixturesSideEffectKt : loaded 2 times (x 73B)
Class org.jetbrains.kotlin.gradle.plugin.sources.KotlinSourceSetFactory               : loaded 2 times (x 82B)
Class org.jetbrains.kotlin.gradle.targets.native.toolchain.KotlinNativeBundleBuildService$Parameters_Decorated: loaded 2 times (x 141B)
Class org.jetbrains.kotlin.gradle.internal.ClassLoadersCachingBuildService$Companion  : loaded 2 times (x 73B)
Class org.jetbrains.kotlin.gradle.internal.IdeaKt$isInIdeaSync$1                      : loaded 2 times (x 76B)
Class org.jetbrains.kotlin.fir.resolve.providers.impl.FirSyntheticFunctionInterfaceProviderBase$cache$1: loaded 2 times (x 127B)
Class org.jetbrains.kotlin.fir.types.FirMissingDependencyStorage                      : loaded 2 times (x 74B)
Class kotlin.reflect.jvm.internal.impl.types.TypeSubstitution$Companion               : loaded 2 times (x 73B)
Class org.jetbrains.kotlin.cli.jvm.compiler.KotlinCliJavaFileManagerImpl$WhenMappings : loaded 2 times (x 73B)
Class kotlin.reflect.jvm.internal.impl.descriptors.PackageViewDescriptor              : loaded 2 times (x 72B)
Class [Lkotlin.reflect.jvm.internal.impl.descriptors.ClassKind;                       : loaded 2 times (x 71B)
Class [Lkotlin.reflect.jvm.internal.impl.descriptors.deserialization.ClassDescriptorFactory;: loaded 2 times (x 71B)
Class kotlin.reflect.jvm.internal.impl.load.java.lazy.descriptors.LazyJavaStaticScope : loaded 2 times (x 106B)
Class org.jetbrains.kotlin.resolve.CommonCompilerDeserializationConfiguration         : loaded 2 times (x 87B)
Class org.jetbrains.kotlin.cli.jvm.index.JvmDependenciesIndex                         : loaded 2 times (x 72B)
Class org.jetbrains.kotlin.serialization.deserialization.KotlinMetadataFinder         : loaded 2 times (x 72B)
Class org.jetbrains.kotlin.storage.CacheWithNotNullValues                             : loaded 2 times (x 72B)
Class [Lorg.jetbrains.kotlin.lexer.KtKeywordToken;                                    : loaded 2 times (x 71B)
Class kotlin.reflect.jvm.internal.impl.load.java.lazy.descriptors.LazyJavaPackageScope: loaded 2 times (x 106B)
Class kotlin.Result                                                                   : loaded 2 times (x 74B)
Class [Lkotlin.reflect.jvm.internal.impl.metadata.jvm.JvmProtoBuf$StringTableTypes$Record$Operation;: loaded 2 times (x 71B)
Class kotlin.reflect.jvm.internal.impl.resolve.scopes.DescriptorKindFilter            : loaded 2 times (x 74B)
Class kotlin.reflect.jvm.internal.impl.metadata.ProtoBuf$Annotation$ArgumentOrBuilder : loaded 2 times (x 72B)
Class it.unimi.dsi.fastutil.ints.IntCollection                                        : loaded 2 times (x 72B)
Class com.google.common.base.Splitter$5                                               : loaded 2 times (x 82B)
Class kotlin.reflect.jvm.internal.impl.serialization.deserialization.ProtoBasedClassDataFinder: loaded 2 times (x 77B)
Class org.jetbrains.kotlin.cli.common.arguments.PreprocessCommandLineArgumentsKt      : loaded 2 times (x 73B)
Class kotlin.reflect.jvm.internal.impl.descriptors.java.JavaVisibilities$ProtectedStaticVisibility: loaded 2 times (x 77B)
Class kotlin.reflect.jvm.internal.impl.descriptors.Visibilities                       : loaded 2 times (x 73B)
Class kotlin.reflect.jvm.internal.impl.serialization.deserialization.descriptors.DeserializedClassDescriptor$DeserializedClassMemberScope$generateFakeOverrides$1: loaded 2 times (x 79B)
Class kotlin.reflect.jvm.internal.impl.serialization.deserialization.descriptors.DeserializedClassDescriptor$DeserializedClassTypeConstructor: loaded 2 times (x 99B)
Class kotlin.reflect.jvm.internal.impl.load.kotlin.header.ReadKotlinClassHeaderAnnotationVisitor$KotlinMetadataArgumentVisitor: loaded 2 times (x 88B)
Class kotlin.reflect.jvm.internal.impl.utils.SmartList                                : loaded 2 times (x 201B)
Class [Lkotlin.reflect.jvm.internal.impl.incremental.components.NoLookupLocation;     : loaded 2 times (x 71B)
Class org.jetbrains.kotlin.metadata.jvm.JvmProtoBuf$StringTableTypes$1                : loaded 2 times (x 146B)
Class org.jetbrains.org.objectweb.asm.tree.LabelNode                                  : loaded 2 times (x 82B)
Class [Lorg.jetbrains.kotlin.com.intellij.openapi.diagnostic.LogLevel;                : loaded 2 times (x 71B)
Class kotlin.reflect.jvm.internal.impl.descriptors.impl.FunctionDescriptorImpl$CopyConfiguration: loaded 2 times (x 139B)
Class org.apache.commons.compress.archivers.zip.ZipSplitReadOnlySeekableByteChannel   : loaded 2 times (x 109B)
Class kotlinx.coroutines.BuildersKt__BuildersKt                                       : loaded 2 times (x 73B)
Class [Lorg.jetbrains.kotlin.build.report.metrics.BuildAttribute;                     : loaded 2 times (x 71B)
Class org.jetbrains.kotlin.gradle.utils.ProviderApiUtilsKt$mapOrNull$1$1              : loaded 2 times (x 77B)
Class org.jetbrains.kotlin.gradle.plugin.hierarchy.KotlinSourceSetTreeClassifier$Default: loaded 2 times (x 73B)
Class org.jetbrains.kotlin.gradle.tasks.configuration.AbstractKotlinCompileConfig     : loaded 2 times (x 74B)
Class org.jetbrains.kotlin.gradle.plugin.mpp.InternalKotlinCompilationKt              : loaded 2 times (x 73B)
Class org.jetbrains.kotlin.gradle.plugin.mpp.compilationImpl.KotlinCompilationImpl$attributes$2: loaded 2 times (x 81B)
Class org.jetbrains.kotlin.gradle.plugin.diagnostics.checkers.OverriddenKotlinNativeHomeChecker$StdlibExistenceCheckerValueSource: loaded 2 times (x 80B)
Class org.jetbrains.kotlin.gradle.plugin.StatisticsBuildFlowManager$subscribeForBuildResultAndConfigurationTimeMetrics$1$1: loaded 2 times (x 76B)
Class org.jetbrains.kotlin.gradle.plugin.statistics.BuildFinishBuildService$Parameters: loaded 2 times (x 72B)
Class org.jetbrains.kotlin.gradle.utils.IsolatedKotlinClasspathClassCastException     : loaded 2 times (x 84B)
Class com.google.common.collect.Platform                                              : loaded 2 times (x 73B)
Class org.jetbrains.kotlin.build.report.metrics.GradleBuildTime                       : loaded 2 times (x 90B)
Class org.gradle.internal.service.ServiceLocator                                      : loaded 2 times (x 72B)
Class org.jetbrains.kotlin.fir.EffectiveVisibilityUtilsKt                             : loaded 2 times (x 73B)
Class org.jetbrains.kotlin.fir.declarations.FirResolvePhase$Companion                 : loaded 2 times (x 73B)
Class org.jetbrains.kotlin.types.model.TypeSystemInferenceExtensionContext            : loaded 2 times (x 72B)
Class org.jetbrains.kotlin.fir.FirVisibilityChecker$Default                           : loaded 2 times (x 75B)
Class org.jetbrains.kotlin.fir.types.ConeClassLikeLookupTag                           : loaded 2 times (x 77B)
Class kotlin.reflect.jvm.internal.impl.load.java.descriptors.JavaMethodDescriptor     : loaded 2 times (x 208B)
Class org.jetbrains.kotlin.psi.KtCommonFile                                           : loaded 2 times (x 875B)
Class kotlin.reflect.jvm.internal.KProperty2Impl$$Lambda$0                            : loaded 2 times (x 78B)
Class kotlin.reflect.jvm.internal.calls.CallerImpl$Constructor                        : loaded 2 times (x 83B)
Class [Lorg.jetbrains.kotlin.psi.KtCallableDeclaration;                               : loaded 2 times (x 71B)
Class org.jetbrains.kotlin.psi.stubs.elements.KtClassLiteralExpressionElementType     : loaded 2 times (x 102B)
Class org.jetbrains.kotlin.psi.KtSuperTypeListEntry                                   : loaded 2 times (x 445B)
Class [Lorg.jetbrains.kotlin.psi.KtContractEffectList;                                : loaded 2 times (x 71B)
Class [Lorg.jetbrains.kotlin.psi.KtReferenceExpression;                               : loaded 2 times (x 71B)
Class org.jetbrains.kotlin.psi.KtParameterList                                        : loaded 2 times (x 454B)
Class [Lorg.jetbrains.kotlin.psi.KtVariableDeclaration;                               : loaded 2 times (x 71B)
Class com.android.tools.lint.model.LintModelModuleType                                : loaded 2 times (x 81B)
Class org.jetbrains.kotlin.psi.KtInitializerList                                      : loaded 2 times (x 444B)
Class org.jetbrains.kotlin.psi.KtBinaryExpressionWithTypeRHS                          : loaded 2 times (x 503B)
Class it.unimi.dsi.fastutil.longs.LongIterable                                        : loaded 2 times (x 72B)
Class org.jetbrains.kotlin.com.intellij.openapi.progress.ProcessCanceledException     : loaded 2 times (x 84B)
Class kotlin.reflect.jvm.internal.impl.load.java.SpecialGenericSignatures$Companion$NameAndSignature: loaded 2 times (x 74B)
Class kotlin.reflect.jvm.internal.impl.descriptors.impl.ValueParameterDescriptorImpl  : loaded 2 times (x 166B)
Class kotlin.reflect.jvm.internal.impl.load.java.structure.JavaTypeParameterListOwner : loaded 2 times (x 72B)
Class kotlin.reflect.jvm.internal.impl.metadata.deserialization.NameResolverImpl      : loaded 2 times (x 79B)
Class kotlin.reflect.jvm.internal.impl.metadata.deserialization.VersionSpecificBehaviorKt: loaded 2 times (x 73B)
Class [Lkotlin.reflect.jvm.internal.impl.descriptors.impl.DeclarationDescriptorImpl;  : loaded 2 times (x 71B)
Class [Lkotlin.reflect.jvm.internal.impl.metadata.ProtoBuf$Annotation$Argument$Value$Type;: loaded 2 times (x 71B)
Class kotlin.reflect.jvm.internal.impl.metadata.jvm.JvmProtoBuf$JvmFieldSignature     : loaded 2 times (x 98B)
Class kotlin.reflect.jvm.internal.impl.protobuf.SmallSortedMap                        : loaded 2 times (x 130B)
Class kotlin.reflect.jvm.internal.impl.protobuf.LazyField                             : loaded 2 times (x 79B)
Class kotlin.reflect.jvm.internal.impl.storage.DefaultSimpleLock                      : loaded 2 times (x 80B)
Class org.jetbrains.kotlin.incremental.storage.FloatExternalizer                      : loaded 2 times (x 77B)
Class org.jetbrains.kotlin.load.kotlin.header.ReadKotlinClassHeaderAnnotationVisitor$CollectStringArrayAnnotationVisitor: loaded 2 times (x 87B)
Class org.jetbrains.kotlin.incremental.impl.UtilsKt                                   : loaded 2 times (x 73B)
Class org.jetbrains.kotlin.incremental.classpathDiff.impl.KotlinClassHeaderClassVisitor: loaded 2 times (x 90B)
Class com.google.common.collect.ImmutableSortedMap$Builder                            : loaded 2 times (x 92B)
Class com.google.common.collect.HashBiMap$BiEntry                                     : loaded 2 times (x 84B)
Class org.jetbrains.kotlin.gradle.tasks.DefaultKotlinJavaToolchain$DefaultJavaToolchainSetter$useAsConvention$1: loaded 2 times (x 77B)
Class org.jetbrains.kotlin.gradle.plugin.KotlinCompilerArgumentsProducer$CreateCompilerArgumentsContext: loaded 2 times (x 72B)
Class org.jetbrains.kotlin.gradle.utils.GradleAttributesContainerUtilsKt$copyAttributeTo$1: loaded 2 times (x 81B)
Class org.jetbrains.kotlin.gradle.plugin.hierarchy.KotlinSourceSetTreeClassifierKt$classify$1: loaded 2 times (x 89B)
Class com.google.common.collect.SingletonImmutableBiMap                               : loaded 2 times (x 145B)
Class [Lorg.jetbrains.kotlin.konan.target.KonanTarget;                                : loaded 2 times (x 71B)
Class org.jetbrains.kotlin.gradle.plugin.diagnostics.checkers.WasmSourceSetsNotFoundChecker: loaded 2 times (x 76B)
Class org.jetbrains.kotlin.gradle.plugin.statistics.KotlinBuildStatsLoggerService$Companion: loaded 2 times (x 73B)
Class com.google.common.base.Ascii                                                    : loaded 2 times (x 73B)
Class com.google.common.cache.LocalCache$1                                            : loaded 2 times (x 91B)
Class com.google.common.collect.Iterators$SingletonIterator                           : loaded 2 times (x 83B)
Class org.jetbrains.kotlin.descriptors.EffectiveVisibility                            : loaded 2 times (x 77B)
Class org.jetbrains.kotlin.fir.declarations.impl.FirDeclarationStatusImpl             : loaded 2 times (x 170B)
Class org.jetbrains.kotlin.fir.declarations.FirDeclarationStatus                      : loaded 2 times (x 72B)
Class org.jetbrains.kotlin.name.JvmStandardClassIds$Annotations$Java                  : loaded 2 times (x 73B)
Class org.jetbrains.kotlin.fir.analysis.checkers.FirPrimaryConstructorSuperTypeCheckerPlatformComponent$Default: loaded 2 times (x 74B)
Class org.jetbrains.kotlin.fir.resolve.inference.FirInferenceLoggerKt                 : loaded 2 times (x 73B)
Class org.jetbrains.kotlin.types.model.TypeCheckerProviderContext                     : loaded 2 times (x 72B)
Class org.jetbrains.kotlin.metadata.ProtoBuf$StringTableOrBuilder                     : loaded 2 times (x 72B)
Class org.jetbrains.kotlin.metadata.deserialization.NameResolverImpl                  : loaded 2 times (x 79B)
Class org.jetbrains.kotlin.storage.EmptySimpleLock                                    : loaded 2 times (x 77B)
Class kotlin.reflect.jvm.internal.KProperty2Impl$$Lambda$1                            : loaded 2 times (x 78B)
Class org.jetbrains.kotlin.load.java.structure.JavaElement                            : loaded 2 times (x 72B)
Class org.jetbrains.kotlin.serialization.SerializerExtensionProtocol                  : loaded 2 times (x 74B)
Class org.jetbrains.kotlin.psi.KtReturnExpression                                     : loaded 2 times (x 441B)
Class org.jetbrains.kotlin.psi.KtConstructorCalleeExpression                          : loaded 2 times (x 507B)
Class [Lorg.jetbrains.kotlin.name.FqName;                                             : loaded 2 times (x 71B)
Class org.jetbrains.kotlin.fir.types.ConeTypeApproximator                             : loaded 2 times (x 747B)
Class com.android.tools.lint.model.LintModelDependency                                : loaded 2 times (x 72B)
Class org.jetbrains.kotlin.fir.resolve.inference.InferenceComponents$ConstraintSystemFactory: loaded 2 times (x 74B)
Class kotlin.reflect.jvm.internal.impl.load.java.structure.JavaPrimitiveType          : loaded 2 times (x 72B)
Class kotlin.reflect.jvm.internal.impl.serialization.deserialization.descriptors.DescriptorWithContainerSource: loaded 2 times (x 72B)
Class kotlin.reflect.jvm.internal.impl.metadata.ProtoBuf$Annotation$Argument$Value$Builder: loaded 2 times (x 93B)
Class kotlin.reflect.jvm.internal.impl.metadata.jvm.JvmProtoBuf$StringTableTypes      : loaded 2 times (x 98B)
Class kotlin.reflect.jvm.internal.impl.descriptors.Visibilities$Inherited             : loaded 2 times (x 77B)
Class kotlin.reflect.jvm.internal.impl.load.java.NullabilityAnnotationStates$Companion: loaded 2 times (x 73B)
Class kotlin.reflect.jvm.internal.impl.load.kotlin.KotlinClassFinder                  : loaded 2 times (x 72B)
Class [Lorg.jetbrains.org.objectweb.asm.tree.AbstractInsnNode;                        : loaded 2 times (x 71B)
Class org.jetbrains.kotlin.incremental.classpathDiff.ExtraInfoExternalizer            : loaded 2 times (x 77B)
Class org.jetbrains.kotlin.incremental.classpathDiff.ClasspathEntrySnapshot           : loaded 2 times (x 74B)
Class com.google.common.reflect.TypeToken$SimpleTypeToken                             : loaded 2 times (x 75B)
Class com.google.common.io.CharSource$StringCharSource                                : loaded 2 times (x 88B)
Class com.google.common.io.ByteSource$ByteArrayByteSource                             : loaded 2 times (x 87B)
Class org.jetbrains.kotlin.buildtools.api.SharedApiClassesClassLoader                 : loaded 2 times (x 73B)
Class com.google.common.collect.MapMakerInternalMap$AbstractStrongKeyEntry            : loaded 2 times (x 82B)
Class org.apache.commons.io.function.IOSupplier                                       : loaded 2 times (x 72B)
Class org.apache.commons.compress.archivers.ArchiveOutputStream                       : loaded 2 times (x 102B)
Class com.google.common.collect.AbstractSetMultimap                                   : loaded 2 times (x 175B)
Class org.jetbrains.kotlin.gradle.plugin.KotlinCompilationWithResources               : loaded 2 times (x 72B)
Class com.google.common.collect.Sets$ImprovedAbstractSet                              : loaded 2 times (x 137B)
Class com.google.common.collect.ImmutableList$Builder                                 : loaded 2 times (x 79B)
Class org.jetbrains.kotlin.gradle.plugin.diagnostics.checkers.OverriddenKotlinNativeHomeChecker$StdlibExistenceCheckerValueSource$Inject_: loaded 2 times (x 111B)
Class org.jetbrains.kotlin.gradle.plugin.KotlinTargetPreset                           : loaded 2 times (x 72B)
Class org.jetbrains.kotlin.gradle.plugin.diagnostics.checkers.KotlinTargetAlreadyDeclaredChecker: loaded 2 times (x 76B)
Class org.jetbrains.kotlin.gradle.plugin.mpp.compilationImpl.KotlinCompilationProcessorSideEffectKt: loaded 2 times (x 73B)
Class org.jetbrains.kotlin.gradle.utils.FileUtilsKt$localProperties$1                 : loaded 2 times (x 77B)
Class org.jetbrains.kotlin.gradle.dsl.HasConfigurableKotlinCompilerOptions            : loaded 2 times (x 72B)
Class com.google.common.collect.AbstractMultimap                                      : loaded 2 times (x 125B)
Class com.google.common.cache.LocalCache$2                                            : loaded 2 times (x 144B)
Class org.jetbrains.kotlin.fir.analysis.jvm.checkers.FirJavaNullabilityWarningUpperBoundsProvider: loaded 2 times (x 79B)
Class org.jetbrains.kotlin.load.java.Jsr305Settings                                   : loaded 2 times (x 74B)
Class org.jetbrains.kotlin.fir.scopes.impl.FirTypealiasConstructorStorage             : loaded 2 times (x 74B)
Class org.jetbrains.kotlin.fir.FirSession$Companion                                   : loaded 2 times (x 75B)
Class [Lorg.jetbrains.kotlin.fir.types.ConeTypeProjection;                            : loaded 2 times (x 71B)
Class it.unimi.dsi.fastutil.objects.Object2IntFunction                                : loaded 2 times (x 72B)
Class [Lcom.android.resources.ResourceType$Kind;                                      : loaded 2 times (x 71B)
Class org.jetbrains.kotlin.serialization.DescriptorSerializerPlugin$Companion         : loaded 2 times (x 74B)
Class it.unimi.dsi.fastutil.ints.IntSpliterator                                       : loaded 2 times (x 72B)
Class org.jetbrains.kotlin.load.java.JavaTypeEnhancementState                         : loaded 2 times (x 74B)
Class kotlin.reflect.jvm.internal.CacheByClass                                        : loaded 2 times (x 75B)
Class org.jetbrains.kotlin.psi.KtTypeArgumentList                                     : loaded 2 times (x 446B)
Class org.jetbrains.kotlin.psi.KtEnumEntrySuperclassReferenceExpression               : loaded 2 times (x 632B)
Class [Lorg.jetbrains.kotlin.psi.KtTypeConstraint;                                    : loaded 2 times (x 71B)
Class kotlin.coroutines.CoroutineContext$Element                                      : loaded 2 times (x 72B)
Class org.jetbrains.kotlin.fir.declarations.FirRegularClass                           : loaded 2 times (x 177B)
Class org.jetbrains.kotlin.config.JvmDefaultMode                                      : loaded 2 times (x 81B)
Class org.jetbrains.kotlin.fir.declarations.builder.FirSimpleFunctionBuilder          : loaded 2 times (x 165B)
Class org.gradle.internal.service.UnknownServiceException                             : loaded 2 times (x 85B)
Class kotlin.reflect.jvm.internal.impl.resolve.DescriptorFactory                      : loaded 2 times (x 73B)
Class kotlin.reflect.jvm.internal.impl.metadata.ProtoBuf$Annotation$Argument$1        : loaded 2 times (x 89B)
Class kotlin.reflect.jvm.internal.impl.types.SimpleTypeImpl                           : loaded 2 times (x 91B)
Class kotlin.reflect.jvm.internal.impl.renderer.DescriptorRendererImpl                : loaded 2 times (x 101B)
Class kotlin.reflect.jvm.internal.impl.renderer.DescriptorRenderer$Companion          : loaded 2 times (x 73B)
Class kotlin.reflect.jvm.internal.impl.storage.LockBasedStorageManager$MapBasedMemoizedFunctionToNotNull: loaded 2 times (x 86B)
Class org.jetbrains.kotlin.metadata.deserialization.ProtoBufUtilKt                    : loaded 2 times (x 73B)
Class kotlin.io.TerminateException                                                    : loaded 2 times (x 84B)
Class com.google.common.cache.LocalCache$LocalLoadingCache                            : loaded 2 times (x 136B)
Class org.jetbrains.kotlin.gradle.tasks.configuration.AbstractKotlinCompileConfig$2$1 : loaded 2 times (x 81B)
Class org.jetbrains.kotlin.gradle.tasks.DefaultKotlinJavaToolchain_Decorated          : loaded 2 times (x 124B)
Class org.jetbrains.kotlin.gradle.plugin.statistics.KotlinProjectConfigurationMetrics : loaded 2 times (x 73B)
Class org.jetbrains.kotlin.gradle.plugin.KotlinCompilationInfo$TCS                    : loaded 2 times (x 91B)
Class com.google.common.collect.ImmutableRangeSet$1                                   : loaded 2 times (x 212B)
Class org.jetbrains.kotlin.gradle.plugin.mpp.HasBinaries                              : loaded 2 times (x 72B)
Class org.jetbrains.kotlin.gradle.dsl.KotlinCommonOptions                             : loaded 2 times (x 72B)
Class org.jetbrains.kotlin.gradle.plugin.diagnostics.checkers.KmpPartiallyResolvedDependenciesChecker: loaded 2 times (x 76B)
Class org.jetbrains.kotlin.gradle.plugin.mpp.compilationImpl.KotlinCreateSourcesJarTaskSideEffectKt: loaded 2 times (x 73B)
Class org.jetbrains.kotlin.gradle.dsl.KotlinJvmProjectExtension                       : loaded 2 times (x 155B)
Class org.jetbrains.kotlin.gradle.plugin.KotlinGradlePluginExtensionPointInternalKt   : loaded 2 times (x 73B)
Class org.jetbrains.kotlin.gradle.targets.native.toolchain.UsesKotlinNativeBundleBuildService: loaded 2 times (x 72B)
Class org.jetbrains.kotlin.gradle.plugin.KotlinCompilerArgumentsProducer              : loaded 2 times (x 72B)
Class org.jetbrains.kotlin.fir.FirModuleVisibilityChecker                             : loaded 2 times (x 74B)
Class org.jetbrains.kotlin.fir.declarations.impl.FirSimpleFunctionImpl                : loaded 2 times (x 221B)
Class org.jetbrains.kotlin.parsing.KotlinExpressionParsing                            : loaded 2 times (x 114B)
Class [Lorg.objectweb.asm.AnnotationVisitor;                                          : loaded 2 times (x 71B)
Class org.jetbrains.kotlin.gradle.internal.properties.PropertiesBuildService$NullableBooleanGradleProperty: loaded 2 times (x 78B)
Class org.jetbrains.kotlin.gradle.plugin.statistics.FlowActionBuildFusService         : loaded 2 times (x 86B)
Class [Lorg.jetbrains.kotlin.konan.target.Family;                                     : loaded 2 times (x 71B)
Class org.jetbrains.kotlin.gradle.targets.js.npm.NpmDependencyExtensionKt$AddNpmDependencyExtensionProjectSetupAction$1: loaded 2 times (x 76B)
Class org.jetbrains.kotlin.gradle.plugin.diagnostics.checkers.WasmJsEnvironmentChecker$1: loaded 2 times (x 80B)
Class org.jetbrains.kotlin.gradle.dsl.AndroidMainSourceSetConventionsChecker          : loaded 2 times (x 76B)
Class org.jetbrains.kotlin.psi.KtFunctionType                                         : loaded 2 times (x 514B)
Class org.jetbrains.kotlin.psi.KtConstructor                                          : loaded 2 times (x 1346B)
Class org.jetbrains.kotlin.config.CompilerConfiguration                               : loaded 2 times (x 90B)
Class com.android.tools.lint.model.LintModelSeverity                                  : loaded 2 times (x 81B)
Class org.jetbrains.kotlin.gradle.targets.js.npm.PeerNpmDependencyExtension           : loaded 2 times (x 72B)
Class com.android.io.CancellableFileIo                                                : loaded 2 times (x 73B)
Class kotlin.reflect.jvm.internal.impl.types.model.TypeSystemInferenceExtensionContext: loaded 2 times (x 72B)
Class [Lkotlin.reflect.jvm.internal.impl.descriptors.TypeParameterDescriptor;         : loaded 2 times (x 71B)
Class kotlin.reflect.jvm.internal.impl.serialization.deserialization.descriptors.DeserializedContainerAbiStability: loaded 2 times (x 81B)
Class [Lkotlin.reflect.jvm.internal.impl.metadata.ProtoBuf$Type$Argument$Projection;  : loaded 2 times (x 71B)
Class kotlin.reflect.jvm.internal.impl.descriptors.runtime.structure.ReflectJavaPackage: loaded 2 times (x 84B)
Class kotlin.reflect.jvm.internal.impl.serialization.deserialization.AnnotationAndConstantLoaderImpl: loaded 2 times (x 86B)
Class kotlin.reflect.jvm.internal.impl.metadata.ProtoBuf$Annotation$1                 : loaded 2 times (x 89B)
Class kotlin.reflect.jvm.internal.impl.resolve.scopes.MemberScope$Empty               : loaded 2 times (x 94B)
Class kotlin.reflect.jvm.internal.impl.storage.LockBasedStorageManager$LockBasedNotNullLazyValue: loaded 2 times (x 86B)
Class org.jetbrains.org.objectweb.asm.tree.InsnList                                   : loaded 2 times (x 105B)
Class org.jetbrains.org.objectweb.asm.tree.ModuleNode                                 : loaded 2 times (x 84B)
Class org.jetbrains.kotlin.incremental.classpathDiff.impl.InstanceBasedSnapshotter    : loaded 2 times (x 74B)
Class org.jetbrains.kotlin.build.report.metrics.RUN_COMPILATION_IN_WORKER             : loaded 2 times (x 74B)
Class com.google.common.base.Optional                                                 : loaded 2 times (x 82B)
Class org.apache.commons.compress.archivers.zip.ZipFile$NameAndComment                : loaded 2 times (x 74B)
Class org.apache.commons.compress.archivers.zip.UnshrinkingInputStream                : loaded 2 times (x 125B)
Class org.jetbrains.kotlin.build.report.metrics.BuildTimes$Companion                  : loaded 2 times (x 73B)
Class org.jetbrains.kotlin.gradle.internal.tasks.ProducesKlib                         : loaded 2 times (x 72B)
Class org.jetbrains.kotlin.gradle.tasks.configuration.BaseKotlinCompileConfig$1$classpathConfiguration$1: loaded 2 times (x 77B)
Class com.google.common.collect.Range                                                 : loaded 2 times (x 89B)
Class org.jetbrains.kotlin.gradle.targets.js.npm.NpmDependencyExtensionDelegate       : loaded 2 times (x 162B)
Class org.jetbrains.kotlin.gradle.plugin.sources.FragmentConsistencyChecker           : loaded 2 times (x 74B)
Class org.jetbrains.kotlin.gradle.dsl.DefaultToolchainSupport_Decorated               : loaded 2 times (x 122B)
Class org.jetbrains.kotlin.gradle.internal.properties.NativePropertiesLoader$jvmArgs$1: loaded 2 times (x 77B)
Class org.jetbrains.kotlin.gradle.report.BuildMetricsService$Companion                : loaded 2 times (x 73B)
Class org.jetbrains.kotlin.gradle.tasks.KotlinCompileTool                             : loaded 2 times (x 72B)
Class org.jetbrains.kotlin.gradle.plugin.VariantImplementationFactories$Parameters_Decorated: loaded 2 times (x 132B)
Class org.jetbrains.kotlin.gradle.plugin.statistics.BuildFinishBuildService$Parameters_Decorated: loaded 2 times (x 144B)
Class org.jetbrains.kotlin.gradle.plugin.PropertiesProvider$PropertyNames             : loaded 2 times (x 73B)
Class org.jetbrains.kotlin.gradle.utils.SingleAction$PerformedActions                 : loaded 2 times (x 74B)
Class org.jetbrains.kotlin.gradle.utils.GradleUtilsKt                                 : loaded 2 times (x 73B)
Class org.jetbrains.kotlin.gradle.plugin.HasProject                                   : loaded 2 times (x 72B)
Class com.google.common.util.concurrent.AbstractFuture$Trusted                        : loaded 2 times (x 72B)
Class com.google.common.collect.Iterators                                             : loaded 2 times (x 73B)
Class org.jetbrains.kotlin.fir.analysis.checkers.FirInlineCheckerPlatformSpecificComponent: loaded 2 times (x 76B)
Class org.jetbrains.kotlin.fir.resolve.transformers.PlatformSupertypeUpdater          : loaded 2 times (x 74B)
Class org.jetbrains.kotlin.load.java.AnnotationQualifierApplicabilityType             : loaded 2 times (x 81B)
Class org.jetbrains.kotlin.gradle.plugin.diagnostics.checkers.UnusedSourceSetsChecker$runChecks$1: loaded 2 times (x 89B)
Class org.jetbrains.kotlin.asJava.KotlinAsJavaSupport                                 : loaded 2 times (x 91B)
Class org.jetbrains.kotlin.metadata.jvm.JvmModuleProtoBuf$ModuleOrBuilder             : loaded 2 times (x 72B)
Class org.jetbrains.kotlin.konan.target.HostManager$targetValues$2                    : loaded 2 times (x 80B)
Class org.jetbrains.kotlin.gradle.plugin.diagnostics.CheckKotlinGradlePluginConfigurationErrors$Companion: loaded 2 times (x 73B)
Class kotlin.reflect.jvm.internal.impl.builtins.functions.FunctionTypeKind$SuspendFunction: loaded 2 times (x 74B)
Class kotlin.jvm.internal.PropertyReference2Impl                                      : loaded 2 times (x 129B)
Class org.jetbrains.kotlin.cli.jvm.compiler.MockInferredAnnotationsManager            : loaded 2 times (x 76B)
Class kotlin.coroutines.ContinuationInterceptor$Key                                   : loaded 2 times (x 73B)
Class org.jetbrains.kotlin.psi.KtWhenConditionInRange                                 : loaded 2 times (x 380B)
Class org.jetbrains.kotlin.psi.KtContainerNode                                        : loaded 2 times (x 377B)
Class org.jetbrains.kotlin.psi.KtExpressionCodeFragmentType                           : loaded 2 times (x 86B)
Class org.jetbrains.kotlin.psi.stubs.KotlinImportDirectiveStub                        : loaded 2 times (x 72B)
Class org.jetbrains.kotlin.psi.stubs.elements.KtObjectElementType                     : loaded 2 times (x 106B)
Class org.jetbrains.kotlin.psi.KtBackingField                                         : loaded 2 times (x 861B)
Class kotlin.text.DelimitedRangesSequence$iterator$1                                  : loaded 2 times (x 81B)
Class org.jetbrains.kotlin.scripting.compiler.plugin.ScriptingK2CompilerPluginRegistrar$Companion: loaded 2 times (x 73B)
Class it.unimi.dsi.fastutil.Function                                                  : loaded 2 times (x 72B)
Class com.android.tools.lint.model.DefaultLintModelLibraryResolver                    : loaded 2 times (x 78B)
Class org.jetbrains.kotlin.gradle.tasks.CacheableTasksKt                              : loaded 2 times (x 73B)
Class org.jetbrains.kotlin.gradle.tasks.KotlinJvmCompile$DefaultImpls                 : loaded 2 times (x 73B)
Class kotlinx.coroutines.Delay                                                        : loaded 2 times (x 72B)
Class kotlin.reflect.jvm.internal.impl.descriptors.impl.PropertySetterDescriptorImpl  : loaded 2 times (x 193B)
Class kotlin.reflect.jvm.internal.impl.serialization.deserialization.AnnotatedCallableKind: loaded 2 times (x 81B)
Class kotlin.reflect.jvm.internal.KDeclarationContainerImpl$MemberBelonginess         : loaded 2 times (x 81B)
Class kotlin.reflect.jvm.internal.impl.serialization.deserialization.ProtoEnumFlagsUtilsKt: loaded 2 times (x 73B)
Class kotlin.reflect.jvm.internal.impl.resolve.scopes.receivers.ReceiverValue         : loaded 2 times (x 72B)
Class kotlin.reflect.jvm.internal.impl.descriptors.impl.ClassDescriptorImpl           : loaded 2 times (x 177B)
Class kotlin.reflect.jvm.internal.impl.descriptors.Modality                           : loaded 2 times (x 81B)
Class kotlin.reflect.jvm.internal.impl.descriptors.CallableMemberDescriptor           : loaded 2 times (x 72B)
Class kotlin.reflect.jvm.internal.impl.descriptors.Substitutable                      : loaded 2 times (x 72B)
Class kotlin.reflect.jvm.internal.impl.storage.LockBasedStorageManager$NotValue       : loaded 2 times (x 81B)
Class kotlin.reflect.jvm.internal.ModuleByClassLoaderKt                               : loaded 2 times (x 73B)
Class org.jetbrains.kotlin.descriptors.Visibilities$Unknown                           : loaded 2 times (x 81B)
Class org.jetbrains.kotlin.descriptors.Visibilities$Inherited                         : loaded 2 times (x 81B)
Class org.jetbrains.org.objectweb.asm.tree.MethodInsnNode                             : loaded 2 times (x 80B)
Class org.jetbrains.org.objectweb.asm.tree.MethodNode                                 : loaded 2 times (x 111B)
Class org.jetbrains.kotlin.load.kotlin.KotlinJvmBinaryClass                           : loaded 2 times (x 72B)
Class com.google.common.io.ByteSink$AsCharSink                                        : loaded 2 times (x 82B)
Class org.apache.commons.compress.archivers.zip.GeneralPurposeBit                     : loaded 2 times (x 73B)
Class org.apache.commons.io.build.AbstractOrigin$ByteArrayOrigin                      : loaded 2 times (x 91B)
Class com.google.common.collect.ExplicitOrdering                                      : loaded 2 times (x 117B)
Class org.jetbrains.kotlin.gradle.tasks.configuration.AbstractKotlinCompileConfig$2$3 : loaded 2 times (x 77B)
Class org.jetbrains.kotlin.gradle.tasks.configuration.BaseKotlinCompileConfig         : loaded 2 times (x 74B)
Class org.jetbrains.kotlin.gradle.plugin.mpp.compilationImpl.factory.KotlinCompilationImplFactory$KotlinCompilationTaskNamesContainerFactory: loaded 2 times (x 72B)
Class org.jetbrains.kotlin.tooling.core.KotlinToolingVersion                          : loaded 2 times (x 77B)
Class org.jetbrains.kotlin.gradle.internal.KotlinDependenciesManagementKt$CustomizeKotlinDependenciesSetupAction$1$coreLibrariesVersion$1: loaded 2 times (x 81B)
Class org.jetbrains.kotlin.gradle.plugin.diagnostics.checkers.AndroidPublicationNotConfiguredChecker$runChecks$1: loaded 2 times (x 89B)
Class org.jetbrains.kotlin.gradle.plugin.diagnostics.checkers.CInteropInputChecker$runChecks$1: loaded 2 times (x 89B)
Class org.jetbrains.kotlin.gradle.ExperimentalKotlinGradlePluginApi                   : loaded 2 times (x 72B)
Class org.jetbrains.kotlin.gradle.plugin.diagnostics.ToolingDiagnosticRenderingOptionsKt$isAttachedToTerminal$1: loaded 2 times (x 76B)
Class org.jetbrains.kotlin.gradle.internal.properties.NativePropertiesLoader          : loaded 2 times (x 85B)
Class org.jetbrains.kotlin.gradle.plugin.KotlinGradleBuildServices$Parameters$Inject_ : loaded 2 times (x 108B)
Class org.jetbrains.kotlin.statistics.metrics.NumberAnonymizationPolicy$SAFE          : loaded 2 times (x 87B)
Class org.jetbrains.kotlin.gradle.plugin.statistics.BuildFusService                   : loaded 2 times (x 86B)
Class org.jetbrains.kotlin.gradle.dsl.KotlinAndroidProjectExtension                   : loaded 2 times (x 148B)
Class com.google.common.util.concurrent.UncheckedExecutionException                   : loaded 2 times (x 84B)
Class [Lorg.jetbrains.kotlin.build.report.metrics.BuildTime;                          : loaded 2 times (x 71B)
Class org.jetbrains.kotlin.load.java.JavaNullabilityAnnotationsStatus                 : loaded 2 times (x 74B)
Class org.jetbrains.kotlin.fir.declarations.FirMustUseReturnValueStatusComponent$Companion: loaded 2 times (x 73B)
Class org.jetbrains.kotlin.fir.declarations.FirAnnotationsPlatformSpecificSupportComponent$Default: loaded 2 times (x 80B)
Class org.jetbrains.kotlin.fir.scopes.impl.FirDeclaredMemberScopeProvider$DeclaredMemberScopeContext: loaded 2 times (x 74B)
Class org.jetbrains.kotlin.fir.BuiltinTypes                                           : loaded 2 times (x 74B)
Class org.jetbrains.kotlin.load.java.structure.JavaClass                              : loaded 2 times (x 72B)
Class org.jetbrains.kotlin.types.TypeAttributeTranslator                              : loaded 2 times (x 72B)
Class org.jetbrains.kotlin.gradle.plugin.statistics.ExecutedTaskMetrics               : loaded 2 times (x 73B)
Class org.jetbrains.kotlin.psi.KtFile$Companion                                       : loaded 2 times (x 73B)
Class org.jetbrains.kotlin.psi.stubs.KotlinClassifierStub                             : loaded 2 times (x 72B)
Class org.jetbrains.kotlin.psi.stubs.elements.KtStubElementType                       : loaded 2 times (x 102B)
Class org.jetbrains.kotlin.parsing.KotlinParserDefinition$Companion                   : loaded 2 times (x 73B)
Class org.jetbrains.kotlin.load.java.JvmAnnotationNames                               : loaded 2 times (x 73B)
Class org.jetbrains.kotlin.platform.jvm.JvmPlatforms                                  : loaded 2 times (x 73B)
Class com.android.tools.lint.model.LintModelModuleLoader                              : loaded 2 times (x 72B)
Class kotlin.io.FileTreeWalk$FileTreeWalkIterator$WhenMappings                        : loaded 2 times (x 73B)
Class kotlin.collections.builders.MapBuilder$EntriesItr                               : loaded 2 times (x 83B)
Class kotlin.reflect.jvm.internal.impl.load.java.lazy.descriptors.JavaDescriptorUtilKt: loaded 2 times (x 73B)
Class kotlin.reflect.jvm.internal.impl.descriptors.DescriptorUtilKt                   : loaded 2 times (x 73B)
Class kotlin.reflect.jvm.internal.impl.resolve.MemberComparator$NameAndTypeMemberComparator: loaded 2 times (x 93B)
Class kotlin.reflect.jvm.internal.impl.renderer.DescriptorRendererModifier            : loaded 2 times (x 81B)
Class kotlin.reflect.jvm.internal.impl.resolve.constants.ConstantValue                : loaded 2 times (x 76B)
Class kotlin.reflect.jvm.internal.impl.load.java.lazy.ModuleClassResolver             : loaded 2 times (x 72B)
Class kotlin.reflect.jvm.internal.impl.descriptors.annotations.Annotations            : loaded 2 times (x 72B)
Class kotlin.reflect.jvm.internal.impl.descriptors.annotations.Annotated              : loaded 2 times (x 72B)
Class [Lorg.jetbrains.kotlin.metadata.ProtoBuf$VersionRequirement$Level;              : loaded 2 times (x 71B)
Class org.jetbrains.kotlin.incremental.classpathDiff.KotlinClassSnapshot              : loaded 2 times (x 76B)
Class org.jetbrains.org.objectweb.asm.ClassTooLargeException                          : loaded 2 times (x 84B)
Class org.jetbrains.kotlin.metadata.jvm.deserialization.JvmMemberSignature$Method     : loaded 2 times (x 77B)
Class org.apache.commons.compress.archivers.zip.X7875_NewUnix                         : loaded 2 times (x 94B)
Class org.apache.commons.compress.utils.InputStreamStatistics                         : loaded 2 times (x 72B)
Class org.jetbrains.kotlin.gradle.tasks.configuration.AbstractKotlinCompileConfig$2$4 : loaded 2 times (x 77B)
Class org.jetbrains.kotlin.gradle.tasks.KotlinCompile$scriptSources$1                 : loaded 2 times (x 77B)
Class org.jetbrains.kotlin.build.report.metrics.BuildAttribute$Companion              : loaded 2 times (x 73B)
Class org.jetbrains.kotlin.gradle.plugin.diagnostics.checkers.CInteropInputChecker$runChecks$2: loaded 2 times (x 77B)
Class org.jetbrains.kotlin.gradle.tasks.configuration.KaptGenerateStubsConfig$Companion: loaded 2 times (x 73B)
Class org.jetbrains.kotlin.gradle.internal.KotlinTestDependencyManagementKt$maybeAddTestDependencyCapability$1: loaded 2 times (x 77B)
Class org.jetbrains.kotlin.gradle.plugin.diagnostics.CheckKotlinGradlePluginConfigurationErrorsKt: loaded 2 times (x 73B)
Class org.jetbrains.kotlin.gradle.targets.js.npm.NpmDependencyExtensionKt$AddNpmDependencyExtensionProjectSetupAction$1$WhenMappings: loaded 2 times (x 73B)
Class org.jetbrains.kotlin.gradle.plugin.mpp.KotlinJvmAndroidCompilation              : loaded 2 times (x 199B)
Class org.jetbrains.kotlin.gradle.targets.CreateDefaultCompilationsSideEffectKt$CreateDefaultCompilationsSideEffect$1: loaded 2 times (x 76B)
Class org.jetbrains.kotlin.gradle.targets.native.internal.AddKotlinPlatformIntegersSupportLibraryKt$AddKotlinPlatformIntegersSupportLibrary$1: loaded 2 times (x 97B)
Class org.jetbrains.kotlin.gradle.plugin.mpp.ApplyUserDefinedAttributesKt             : loaded 2 times (x 73B)
Class org.jetbrains.kotlin.gradle.utils.FutureImpl                                    : loaded 2 times (x 82B)
Class org.jetbrains.kotlin.gradle.dsl.abi.AbiValidationLegacyDumpExtension            : loaded 2 times (x 72B)
Class org.jetbrains.kotlin.gradle.plugin.diagnostics.IsAttachedToTerminalValueSource$Inject_: loaded 2 times (x 102B)
Class org.jetbrains.kotlin.gradle.plugin.diagnostics.ToolingDiagnosticRenderingOptionsKt$isAttachedToTerminal$2: loaded 2 times (x 76B)
Class org.jetbrains.kotlin.gradle.internal.properties.NativePropertiesLoader$isToolchainEnabled$1: loaded 2 times (x 77B)
Class [Lorg.jetbrains.kotlin.statistics.metrics.NumericalMetrics;                     : loaded 2 times (x 71B)
Class kotlin.collections.builders.SetBuilder$Companion                                : loaded 2 times (x 73B)
Class org.jetbrains.kotlin.fir.declarations.FirResolvedToPhaseState                   : loaded 2 times (x 75B)
Class org.jetbrains.kotlin.metadata.jvm.deserialization.JvmNameResolverBase$Companion : loaded 2 times (x 73B)
Class org.jetbrains.kotlin.fir.declarations.UnresolvedDeprecationProvider             : loaded 2 times (x 74B)
Class org.jetbrains.kotlin.serialization.deserialization.ProtoBasedClassDataFinder    : loaded 2 times (x 77B)
Class org.jetbrains.kotlin.metadata.ProtoBuf$Annotation$Argument$Value$Builder        : loaded 2 times (x 155B)
Class org.jetbrains.kotlin.fir.java.scopes.FirRenamedForOverrideSymbolsStorage$RenamedFunctionCreationContext: loaded 2 times (x 74B)
Class org.jetbrains.kotlin.load.java.NullabilityAnnotationStatesImpl                  : loaded 2 times (x 77B)
Class org.jetbrains.kotlin.fir.types.ConeAttributes                                   : loaded 2 times (x 84B)
Class org.jetbrains.kotlin.psi.KtPsiFactoryKt                                         : loaded 2 times (x 73B)
Class org.jetbrains.kotlin.parsing.BindFirstShebangWithWhitespaceOnly                 : loaded 2 times (x 78B)
Class org.jetbrains.kotlin.metadata.ProtoBuf$MemberKind                               : loaded 2 times (x 84B)
Class org.jetbrains.kotlin.load.kotlin.KotlinClassFinder                              : loaded 2 times (x 72B)
Class it.unimi.dsi.fastutil.ints.IntArraySet                                          : loaded 2 times (x 237B)
Class kotlin.time.DurationUnitKt__DurationUnitJvmKt                                   : loaded 2 times (x 73B)
Class org.jetbrains.kotlin.descriptors.DescriptorVisibilities$3                       : loaded 2 times (x 81B)
Class com.android.ide.common.gradle.Separator                                         : loaded 2 times (x 81B)
Class com.android.tools.lint.model.LintModelSourceProvider                            : loaded 2 times (x 72B)
Class org.jetbrains.kotlin.metadata.jvm.deserialization.ClassMapperLite               : loaded 2 times (x 73B)
Class kotlin.reflect.jvm.internal.impl.descriptors.runtime.components.ReflectJavaClassFinder: loaded 2 times (x 79B)
Class [Lcom.android.prefs.VariableValue;                                              : loaded 2 times (x 71B)
Class kotlin.reflect.jvm.internal.impl.builtins.KotlinBuiltIns                        : loaded 2 times (x 115B)
Class com.android.tools.lint.model.PathVariables$Companion                            : loaded 2 times (x 73B)
Class kotlin.reflect.jvm.internal.impl.serialization.SerializerExtensionProtocol      : loaded 2 times (x 74B)
Class com.android.manifmerger.ManifestMerger2$MergeFailureException                   : loaded 2 times (x 84B)
Class kotlin.reflect.jvm.internal.impl.load.java.structure.LightClassOriginKind       : loaded 2 times (x 81B)
Class org.jetbrains.kotlin.metadata.ProtoBuf$Property$Builder                         : loaded 2 times (x 202B)
Class kotlin.reflect.KClasses                                                         : loaded 2 times (x 73B)
Class org.jetbrains.kotlin.cli.common.arguments.Disables                              : loaded 2 times (x 72B)
Class kotlin.reflect.jvm.internal.impl.load.java.descriptors.JavaCallableMemberDescriptor: loaded 2 times (x 72B)
Class kotlin.reflect.jvm.internal.impl.metadata.jvm.JvmProtoBuf$JvmPropertySignature$Builder: loaded 2 times (x 93B)
Class kotlin.reflect.jvm.internal.impl.metadata.jvm.JvmProtoBuf$StringTableTypes$Record$Operation$1: loaded 2 times (x 76B)
Class kotlin.reflect.jvm.internal.impl.protobuf.AbstractMessageLite$Builder$LimitedInputStream: loaded 2 times (x 94B)
Class kotlin.reflect.jvm.internal.impl.load.java.lazy.types.JavaTypeResolver          : loaded 2 times (x 74B)
Class kotlin.reflect.jvm.internal.impl.descriptors.deserialization.AdditionalClassPartsProvider: loaded 2 times (x 72B)
Class kotlin.reflect.jvm.internal.impl.descriptors.runtime.components.RuntimeSourceElementFactory: loaded 2 times (x 76B)
Class org.jetbrains.kotlin.incremental.classpathDiff.impl.ExtraInfoGeneratorWithInlinedClassSnapshotting: loaded 2 times (x 76B)
Class org.jetbrains.org.objectweb.asm.tree.IntInsnNode                                : loaded 2 times (x 80B)
Class com.google.common.collect.ImmutableBiMap$Builder                                : loaded 2 times (x 84B)
Class org.apache.commons.compress.archivers.zip.JarMarker                             : loaded 2 times (x 82B)
Class org.apache.commons.compress.archivers.zip.SeekableChannelRandomAccessOutputStream: loaded 2 times (x 91B)
Class kotlinx.coroutines.internal.ThreadLocalKt                                       : loaded 2 times (x 73B)
Class com.google.common.collect.HashMultimapGwtSerializationDependencies              : loaded 2 times (x 175B)
Class org.jetbrains.kotlin.gradle.tasks.CompileUsingKotlinDaemonWithNormalization     : loaded 2 times (x 72B)
Class org.jetbrains.kotlin.gradle.plugin.mpp.compilationImpl.factory.KotlinCompilationImplFactory$PostConfigure$Companion: loaded 2 times (x 73B)
Class com.google.common.collect.AbstractMapBasedMultimap$KeySet$1                     : loaded 2 times (x 84B)
Class org.jetbrains.kotlin.gradle.internal.KotlinDomApiDependencyManagementKt$configureKotlinDomApiDefaultDependency$1: loaded 2 times (x 81B)
Class org.jetbrains.kotlin.gradle.targets.js.npm.DefaultDevNpmDependencyExtension     : loaded 2 times (x 146B)
Class [Lorg.jetbrains.kotlin.gradle.plugin.HasKotlinDependencies;                     : loaded 2 times (x 71B)
Class org.jetbrains.kotlin.gradle.tasks.DefaultKotlinJavaToolchain$Companion$wireJvmTargetToToolchain$1: loaded 2 times (x 77B)
Class org.jetbrains.kotlin.gradle.plugin.diagnostics.checkers.JsLikeEnvironmentChecker: loaded 2 times (x 78B)
Class org.jetbrains.kotlin.gradle.plugin.KotlinPlatformType                           : loaded 2 times (x 84B)
Class org.jetbrains.kotlin.gradle.plugin.KotlinGradleBuildServices$Companion          : loaded 2 times (x 73B)
Class org.jetbrains.kotlin.gradle.internal.properties.PropertiesBuildServiceKt        : loaded 2 times (x 73B)
Class org.objectweb.asm.ClassWriter                                                   : loaded 2 times (x 107B)
Class com.google.common.cache.CacheLoader$UnsupportedLoadingOperationException        : loaded 2 times (x 84B)
Class org.gradle.internal.classloader.ClasspathUtil$1                                 : loaded 2 times (x 78B)
Class org.jetbrains.kotlin.descriptors.Modality                                       : loaded 2 times (x 81B)
Class org.jetbrains.kotlin.fir.analysis.checkers.expression.FirGenericArrayClassLiteralSupport$Enabled: loaded 2 times (x 76B)
Class org.jetbrains.kotlin.resolve.calls.results.TypeSpecificityComparator            : loaded 2 times (x 72B)
Class kotlin.reflect.jvm.internal.impl.types.model.TypeSystemCommonSuperTypesContext  : loaded 2 times (x 72B)
Class kotlin.reflect.jvm.internal.impl.load.java.SpecialGenericSignatures$TypeSafeBarrierDescription: loaded 2 times (x 81B)
Class org.jetbrains.kotlin.psi.psiUtil.PsiChildRange                                  : loaded 2 times (x 77B)
Class org.jetbrains.kotlin.metadata.jvm.deserialization.PackageParts                  : loaded 2 times (x 74B)
Class org.jetbrains.kotlin.cli.common.arguments.Argument                              : loaded 2 times (x 72B)
Class org.jetbrains.kotlin.config.AnalysisFlags                                       : loaded 2 times (x 73B)
Class org.jetbrains.kotlin.load.kotlin.JvmPackagePartProviderBase$Companion           : loaded 2 times (x 73B)
Class org.jetbrains.kotlin.cli.jvm.index.JavaRoot$RootType                            : loaded 2 times (x 81B)
Class org.jetbrains.kotlin.storage.NullableLazyValue                                  : loaded 2 times (x 72B)
Class org.jetbrains.kotlin.psi.stubs.elements.KtTypeParameterElementType              : loaded 2 times (x 105B)
Class [Lorg.jetbrains.kotlin.psi.KtDeclarationModifierList;                           : loaded 2 times (x 71B)
Class it.unimi.dsi.fastutil.objects.ObjectOpenHashSet                                 : loaded 2 times (x 189B)
Class kotlin.coroutines.ContinuationKt                                                : loaded 2 times (x 73B)
Class org.jetbrains.kotlin.psi.KtPrefixExpression                                     : loaded 2 times (x 503B)
Class [Lorg.jetbrains.kotlin.psi.KtBlockStringTemplateEntry;                          : loaded 2 times (x 71B)
Class org.jetbrains.kotlin.types.model.KotlinTypeMarker                               : loaded 2 times (x 72B)
Class org.jetbrains.kotlin.psi.KtDeclarationWithInitializer                           : loaded 2 times (x 72B)
Class org.jetbrains.kotlin.psi.KtElementImplStub                                      : loaded 2 times (x 443B)
Class kotlin.concurrent.atomics.AtomicsKt__Atomics_jvmKt                              : loaded 2 times (x 73B)
Class org.jetbrains.kotlin.psi.KtIntersectionType                                     : loaded 2 times (x 505B)
Class com.android.tools.lint.model.LintModelDependencyGraph                           : loaded 2 times (x 72B)
Class org.jetbrains.kotlin.psi.KtStringTemplateEntry                                  : loaded 2 times (x 444B)
Class org.jetbrains.kotlin.psi.KtContinueExpression                                   : loaded 2 times (x 438B)
Class kotlin.reflect.jvm.internal.impl.load.java.SpecialGenericSignatures$TypeSafeBarrierDescription$MAP_GET_OR_DEFAULT: loaded 2 times (x 81B)
Class kotlin.reflect.jvm.internal.impl.descriptors.runtime.structure.ReflectJavaType  : loaded 2 times (x 86B)
Class kotlin.reflect.jvm.internal.impl.descriptors.ParameterDescriptor                : loaded 2 times (x 72B)
Class kotlin.reflect.jvm.internal.impl.serialization.deserialization.ContractDeserializer: loaded 2 times (x 72B)
Class kotlin.reflect.jvm.internal.WeakClassLoaderBox                                  : loaded 2 times (x 74B)
Class org.jetbrains.kotlin.metadata.ProtoBuf$Effect$EffectType$1                      : loaded 2 times (x 76B)
Class org.jetbrains.kotlin.metadata.ProtoBuf$EffectOrBuilder                          : loaded 2 times (x 72B)
Class org.jetbrains.kotlin.incremental.KotlinClassInfo$Companion                      : loaded 2 times (x 73B)
Class org.jetbrains.kotlin.incremental.storage.DelegateDataExternalizer               : loaded 2 times (x 78B)
Class com.google.common.base.Objects                                                  : loaded 2 times (x 73B)
Class com.google.common.collect.FluentIterable$1                                      : loaded 2 times (x 83B)
Class org.apache.commons.compress.archivers.zip.ZipEncodingHelper                     : loaded 2 times (x 73B)
Class com.google.common.collect.AbstractMapBasedMultimap$Itr                          : loaded 2 times (x 85B)
Class org.jetbrains.kotlin.gradle.dsl.KotlinJvmCompilerOptionsHelper                  : loaded 2 times (x 73B)
Class org.jetbrains.kotlin.gradle.tasks.DefaultKotlinJavaToolchain$Companion$wireJvmTargetToToolchain$2: loaded 2 times (x 77B)
Class org.jetbrains.kotlin.gradle.plugin.ProjectLocalConfigurations$ProjectLocalDisambiguation: loaded 2 times (x 78B)
Class org.jetbrains.kotlin.gradle.plugin.diagnostics.ToolingDiagnosticRenderingOptions$Companion: loaded 2 times (x 73B)
Class org.jetbrains.kotlin.gradle.plugin.diagnostics.DiagnosticGroup$KotlinDiagnosticGroup: loaded 2 times (x 83B)
Class org.jetbrains.kotlin.gradle.internal.properties.PropertiesBuildService$NullableStringGradleProperty: loaded 2 times (x 78B)
Class org.jetbrains.kotlin.gradle.targets.native.KonanPropertiesBuildService          : loaded 2 times (x 78B)
Class org.jetbrains.kotlin.gradle.plugin.KotlinGradleBuildServices$detectKotlinPluginLoadedInMultipleProjects$onRegister$1$1: loaded 2 times (x 77B)
Class org.jetbrains.kotlin.gradle.internal.properties.PropertiesBuildService$Inject_  : loaded 2 times (x 98B)
Class org.jetbrains.kotlin.gradle.plugin.internal.ConfigurationCacheStartParameterAccessor$Factory: loaded 2 times (x 72B)
Class org.objectweb.asm.FieldVisitor                                                  : loaded 2 times (x 79B)
Class org.gradle.api.internal.classpath.DefaultModuleRegistry$DefaultModule           : loaded 2 times (x 88B)
Class com.google.common.collect.MapMakerInternalMap$WeakKeyStrongValueEntry           : loaded 2 times (x 93B)
Class org.jetbrains.kotlin.load.java.structure.impl.classFiles.BinaryClassSignatureParser: loaded 2 times (x 74B)
Class org.jetbrains.kotlin.fir.resolve.providers.impl.FirExtensionSyntheticFunctionInterfaceProvider$Companion: loaded 2 times (x 73B)
Class org.jetbrains.kotlin.metadata.deserialization.NameResolverImpl$WhenMappings     : loaded 2 times (x 73B)
Class org.jetbrains.kotlin.fir.scopes.FirOverrideService                              : loaded 2 times (x 74B)
Class org.jetbrains.kotlin.parsing.KotlinParsing$DeclarationParsingMode               : loaded 2 times (x 81B)
Class org.jetbrains.kotlin.asJava.classes.ImplUtilsKt                                 : loaded 2 times (x 73B)
Class org.jetbrains.kotlin.resolve.extensions.ExtraImportsProviderExtension$Companion : loaded 2 times (x 74B)
Class kotlin.reflect.jvm.internal.KProperty1Impl$$Lambda$1                            : loaded 2 times (x 78B)
Class org.jetbrains.kotlin.protobuf.LazyStringList                                    : loaded 2 times (x 72B)
Class org.jetbrains.kotlin.fir.declarations.FirClassLikeDeclaration                   : loaded 2 times (x 144B)
Class org.jetbrains.kotlin.storage.SimpleLock                                         : loaded 2 times (x 72B)
Class kotlin.reflect.jvm.internal.ClassValueCache                                     : loaded 2 times (x 76B)
Class kotlin.ResultKt                                                                 : loaded 2 times (x 73B)
Class org.jetbrains.kotlin.psi.KtOperationExpression                                  : loaded 2 times (x 72B)
Class org.jetbrains.kotlin.psi.KtDestructuringDeclarationEntry                        : loaded 2 times (x 1310B)
Class org.jetbrains.kotlin.psi.stubs.elements.KtScriptElementType                     : loaded 2 times (x 102B)
Class [Lorg.jetbrains.kotlin.psi.KtSuperTypeEntry;                                    : loaded 2 times (x 71B)
Class [Lorg.jetbrains.kotlin.psi.KtSimpleNameExpression;                              : loaded 2 times (x 71B)
Class org.jetbrains.kotlin.psi.KtTypeConstraint                                       : loaded 2 times (x 573B)
Class org.jetbrains.kotlin.psi.stubs.KotlinDeclarationWithBodyStub                    : loaded 2 times (x 72B)
Class org.jetbrains.kotlin.utils.WrappedValues                                        : loaded 2 times (x 73B)
Class org.jetbrains.kotlin.platform.jvm.JvmPlatform                                   : loaded 2 times (x 77B)
Class org.jetbrains.kotlin.fir.declarations.impl.FirDeclarationStatusImpl$Modifier    : loaded 2 times (x 81B)
Class com.android.tools.lint.model.DefaultLintModelDependencies                       : loaded 2 times (x 80B)
Class com.android.ide.common.repository.AgpVersion                                    : loaded 2 times (x 77B)
Class kotlin.reflect.jvm.internal.impl.descriptors.impl.PropertyGetterDescriptorImpl  : loaded 2 times (x 193B)
Class kotlin.reflect.jvm.internal.impl.types.TypeSubstitutor                          : loaded 2 times (x 81B)
Class kotlin.reflect.jvm.internal.impl.resolve.scopes.receivers.ImplicitReceiver      : loaded 2 times (x 72B)
Class kotlin.reflect.jvm.internal.impl.protobuf.SmallSortedMap$EntryIterator          : loaded 2 times (x 85B)
Class kotlin.reflect.jvm.internal.impl.serialization.deserialization.ProtoEnumFlags   : loaded 2 times (x 73B)
Class kotlin.reflect.jvm.internal.impl.descriptors.runtime.components.ReflectAnnotationSource: loaded 2 times (x 77B)
Class kotlin.reflect.jvm.internal.impl.storage.LockBasedStorageManager$KeyWithComputation: loaded 2 times (x 74B)
Class kotlin.reflect.jvm.internal.impl.metadata.ProtoBuf$Property                     : loaded 2 times (x 103B)
Class kotlin.reflect.jvm.internal.impl.descriptors.SupertypeLoopChecker$EMPTY         : loaded 2 times (x 76B)
Class org.jetbrains.org.objectweb.asm.tree.TryCatchBlockNode                          : loaded 2 times (x 76B)
Class org.jetbrains.kotlin.metadata.jvm.deserialization.JvmNameResolverKt             : loaded 2 times (x 73B)
Class org.jetbrains.kotlin.incremental.classpathDiff.JavaClassMemberLevelSnapshot     : loaded 2 times (x 74B)
Class org.jetbrains.kotlin.incremental.impl.SelectiveClassVisitor                     : loaded 2 times (x 90B)
Class com.google.common.collect.FluentIterable$2                                      : loaded 2 times (x 83B)
Class com.google.common.base.Absent                                                   : loaded 2 times (x 82B)
Class com.google.common.collect.NullsFirstOrdering                                    : loaded 2 times (x 117B)
Class org.jetbrains.kotlin.gradle.plugin.diagnostics.CheckKotlinGradlePluginConfigurationErrors_Decorated: loaded 2 times (x 365B)
Class org.jetbrains.kotlin.gradle.plugin.mpp.compilationImpl.KotlinCompilationSourceSetInclusion$DefaultAddSourcesToCompileTask$addSources$1: loaded 2 times (x 81B)
Class org.jetbrains.kotlin.gradle.plugin.diagnostics.checkers.WasmSourceSetsNotFoundChecker$wasmSourceSetRegex$2: loaded 2 times (x 80B)
Class org.jetbrains.kotlin.gradle.plugin.mpp.compilationImpl.KotlinCompilationSideEffect: loaded 2 times (x 72B)
Class org.jetbrains.kotlin.gradle.plugin.KotlinGradlePluginExtensionPoint             : loaded 2 times (x 72B)
Class org.jetbrains.kotlin.tooling.core.ExtrasUtilsKt                                 : loaded 2 times (x 73B)
Class org.jetbrains.kotlin.buildtools.api.ExperimentalBuildToolsApi                   : loaded 2 times (x 72B)
Class org.jetbrains.kotlin.gradle.plugin.diagnostics.KotlinToolingDiagnosticsCollector$Inject_: loaded 2 times (x 98B)
Class org.jetbrains.kotlin.gradle.targets.native.KonanPropertiesBuildService$Companion$registerIfAbsent$2$1$1: loaded 2 times (x 77B)
Class org.jetbrains.kotlin.gradle.utils.ResourceUtilsKt                               : loaded 2 times (x 73B)
Class org.jetbrains.kotlin.gradle.plugin.KotlinPluginWrapperKt$kotlinPluginVersionFromResources$1: loaded 2 times (x 80B)
Class com.google.common.collect.AbstractIterator                                      : loaded 2 times (x 84B)
Class org.jetbrains.kotlin.serialization.deserialization.ClassDataFinder              : loaded 2 times (x 72B)
Class org.jetbrains.kotlin.builtins.functions.FunctionTypeKind$SuspendFunction        : loaded 2 times (x 79B)
Class org.jetbrains.kotlin.builtins.functions.FunctionTypeKind                        : loaded 2 times (x 79B)
Class org.jetbrains.kotlin.fir.symbols.impl.FirConstructorSymbol                      : loaded 2 times (x 83B)
Class org.jetbrains.kotlin.fir.types.impl.FirImplicitCharIteratorTypeRef              : loaded 2 times (x 111B)
Class [Lorg.jetbrains.kotlin.parsing.KotlinParsing$NameParsingMode;                   : loaded 2 times (x 71B)
Class org.jetbrains.kotlin.name.SpecialNames                                          : loaded 2 times (x 73B)
Class org.jetbrains.kotlin.types.TypeMappingContext                                   : loaded 2 times (x 72B)
Class org.gradle.api.internal.ClassPathProvider                                       : loaded 2 times (x 72B)
Class com.android.utils.SdkUtils                                                      : loaded 2 times (x 73B)
Class org.jetbrains.kotlin.load.java.structure.impl.source.JavaElementSourceFactory   : loaded 2 times (x 81B)
Class org.jetbrains.kotlin.resolve.jvm.extensions.PackageFragmentProviderExtension$Companion: loaded 2 times (x 74B)
Class org.jetbrains.kotlin.resolve.jvm.extensions.PackageFragmentProviderExtension    : loaded 2 times (x 72B)
Class [Lorg.gradle.api.internal.ClassPathProvider;                                    : loaded 2 times (x 71B)
Class org.jetbrains.kotlin.gradle.plugin.VariantImplementationFactories$Companion$getProvider$2$1: loaded 2 times (x 81B)
Class org.jetbrains.kotlin.statistics.metrics.NumericalMetrics                        : loaded 2 times (x 81B)
Class org.jetbrains.kotlin.config.ReturnValueCheckerMode$Companion                    : loaded 2 times (x 73B)
Class kotlin.reflect.jvm.internal.KProperty2Impl                                      : loaded 2 times (x 130B)
Class kotlin.Result$Failure                                                           : loaded 2 times (x 74B)
Class org.jetbrains.kotlin.gradle.plugin.mpp.SyncLanguageSettingsWithKotlinExtensionSetupActionKt: loaded 2 times (x 73B)
Class org.jetbrains.kotlin.psi.KtContextReceiverList                                  : loaded 2 times (x 443B)
Class org.jetbrains.kotlin.psi.stubs.elements.KtContextReceiverElementType            : loaded 2 times (x 102B)
Class [Lorg.jetbrains.kotlin.psi.KtPureClassOrObject;                                 : loaded 2 times (x 71B)
Class [Lorg.jetbrains.kotlin.psi.KtDeclaration;                                       : loaded 2 times (x 71B)
Class org.jetbrains.kotlin.cli.jvm.compiler.CompatKt                                  : loaded 2 times (x 73B)
Class org.jetbrains.kotlin.platform.TargetPlatform                                    : loaded 2 times (x 121B)
Class org.jetbrains.kotlin.gradle.targets.CreateDefaultCompilationsSideEffectKt       : loaded 2 times (x 73B)
Class org.jetbrains.kotlin.gradle.plugin.diagnostics.checkers.KotlinSourceSetTreeDependsOnMismatchChecker: loaded 2 times (x 76B)
Class kotlin.reflect.jvm.internal.impl.metadata.ProtoBuf$Visibility                   : loaded 2 times (x 84B)
Class kotlin.reflect.jvm.internal.impl.builtins.jvm.JvmBuiltInClassDescriptorFactory  : loaded 2 times (x 79B)
Class kotlin.reflect.jvm.internal.impl.metadata.ProtoBuf$ConstructorOrBuilder         : loaded 2 times (x 72B)
Class kotlin.reflect.jvm.internal.impl.types.TypeSubstitution                         : loaded 2 times (x 79B)
Class kotlin.reflect.jvm.internal.impl.load.java.typeEnhancement.SignatureEnhancement : loaded 2 times (x 74B)
Class kotlin.reflect.jvm.internal.impl.load.java.NullabilityAnnotationStatesImpl      : loaded 2 times (x 77B)
Class [Lorg.jetbrains.kotlin.metadata.ProtoBuf$Effect$EffectConditionKind;            : loaded 2 times (x 71B)
Class [Lorg.jetbrains.kotlin.metadata.ProtoBuf$Effect$InvocationKind;                 : loaded 2 times (x 71B)
Class org.jetbrains.kotlin.metadata.ProtoBuf$VersionRequirement$VersionKind           : loaded 2 times (x 84B)
Class org.jetbrains.kotlin.descriptors.Named                                          : loaded 2 times (x 72B)
Class org.jetbrains.kotlin.serialization.deserialization.ProtoEnumFlagsUtilsKt        : loaded 2 times (x 73B)
Class org.jetbrains.kotlin.metadata.ProtoBuf$Visibility$1                             : loaded 2 times (x 76B)
Class org.jetbrains.kotlin.metadata.jvm.JvmProtoBuf$StringTableTypes$Record$Operation$1: loaded 2 times (x 76B)
Class kotlin.collections.IndexingIterable                                             : loaded 2 times (x 81B)
Class org.jetbrains.org.objectweb.asm.tree.JumpInsnNode                               : loaded 2 times (x 80B)
Class com.google.common.collect.FluentIterable$3                                      : loaded 2 times (x 83B)
Class org.jetbrains.kotlin.gradle.tasks.UsesKotlinJavaToolchain$DefaultImpls          : loaded 2 times (x 73B)
Class org.jetbrains.kotlin.build.report.metrics.BuildAttributeKind$Companion          : loaded 2 times (x 73B)
Class org.jetbrains.kotlin.gradle.plugin.mpp.KotlinTargetSoftwareComponentImplKt$KotlinTargetSoftwareComponent$1$1$1: loaded 2 times (x 77B)
Class org.jetbrains.kotlin.gradle.tasks.configuration.KaptGenerateStubsConfig$Companion$configureLibraries$1: loaded 2 times (x 81B)
Class org.jetbrains.kotlin.gradle.plugin.mpp.compilationImpl.KotlinCompilationSourceSetInclusion$DefaultAddSourcesToCompileTask$addSources$2: loaded 2 times (x 81B)
Class org.jetbrains.kotlin.gradle.tasks.AbstractKotlinCompile                         : loaded 2 times (x 461B)
Class org.jetbrains.kotlin.gradle.plugin.KotlinCompilationOutput                      : loaded 2 times (x 72B)
Class org.jetbrains.kotlin.gradle.plugin.diagnostics.CheckKotlinGradlePluginConfigurationErrorsKt$addDependsOnFromTasksThatShouldFailWhenErrorsReported$1: loaded 2 times (x 77B)
Class org.jetbrains.kotlin.konan.target.KonanTarget$TVOS_X64                          : loaded 2 times (x 80B)
Class org.jetbrains.kotlin.gradle.plugin.diagnostics.KotlinToolingDiagnosticsSetupActionKt: loaded 2 times (x 73B)
Class org.jetbrains.kotlin.gradle.targets.native.KonanPropertiesBuildService$Parameters_Decorated: loaded 2 times (x 132B)
Class org.jetbrains.kotlin.gradle.plugin.KotlinPluginWrapperKt$kotlinPluginVersionFromResources$1$1: loaded 2 times (x 73B)
Class com.google.common.collect.Multiset                                              : loaded 2 times (x 72B)
Class com.google.common.collect.ArrayListMultimapGwtSerializationDependencies         : loaded 2 times (x 173B)
Class org.jetbrains.kotlin.descriptors.EffectiveVisibilityKt                          : loaded 2 times (x 73B)
Class [Lorg.jetbrains.kotlin.fir.declarations.FirResolvePhase;                        : loaded 2 times (x 71B)
Class org.jetbrains.kotlin.fir.resolve.providers.impl.FirSyntheticFunctionInterfaceProviderBase$symbolNamesProvider$1: loaded 2 times (x 85B)
Class org.jetbrains.kotlin.fir.scopes.impl.FirAbstractOverrideChecker                 : loaded 2 times (x 82B)
Class org.jetbrains.kotlin.fir.types.TypeUtilsKt                                      : loaded 2 times (x 73B)
Class org.jetbrains.kotlin.fir.resolve.FirSamConstructorStorage                       : loaded 2 times (x 74B)
Class org.jetbrains.kotlin.fir.types.TypeComponents$typeContext$1                     : loaded 2 times (x 1089B)
Class org.jetbrains.kotlin.utils.exceptions.KotlinIllegalStateExceptionWithAttachments: loaded 2 times (x 94B)
Class it.unimi.dsi.fastutil.ints.IntArrays$ForkJoinQuickSort2                         : loaded 2 times (x 97B)
Class it.unimi.dsi.fastutil.objects.ObjectBidirectionalIterator                       : loaded 2 times (x 72B)
Class com.android.utils.PositionXmlParser$AbstractParserPool                          : loaded 2 times (x 72B)
Class org.jetbrains.kotlin.gradle.dsl.PlatformSourceSetConventionsChecker             : loaded 2 times (x 76B)
Class org.jetbrains.kotlin.gradle.plugin.KotlinPluginLifecycleCoroutineContextElement : loaded 2 times (x 86B)
Class org.jetbrains.kotlin.gradle.tasks.configuration.KaptGenerateStubsConfig$Companion$wireJavaAndKotlinOutputs$1: loaded 2 times (x 81B)
Class com.google.common.collect.NaturalOrdering                                       : loaded 2 times (x 117B)
Class com.google.common.collect.Maps$ViewCachingAbstractMap                           : loaded 2 times (x 127B)
Class [Lorg.jetbrains.kotlin.psi.KtAnnotation;                                        : loaded 2 times (x 71B)
Class com.google.common.io.CharSource$ConcatenatedCharSource                          : loaded 2 times (x 88B)
Class [Lorg.jetbrains.kotlin.name.ClassId;                                            : loaded 2 times (x 71B)
Class com.android.tools.lint.model.DefaultLintModelVariant$artifact$2                 : loaded 2 times (x 81B)
Class org.jetbrains.kotlin.incremental.classpathDiff.impl.ClassListSnapshotter        : loaded 2 times (x 72B)
Class com.android.tools.lint.model.LintModelMavenName$Companion                       : loaded 2 times (x 73B)
Class org.jetbrains.kotlin.metadata.jvm.JvmProtoBuf$JvmFieldSignature                 : loaded 2 times (x 110B)
Class kotlin.reflect.jvm.internal.impl.metadata.jvm.JvmProtoBuf$StringTableTypes$Record: loaded 2 times (x 98B)
Class kotlin.reflect.jvm.internal.impl.metadata.ProtoBuf$Annotation$Argument$Value$Type: loaded 2 times (x 84B)
Class kotlin.reflect.jvm.internal.impl.types.ClassTypeConstructorImpl                 : loaded 2 times (x 99B)
Class org.jetbrains.kotlin.metadata.ProtoBuf$Effect$EffectConditionKind$1             : loaded 2 times (x 76B)
Class org.jetbrains.kotlin.incremental.classpathDiff.impl.ClassFileWithContents       : loaded 2 times (x 74B)
Class org.jetbrains.kotlin.build.report.metrics.LOAD_CLASSES_PATHS_ONLY               : loaded 2 times (x 74B)
Class org.apache.commons.io.output.NullOutputStream                                   : loaded 2 times (x 87B)
Class org.apache.commons.io.build.AbstractOrigin$CharSequenceOrigin                   : loaded 2 times (x 91B)
Class org.apache.commons.io.build.AbstractOrigin$WriterOrigin                         : loaded 2 times (x 91B)
Class org.apache.commons.compress.archivers.EntryStreamOffsets                        : loaded 2 times (x 72B)
Class org.jetbrains.kotlin.gradle.plugin.attributes.KlibPackaging$Companion           : loaded 2 times (x 73B)
Class org.jetbrains.kotlin.tooling.core.Extras$Entry                                  : loaded 2 times (x 74B)
Class org.jetbrains.kotlin.gradle.plugin.sources.InternalKotlinSourceSetKt            : loaded 2 times (x 73B)
Class org.jetbrains.kotlin.gradle.utils.WhenEvaluatedKt$whenEvaluated$3               : loaded 2 times (x 81B)
Class org.jetbrains.kotlin.gradle.internal.Kapt3GradleSubplugin$Kapt3SubpluginContext : loaded 2 times (x 74B)
Class org.jetbrains.kotlin.gradle.artifacts.KotlinTargetArtifact                      : loaded 2 times (x 72B)
Class org.jetbrains.kotlin.gradle.dsl.KotlinJvmCompilerOptionsDefault_Decorated       : loaded 2 times (x 165B)
Class org.jetbrains.kotlin.gradle.plugin.HasKotlinDependencies                        : loaded 2 times (x 72B)
Class org.jetbrains.kotlin.gradle.internal.ClassLoadersCachingBuildService$Parameters_Decorated: loaded 2 times (x 132B)
Class org.jetbrains.kotlin.gradle.targets.native.toolchain.KotlinNativeBundleBuildService$Companion: loaded 2 times (x 73B)
Class org.jetbrains.kotlin.gradle.plugin.StatisticsBuildFlowManager$subscribeForBuildResultAndConfigurationTimeMetrics$1: loaded 2 times (x 77B)
Class org.jetbrains.kotlin.gradle.plugin.statistics.MetricContainer                   : loaded 2 times (x 74B)
Class org.jetbrains.kotlin.gradle.plugin.statistics.old.Pre232IdeaKotlinBuildStatsMXBean: loaded 2 times (x 72B)
Class org.jetbrains.kotlin.gradle.plugin.statistics.KotlinBuildStatsServicesRegistry  : loaded 2 times (x 80B)
Class org.jetbrains.kotlin.gradle.plugin.BuildEventsListenerRegistryHolder_Decorated  : loaded 2 times (x 117B)
Class org.jetbrains.kotlin.gradle.plugin.VariantImplementationFactoriesConfigurator   : loaded 2 times (x 78B)
Class org.gradle.api.internal.classpath.Module                                        : loaded 2 times (x 72B)
Class org.jetbrains.kotlin.types.TypeSystemCommonBackendContextForTypeMapping         : loaded 2 times (x 72B)
Class org.jetbrains.kotlin.metadata.ProtoBuf$Modality                                 : loaded 2 times (x 84B)
Class org.jetbrains.kotlin.resolve.calls.inference.components.ConstraintInjector      : loaded 2 times (x 74B)
Class com.android.utils.PositionXmlParser$ReleasableParserContainer                   : loaded 2 times (x 78B)
Class org.jetbrains.kotlin.metadata.deserialization.VersionSpecificBehaviorKt         : loaded 2 times (x 73B)
Class it.unimi.dsi.fastutil.ints.IntOpenHashSet                                       : loaded 2 times (x 241B)
Class kotlin.reflect.jvm.internal.KClassImpl$Data$$Lambda$0                           : loaded 2 times (x 78B)
Class org.jetbrains.kotlin.descriptors.DescriptorVisibilities$2                       : loaded 2 times (x 81B)
Class kotlin.reflect.jvm.internal.impl.types.checker.KotlinTypePreparator$Default     : loaded 2 times (x 75B)
Class kotlin.reflect.jvm.internal.impl.load.java.lazy.types.JavaTypeAttributes        : loaded 2 times (x 74B)
Class org.jetbrains.kotlin.psi.KtPropertyDelegate                                     : loaded 2 times (x 379B)
Class org.jetbrains.kotlin.psi.stubs.KotlinStringInterpolationPrefixStub              : loaded 2 times (x 72B)
Class org.jetbrains.kotlin.psi.KtTypeParameterListOwner                               : loaded 2 times (x 72B)
Class kotlin.reflect.jvm.internal.impl.protobuf.FieldSet$FieldDescriptorLite          : loaded 2 times (x 72B)
Class kotlin.collections.CharIterator                                                 : loaded 2 times (x 84B)
Class org.jetbrains.kotlin.cli.common.messages.CompilerMessageLocationWithRange$Companion: loaded 2 times (x 73B)
Class org.jetbrains.kotlin.cli.common.arguments.Disables$Container                    : loaded 2 times (x 72B)
Class kotlin.reflect.jvm.internal.impl.resolve.OverridingStrategy                     : loaded 2 times (x 77B)
Class kotlin.reflect.jvm.internal.impl.metadata.ProtoBuf$QualifiedNameTable$1         : loaded 2 times (x 89B)
Class kotlin.reflect.jvm.internal.impl.protobuf.RopeByteString                        : loaded 2 times (x 101B)
Class kotlin.reflect.jvm.internal.impl.incremental.UtilsKt                            : loaded 2 times (x 73B)
Class kotlin.reflect.jvm.internal.impl.metadata.jvm.JvmProtoBuf$JvmMethodSignatureOrBuilder: loaded 2 times (x 72B)
Class kotlin.reflect.jvm.internal.impl.resolve.sam.SamConversionResolver              : loaded 2 times (x 72B)
Class kotlin.reflect.jvm.internal.impl.builtins.jvm.JvmBuiltIns                       : loaded 2 times (x 115B)
Class org.jetbrains.kotlin.metadata.deserialization.Flags$FlagField                   : loaded 2 times (x 75B)
Class kotlin.io.FileAlreadyExistsException                                            : loaded 2 times (x 84B)
Class org.jetbrains.kotlin.gradle.tasks.DefaultKotlinJavaToolchain$getToolsJarFromJvm$1$1: loaded 2 times (x 81B)
Class org.apache.commons.compress.archivers.zip.X0014_X509Certificates                : loaded 2 times (x 92B)
Class org.jetbrains.kotlin.gradle.tasks.KotlinCompile$ClasspathSnapshotProperties_Decorated: loaded 2 times (x 131B)
Class org.jetbrains.kotlin.gradle.plugin.mpp.compilationImpl.KotlinCompilationSourceSetInclusion$Companion$includedSourceSets$2: loaded 2 times (x 80B)
Class org.jetbrains.kotlin.gradle.utils.WhenEvaluatedKt$whenEvaluated$4               : loaded 2 times (x 77B)
Class org.jetbrains.kotlin.gradle.plugin.diagnostics.KotlinToolingDiagnosticsSetupActionKt$KotlinToolingDiagnosticsSetupAction$1$1: loaded 2 times (x 77B)
Class org.jetbrains.kotlin.gradle.targets.js.npm.NpmDirectoryDependencyWithExternalsExtension: loaded 2 times (x 72B)
Class org.jetbrains.kotlin.gradle.plugin.KotlinProjectSetupAction                     : loaded 2 times (x 72B)
Class org.jetbrains.kotlin.gradle.plugin.KotlinGradleFinishBuildHandler$Companion     : loaded 2 times (x 73B)
Class org.jetbrains.kotlin.gradle.internal.IsInIdeaSyncValueSource                    : loaded 2 times (x 80B)
Class com.google.common.cache.Weigher                                                 : loaded 2 times (x 72B)
Class org.gradle.api.internal.classpath.UnknownModuleException                        : loaded 2 times (x 84B)
Class org.jetbrains.kotlin.fir.types.ConeDynamicType                                  : loaded 2 times (x 82B)
Class org.jetbrains.kotlin.fir.types.ConeTypeContext                                  : loaded 2 times (x 72B)
Class org.jetbrains.kotlin.fir.types.impl.FirImplicitIntTypeRef                       : loaded 2 times (x 111B)
Class kotlin.sequences.DistinctIterator                                               : loaded 2 times (x 85B)
Class org.jetbrains.kotlin.resolve.jvm.KotlinFinderMarker                             : loaded 2 times (x 72B)
Class org.jetbrains.kotlin.metadata.ProtoBuf$QualifiedNameTable$QualifiedName         : loaded 2 times (x 112B)
Class org.jetbrains.kotlin.metadata.jvm.deserialization.BinaryModuleData              : loaded 2 times (x 74B)
Class kotlin.reflect.jvm.internal.KClassImpl$Data$$Lambda$1                           : loaded 2 times (x 78B)
Class kotlin.reflect.jvm.internal.impl.name.FqNameUnsafe$Companion                    : loaded 2 times (x 73B)
Class kotlin.reflect.jvm.internal.impl.metadata.ProtoBuf$VersionRequirementTable$1    : loaded 2 times (x 89B)
Class kotlin.reflect.jvm.internal.impl.descriptors.DeserializedDescriptor             : loaded 2 times (x 72B)
Class org.jetbrains.kotlin.psi.KtClassLiteralExpression                               : loaded 2 times (x 579B)
Class org.jetbrains.kotlin.psi.KtSuperTypeCallEntry                                   : loaded 2 times (x 519B)
Class org.jetbrains.kotlin.psi.KtSuperTypeList                                        : loaded 2 times (x 447B)
Class org.jetbrains.kotlin.psi.LambdaArgument                                         : loaded 2 times (x 72B)
Class [Lorg.jetbrains.kotlin.psi.KtTypeConstraintList;                                : loaded 2 times (x 71B)
Class org.jetbrains.kotlin.lexer.KtToken                                              : loaded 2 times (x 77B)
Class kotlin.reflect.jvm.internal.impl.serialization.deserialization.descriptors.DeserializedClassDescriptor$memberScopeHolder$1: loaded 2 times (x 131B)
Class org.jetbrains.kotlin.platform.TargetPlatformVersion$NoVersion                   : loaded 2 times (x 76B)
Class com.android.prefs.VariableValue                                                 : loaded 2 times (x 84B)
Class com.android.prefs.AbstractAndroidLocations$Companion                            : loaded 2 times (x 73B)
Class kotlin.reflect.jvm.internal.impl.descriptors.impl.ModuleAwareClassDescriptorKt  : loaded 2 times (x 73B)
Class kotlin.reflect.jvm.internal.KPropertyImplKt                                     : loaded 2 times (x 73B)
Class kotlin.reflect.jvm.internal.impl.protobuf.CodedOutputStream$OutOfSpaceException : loaded 2 times (x 84B)
Class kotlin.reflect.jvm.internal.impl.load.kotlin.KotlinJvmBinaryClass$AnnotationVisitor: loaded 2 times (x 72B)
Class kotlin.reflect.jvm.internal.impl.protobuf.SmallSortedMap$EmptySet$1             : loaded 2 times (x 80B)
Class kotlin.reflect.jvm.internal.impl.protobuf.FieldSet                              : loaded 2 times (x 74B)
Class kotlin.reflect.jvm.internal.impl.descriptors.ConstructorDescriptor              : loaded 2 times (x 72B)
Class kotlin.reflect.jvm.internal.impl.storage.LockBasedStorageManager$ExceptionHandlingStrategy$1: loaded 2 times (x 76B)
Class org.jetbrains.kotlin.metadata.ProtoBuf$TypeAliasOrBuilder                       : loaded 2 times (x 72B)
Class org.jetbrains.kotlin.incremental.classpathDiff.KotlinClassInfoExternalizer      : loaded 2 times (x 77B)
Class [Lorg.jetbrains.kotlin.metadata.ProtoBuf$Class$Kind;                            : loaded 2 times (x 71B)
Class org.jetbrains.kotlin.incremental.classpathDiff.AccessibleClassSnapshot          : loaded 2 times (x 75B)
Class org.jetbrains.kotlin.incremental.storage.LongExternalizer                       : loaded 2 times (x 77B)
Class org.apache.commons.io.Charsets                                                  : loaded 2 times (x 73B)
Class org.apache.commons.compress.archivers.ArchiveEntry                              : loaded 2 times (x 72B)
Class org.jetbrains.kotlin.gradle.plugin.mpp.InternalKotlinTargetComponentKt          : loaded 2 times (x 73B)
Class org.jetbrains.kotlin.gradle.plugin.mpp.InternalKotlinTarget$DefaultImpls        : loaded 2 times (x 73B)
Class org.jetbrains.kotlin.gradle.plugin.statistics.KotlinBuildStatisticsUtilsKt$collectAppliedPluginsStatistics$1: loaded 2 times (x 77B)
Class org.jetbrains.kotlin.gradle.plugin.KotlinPluginLifecycleImpl$executeCurrentStageAndScheduleNext$3: loaded 2 times (x 77B)
Class org.jetbrains.kotlin.gradle.plugin.mpp.compilationImpl.KotlinCompilationRegisterInSourceSetsConfigurator$configure$1: loaded 2 times (x 81B)
Class org.jetbrains.kotlin.gradle.plugin.diagnostics.KotlinToolingDiagnosticsSetupActionKt$KotlinToolingDiagnosticsSetupAction$1$2: loaded 2 times (x 97B)
Class org.jetbrains.kotlin.gradle.targets.js.npm.NpmDependencyWithExternalsExtension  : loaded 2 times (x 72B)
Class org.jetbrains.kotlin.gradle.plugin.mpp.KotlinUsageContext                       : loaded 2 times (x 72B)
Class org.jetbrains.kotlin.gradle.plugin.KotlinTargetsContainer                       : loaded 2 times (x 72B)
Class org.jetbrains.kotlin.compilerRunner.GradleCliCommonizerKt                       : loaded 2 times (x 73B)
Class org.jetbrains.kotlin.gradle.utils.ConfigurationsKt                              : loaded 2 times (x 73B)
Class org.jetbrains.kotlin.gradle.plugin.StatisticsBuildFlowManager                   : loaded 2 times (x 74B)
Class org.jetbrains.kotlin.gradle.plugin.statistics.BuildFusService$Parameters        : loaded 2 times (x 72B)
Class org.jetbrains.kotlin.gradle.plugin.diagnostics.DefaultProblemsReporter$Factory  : loaded 2 times (x 78B)
Class org.jetbrains.kotlin.gradle.plugin.PluginWrappersKt                             : loaded 2 times (x 73B)
Class com.google.common.base.Stopwatch                                                : loaded 2 times (x 74B)
Class com.google.common.cache.LocalCache$Strength                                     : loaded 2 times (x 83B)
Class com.google.common.cache.Cache                                                   : loaded 2 times (x 72B)
Class com.google.gson.stream.JsonReader$1                                             : loaded 2 times (x 74B)
Class org.jetbrains.kotlin.name.StandardClassIds$Callables                            : loaded 2 times (x 73B)
Class org.jetbrains.kotlin.fir.declarations.FirDeclarationOrigin                      : loaded 2 times (x 74B)
Class org.jetbrains.kotlin.serialization.deserialization.NameResolverUtilKt           : loaded 2 times (x 73B)
Class org.jetbrains.kotlin.fir.serialization.FirProvidedDeclarationsForMetadataService$Companion: loaded 2 times (x 73B)
Class org.jetbrains.kotlin.fir.declarations.FirMustUseReturnValueStatusComponent      : loaded 2 times (x 77B)
Class org.jetbrains.kotlin.fir.types.impl.FirImplicitUnitTypeRef                      : loaded 2 times (x 111B)
Class kotlin.reflect.jvm.internal.KPackageImpl$$Lambda$0                              : loaded 2 times (x 78B)
Class [Lkotlin.reflect.jvm.internal.impl.load.java.typeEnhancement.MutabilityQualifier;: loaded 2 times (x 71B)
Class kotlin.reflect.jvm.internal.impl.types.IntersectionTypeConstructor              : loaded 2 times (x 84B)
Class [Lorg.jetbrains.kotlin.cli.common.arguments.Enables;                            : loaded 2 times (x 71B)
Class com.google.common.io.Files$2                                                    : loaded 2 times (x 78B)
Class kotlin.reflect.jvm.internal.KClassImpl$Data$$Lambda$2                           : loaded 2 times (x 78B)
Class kotlin.coroutines.CombinedContext                                               : loaded 2 times (x 80B)
Class [Lorg.jetbrains.kotlin.psi.KtLambdaArgument;                                    : loaded 2 times (x 71B)
Class org.jetbrains.kotlin.psi.stubs.KotlinUserTypeStub                               : loaded 2 times (x 72B)
Class org.jetbrains.kotlin.psi.stubs.elements.KtSecondaryConstructorElementType       : loaded 2 times (x 102B)
Class [Lorg.jetbrains.kotlin.psi.KtTypeAlias;                                         : loaded 2 times (x 71B)
Class org.jetbrains.kotlin.cli.common.CLIConfigurationKeys                            : loaded 2 times (x 73B)
Class com.android.tools.lint.model.LintModelAndroidArtifact                           : loaded 2 times (x 72B)
Class [Lcom.android.tools.lint.model.LintModelSerialization$TargetFile;               : loaded 2 times (x 71B)
Class org.jetbrains.kotlin.cli.common.arguments.ArgumentsInfo                         : loaded 2 times (x 74B)
Class kotlin.reflect.KProperty1$Getter                                                : loaded 2 times (x 72B)
Class kotlin.reflect.jvm.internal.impl.types.AbstractTypeChecker                      : loaded 2 times (x 73B)
Class [Lkotlin.reflect.jvm.internal.impl.descriptors.DeclarationDescriptorNonRoot;    : loaded 2 times (x 71B)
Class kotlin.reflect.jvm.internal.impl.storage.SingleThreadValue                      : loaded 2 times (x 76B)
Class kotlin.reflect.jvm.internal.impl.serialization.deserialization.descriptors.NonEmptyDeserializedAnnotations: loaded 2 times (x 91B)
Class kotlin.reflect.jvm.internal.impl.serialization.deserialization.ProtoEnumFlags$WhenMappings: loaded 2 times (x 73B)
Class kotlin.reflect.jvm.internal.impl.metadata.ProtoBuf$PackageOrBuilder             : loaded 2 times (x 72B)
Class kotlin.reflect.jvm.internal.impl.protobuf.SmallSortedMap$EmptySet$2             : loaded 2 times (x 80B)
Class kotlin.reflect.jvm.internal.impl.descriptors.ClassifierDescriptorWithTypeParameters: loaded 2 times (x 72B)
Class kotlin.collections.IndexingIterator                                             : loaded 2 times (x 81B)
Class kotlin.collections.builders.MapBuilder$EntryRef                                 : loaded 2 times (x 83B)
Class org.apache.commons.compress.archivers.zip.UnicodePathExtraField                 : loaded 2 times (x 95B)
Class org.apache.commons.io.build.AbstractOrigin                                      : loaded 2 times (x 91B)
Class org.apache.commons.io.build.AbstractOriginSupplier                              : loaded 2 times (x 96B)
Class com.google.common.io.AppendableWriter                                           : loaded 2 times (x 101B)
Class org.jetbrains.kotlin.gradle.plugin.statistics.KotlinBuildStatisticsUtilsKt$collectAppliedPluginsStatistics$2: loaded 2 times (x 77B)
Class org.jetbrains.kotlin.gradle.plugin.mpp.InternalKotlinTargetKt                   : loaded 2 times (x 73B)
Class com.google.common.collect.AbstractMultimap$Entries                              : loaded 2 times (x 122B)
Class org.jetbrains.kotlin.gradle.plugin.diagnostics.KotlinToolingDiagnosticsSetupActionKt$KotlinToolingDiagnosticsSetupAction$1$3: loaded 2 times (x 77B)
Class org.jetbrains.kotlin.gradle.targets.js.dsl.KotlinTargetWithNodeJsDsl            : loaded 2 times (x 72B)
Class org.jetbrains.kotlin.gradle.plugin.sources.DefaultKotlinSourceSetKt$defaultSourceSetLanguageSettingsChecker$1: loaded 2 times (x 80B)
Class org.jetbrains.kotlin.gradle.plugin.sources.InternalKotlinSourceSet              : loaded 2 times (x 72B)
Class org.jetbrains.kotlin.gradle.plugin.KotlinJvmPlugin                              : loaded 2 times (x 81B)
Class org.jetbrains.kotlin.gradle.plugin.mpp.SyncLanguageSettingsWithKotlinExtensionSetupActionKt$SyncLanguageSettingsWithKotlinExtensionSetupAction$1: loaded 2 times (x 97B)
Class org.jetbrains.kotlin.gradle.dsl.KotlinGradlePluginPublicDsl                     : loaded 2 times (x 72B)
Class org.jetbrains.kotlin.gradle.internal.properties.NativeProperties                : loaded 2 times (x 72B)
Class org.jetbrains.kotlin.gradle.fus.internal.SynchronizedConfigurationMetrics       : loaded 2 times (x 74B)
Class org.jetbrains.kotlin.statistics.BuildSessionLogger                              : loaded 2 times (x 79B)
Class org.jetbrains.kotlin.gradle.plugin.internal.ConfigurationCacheStartParameterAccessor: loaded 2 times (x 72B)
Class org.jetbrains.kotlin.gradle.internal.diagnostics.GradleCompatibilityCheck$DefaultCurrentGradleVersionProvider: loaded 2 times (x 76B)
Class org.jetbrains.kotlin.gradle.dsl.KotlinBaseExtension                             : loaded 2 times (x 72B)
Class com.google.common.util.concurrent.AbstractFuture$Cancellation                   : loaded 2 times (x 74B)
Class org.jetbrains.kotlin.fir.resolve.providers.impl.AbstractFirBuiltinSymbolProvider: loaded 2 times (x 85B)
Class org.jetbrains.kotlin.fir.resolve.calls.overloads.FirDeclarationOverloadabilityHelperImpl: loaded 2 times (x 79B)
Class org.jetbrains.kotlin.types.model.TypeSystemBuiltInsContext                      : loaded 2 times (x 72B)
Class org.jetbrains.kotlin.fir.FirSession                                             : loaded 2 times (x 85B)
Class org.jetbrains.kotlin.cli.jvm.compiler.KotlinCliJavaFileManagerImpl$findPackage$3: loaded 2 times (x 797B)
Class it.unimi.dsi.fastutil.ints.IntIterable                                          : loaded 2 times (x 72B)
Class org.jetbrains.kotlin.cli.jvm.index.SingleJavaFileRootsIndex                     : loaded 2 times (x 74B)
Class org.jetbrains.kotlin.resolve.jvm.modules.JavaModuleFinder                       : loaded 2 times (x 72B)
Class it.unimi.dsi.fastutil.ints.IntSet                                               : loaded 2 times (x 72B)
Class org.jetbrains.kotlin.config.LanguageVersionSettingsImpl$Companion               : loaded 2 times (x 73B)
Class kotlin.reflect.jvm.internal.KClassImpl$Data$$Lambda$3                           : loaded 2 times (x 78B)
Class org.jetbrains.kotlin.psi.KtImportInfo$ImportContent$ExpressionBased             : loaded 2 times (x 74B)
Class [Lorg.jetbrains.kotlin.psi.KtValueArgumentList;                                 : loaded 2 times (x 71B)
Class org.jetbrains.kotlin.psi.KtBinaryExpression                                     : loaded 2 times (x 505B)
Class [Lorg.jetbrains.kotlin.psi.LambdaArgument;                                      : loaded 2 times (x 71B)
Class org.jetbrains.kotlin.lexer.KtModifierKeywordToken                               : loaded 2 times (x 80B)
Class [Lorg.jetbrains.kotlin.psi.KtTypeParameterList;                                 : loaded 2 times (x 71B)
Class [Lorg.jetbrains.kotlin.psi.KtNamedFunction;                                     : loaded 2 times (x 71B)
Class [Lorg.jetbrains.kotlin.psi.KtNamedDeclarationStub;                              : loaded 2 times (x 71B)
Class org.jetbrains.kotlin.incremental.IncrementalModuleInfo                          : loaded 2 times (x 74B)
Class kotlin.reflect.jvm.internal.impl.load.java.typeEnhancement.JavaTypeQualifiers$Companion: loaded 2 times (x 73B)
Class kotlin.reflect.jvm.internal.impl.load.java.typeEnhancement.JavaTypeQualifiers   : loaded 2 times (x 74B)
Class kotlin.reflect.jvm.internal.KFunctionImpl                                       : loaded 2 times (x 188B)
Class [Lkotlin.reflect.jvm.internal.KDeclarationContainerImpl$MemberBelonginess;      : loaded 2 times (x 71B)
Class kotlin.reflect.jvm.internal.impl.metadata.deserialization.Flags                 : loaded 2 times (x 73B)
Class kotlin.reflect.jvm.internal.impl.metadata.ProtoBuf$TypeParameter                : loaded 2 times (x 103B)
Class kotlin.reflect.jvm.internal.impl.metadata.ProtoBuf$Annotation                   : loaded 2 times (x 98B)
Class [Lkotlin.reflect.jvm.internal.impl.descriptors.DescriptorVisibility;            : loaded 2 times (x 71B)
Class kotlin.reflect.jvm.internal.impl.descriptors.VariableDescriptor                 : loaded 2 times (x 72B)
Class kotlin.reflect.jvm.internal.impl.descriptors.PackageFragmentProvider            : loaded 2 times (x 72B)
Class kotlin.reflect.jvm.internal.impl.load.java.JavaNullabilityAnnotationsStatus     : loaded 2 times (x 74B)
Class org.jetbrains.kotlin.incremental.storage.JvmMethodSignatureExternalizer         : loaded 2 times (x 77B)
Class org.jetbrains.org.objectweb.asm.tree.VarInsnNode                                : loaded 2 times (x 80B)
Class org.jetbrains.org.objectweb.asm.FieldWriter                                     : loaded 2 times (x 79B)
Class kotlin.io.ByteStreamsKt                                                         : loaded 2 times (x 73B)
Class com.google.common.base.Present                                                  : loaded 2 times (x 83B)
Class org.apache.commons.io.build.AbstractStreamBuilder                               : loaded 2 times (x 116B)
Class org.apache.commons.compress.archivers.zip.ZipLong                               : loaded 2 times (x 73B)
Class com.google.common.collect.AbstractMapBasedMultimap$WrappedCollection$WrappedIterator: loaded 2 times (x 86B)
Class org.jetbrains.kotlin.gradle.utils.FutureKt$future$2$1                           : loaded 2 times (x 97B)
Class org.jetbrains.kotlin.gradle.plugin.diagnostics.DefaultProblemsReporter$logger$2 : loaded 2 times (x 81B)
Class org.jetbrains.kotlin.gradle.plugin.diagnostics.DefaultProblemsReporter          : loaded 2 times (x 78B)
Class [Lorg.jetbrains.kotlin.gradle.plugin.statistics.plugins.ObservablePlugins;      : loaded 2 times (x 71B)
Class org.jetbrains.kotlin.gradle.plugin.internal.BuildIdService$Companion$registerIfAbsent$1$1: loaded 2 times (x 77B)
Class org.jetbrains.kotlin.gradle.targets.js.dsl.KotlinWasmTargetDsl                  : loaded 2 times (x 72B)
Class org.jetbrains.kotlin.gradle.plugin.diagnostics.checkers.DisabledCinteropCommonizationInHmppProjectChecker$runChecks$1: loaded 2 times (x 89B)
Class org.jetbrains.kotlin.gradle.plugin.sources.ConsistencyCheck                     : loaded 2 times (x 74B)
Class org.jetbrains.kotlin.gradle.plugin.sources.DefaultKotlinSourceSetKt$defaultSourceSetLanguageSettingsChecker$2: loaded 2 times (x 80B)
Class org.jetbrains.kotlin.gradle.dsl.KotlinCommonToolOptions                         : loaded 2 times (x 72B)
Class org.jetbrains.kotlin.gradle.plugin.AbstractKotlinPlugin                         : loaded 2 times (x 80B)
Class org.jetbrains.kotlin.gradle.tasks.DefaultKotlinJavaToolchain$Companion$wireJvmTargetToJvm$1: loaded 2 times (x 77B)
Class org.jetbrains.kotlin.gradle.plugin.diagnostics.checkers.ComposePluginSuggestApplyChecker: loaded 2 times (x 76B)
Class org.jetbrains.kotlin.konan.target.KonanTarget$IOS_ARM64                         : loaded 2 times (x 80B)
Class org.jetbrains.kotlin.gradle.dsl.KotlinMultiplatformExtension                    : loaded 2 times (x 609B)
Class org.jetbrains.kotlin.gradle.plugin.diagnostics.KotlinToolingDiagnosticsCollectorKt$kotlinToolingDiagnosticsCollectorProvider$1$execute$$inlined$variantImplementationFactoryProvider$1: loaded 2 times (x 76B)
Class org.jetbrains.kotlin.gradle.plugin.statistics.FlowActionBuildFusService$Inject_ : loaded 2 times (x 106B)
Class org.jetbrains.kotlin.gradle.plugin.BuildFinishAndConfigurationTimeMetricsFlowAction: loaded 2 times (x 76B)
Class org.jetbrains.kotlin.gradle.plugin.PropertiesProvider$booleanProvider$1         : loaded 2 times (x 76B)
Class com.google.common.cache.RemovalListener                                         : loaded 2 times (x 72B)
Class org.gradle.api.internal.DefaultClassPathRegistry                                : loaded 2 times (x 78B)
Class org.jetbrains.kotlin.psi.KtDoWhileExpression                                    : loaded 2 times (x 443B)
Class org.jetbrains.kotlin.fir.resolve.substitution.ConeSubstitutor                   : loaded 2 times (x 76B)
Class [Lorg.jetbrains.kotlin.config.JvmDefaultMode;                                   : loaded 2 times (x 71B)
Class org.jetbrains.kotlin.fir.scopes.jvm.JvmMappedScope                              : loaded 2 times (x 87B)
Class org.jetbrains.kotlin.fir.scopes.impl.FirEnumEntriesSupport                      : loaded 2 times (x 75B)
Class org.jetbrains.kotlin.fir.scopes.impl.FirGeneratedMemberDeclarationsStorage$CallableStorage: loaded 2 times (x 74B)
Class org.jetbrains.kotlin.fir.types.impl.FirImplicitShortTypeRef                     : loaded 2 times (x 111B)
Class org.jetbrains.kotlin.types.model.RigidTypeMarker                                : loaded 2 times (x 72B)
Class kotlin.coroutines.ContinuationInterceptor$DefaultImpls                          : loaded 2 times (x 73B)
Class kotlin.reflect.jvm.internal.KProperty1Impl$$Lambda$0                            : loaded 2 times (x 78B)
Class kotlin.sequences.SequenceScope                                                  : loaded 2 times (x 75B)
Class kotlin.reflect.jvm.internal.KClassImpl$Data$$Lambda$4                           : loaded 2 times (x 78B)
Class org.jetbrains.kotlin.load.kotlin.JvmPackagePartProviderBase$ModuleMappingInfo   : loaded 2 times (x 74B)
Class org.jetbrains.kotlin.parsing.KotlinParsing$NameParsingMode                      : loaded 2 times (x 81B)
Class org.jetbrains.kotlin.parsing.KotlinWhitespaceAndCommentsBindersKt               : loaded 2 times (x 73B)
Class org.jetbrains.kotlin.psi.KtSimpleNameStringTemplateEntry                        : loaded 2 times (x 445B)
Class org.jetbrains.kotlin.psi.stubs.KotlinCollectionLiteralExpressionStub            : loaded 2 times (x 72B)
Class org.jetbrains.kotlin.psi.stubs.elements.KtConstantExpressionElementType$Companion: loaded 2 times (x 73B)
Class [Lorg.jetbrains.kotlin.psi.KtInitializerList;                                   : loaded 2 times (x 71B)
Class org.jetbrains.kotlin.psi.KtExpressionImplStub                                   : loaded 2 times (x 505B)
Class [Lorg.jetbrains.kotlin.psi.KtClassInitializer;                                  : loaded 2 times (x 71B)
Class org.jetbrains.kotlin.psi.KtVariableDeclaration                                  : loaded 2 times (x 72B)
Class org.jetbrains.kotlin.psi.KtClassOrObject                                        : loaded 2 times (x 1101B)
Class org.jetbrains.kotlin.util.OneElementArrayMap                                    : loaded 2 times (x 86B)
Class org.jetbrains.kotlin.fir.resolve.providers.FirSymbolNamesProvider               : loaded 2 times (x 84B)
Class org.jetbrains.kotlin.fir.symbols.impl.FirRegularClassSymbol                     : loaded 2 times (x 86B)
Class org.gradle.api.internal.DefaultClassPathProvider                                : loaded 2 times (x 78B)
Class com.android.sdklib.AndroidApiLevel                                              : loaded 2 times (x 76B)
Class com.android.tools.lint.model.LintModelLintOptions                               : loaded 2 times (x 72B)
Class com.android.prefs.PathLocator$singlePathOf$values$1                             : loaded 2 times (x 81B)
Class com.android.tools.lint.model.PathVariables$Companion$PATH_COMPARATOR$1          : loaded 2 times (x 80B)
Class org.jetbrains.kotlin.load.java.JvmAbi                                           : loaded 2 times (x 73B)
Class kotlin.annotation.AnnotationTarget                                              : loaded 2 times (x 81B)
Class kotlin.reflect.jvm.internal.impl.metadata.deserialization.TypeTable             : loaded 2 times (x 74B)
Class kotlin.reflect.jvm.internal.impl.metadata.ProtoBuf$VersionRequirement$VersionKind$1: loaded 2 times (x 76B)
Class kotlin.reflect.jvm.internal.impl.descriptors.runtime.components.ReflectKotlinClass: loaded 2 times (x 81B)
Class [Lkotlin.reflect.jvm.internal.impl.descriptors.PackageFragmentProviderOptimized;: loaded 2 times (x 71B)
Class kotlin.reflect.jvm.internal.impl.metadata.ProtoBuf$ValueParameterOrBuilder      : loaded 2 times (x 72B)
Class kotlin.reflect.jvm.internal.impl.metadata.ProtoBuf$Function                     : loaded 2 times (x 103B)
Class kotlin.reflect.jvm.internal.impl.renderer.RenderingFormat$PLAIN                 : loaded 2 times (x 82B)
Class com.google.common.reflect.Invokable$ConstructorInvokable                        : loaded 2 times (x 109B)
Class com.google.common.collect.ImmutableMultimap$Keys                                : loaded 2 times (x 168B)
Class org.apache.commons.io.file.DeleteOption                                         : loaded 2 times (x 72B)
Class org.jetbrains.kotlin.gradle.plugin.mpp.KotlinTargetSoftwareComponentImplKt$KotlinTargetSoftwareComponent$1$1$configuration$1: loaded 2 times (x 81B)
Class org.jetbrains.kotlin.gradle.targets.js.npm.DefaultPeerNpmDependencyExtension$delegate$1: loaded 2 times (x 162B)
Class org.jetbrains.kotlin.gradle.targets.js.npm.NpmDependency                        : loaded 2 times (x 88B)
Class org.jetbrains.kotlin.gradle.targets.js.npm.DefaultNpmDependencyExtension        : loaded 2 times (x 150B)
Class org.jetbrains.kotlin.gradle.targets.js.npm.NpmDependency$Scope                  : loaded 2 times (x 81B)
Class org.jetbrains.kotlin.gradle.plugin.sources.FragmentConsistencyChecks$unstableFeaturesCheck$1: loaded 2 times (x 81B)
Class org.jetbrains.kotlin.gradle.plugin.sources.DefaultKotlinSourceSet               : loaded 2 times (x 141B)
Class org.jetbrains.kotlin.gradle.plugin.diagnostics.KotlinToolingDiagnosticsCollector$Parameter_Decorated: loaded 2 times (x 132B)
Class org.jetbrains.kotlin.gradle.utils.ConfigurationsKt$sam$org_gradle_api_Action$0  : loaded 2 times (x 77B)
Class org.jetbrains.kotlin.gradle.plugin.statistics.BuildFinishBuildService$Inject_   : loaded 2 times (x 106B)
Class org.jetbrains.kotlin.gradle.plugin.diagnostics.ProblemsReporter                 : loaded 2 times (x 72B)
Class org.jetbrains.kotlin.gradle.plugin.VariantImplementationFactories$Parameters    : loaded 2 times (x 72B)
Class org.jetbrains.kotlin.gradle.plugin.internal.JavaExecTaskParametersCompatibility$Factory: loaded 2 times (x 72B)
Class org.gradle.api.internal.ClassPathRegistry                                       : loaded 2 times (x 72B)
Class org.gradle.internal.classpath.DefaultClassPath$ImmutableUniqueList              : loaded 2 times (x 201B)
Class org.objectweb.asm.AnnotationVisitor                                             : loaded 2 times (x 80B)
Class org.jetbrains.kotlin.fir.declarations.FirTypeParametersOwner                    : loaded 2 times (x 72B)
Class org.jetbrains.kotlin.gradle.plugin.VariantImplementationFactoriesConfigurator$Companion$getProvider$1: loaded 2 times (x 76B)
Class org.jetbrains.kotlin.descriptors.ClassKind                                      : loaded 2 times (x 81B)
Class org.jetbrains.kotlin.fir.analysis.checkers.expression.FirGenericArrayClassLiteralSupport$Disabled: loaded 2 times (x 76B)
Class org.jetbrains.kotlin.fir.scopes.impl.FirGeneratedMemberDeclarationsStorage      : loaded 2 times (x 74B)
Class org.jetbrains.kotlin.resolve.ImportPath$Companion                               : loaded 2 times (x 73B)
Class org.jetbrains.kotlin.fir.resolve.calls.overloads.ConeCallConflictResolverFactory: loaded 2 times (x 74B)
Class org.jetbrains.kotlin.fir.types.impl.FirImplicitStringTypeRef                    : loaded 2 times (x 111B)
Class org.jetbrains.kotlin.fir.FirElement                                             : loaded 2 times (x 72B)
Class org.jetbrains.kotlin.mpp.TypeRefMarker                                          : loaded 2 times (x 72B)
Class org.jetbrains.kotlin.lang.BinaryOperationPrecedence                             : loaded 2 times (x 81B)
Class org.jetbrains.kotlin.extensions.StorageComponentContainerContributor            : loaded 2 times (x 72B)
Class org.jetbrains.kotlin.gradle.fus.BuildUidService$Companion                       : loaded 2 times (x 73B)
Class org.jetbrains.kotlin.gradle.plugin.PropertiesProvider$kotlinExperimentalTryNext$1: loaded 2 times (x 77B)
Class org.jetbrains.kotlin.statistics.metrics.BooleanOverridePolicy$OVERRIDE          : loaded 2 times (x 87B)
Class org.jetbrains.kotlin.statistics.metrics.BooleanAnonymizationPolicy              : loaded 2 times (x 87B)
Class org.jetbrains.kotlin.gradle.targets.native.toolchain.KotlinNativeBundleBuildService$Companion$registerIfAbsent$1: loaded 2 times (x 77B)
Class kotlin.reflect.jvm.internal.KClassImpl$Data$$Lambda$5                           : loaded 2 times (x 78B)
Class kotlin.reflect.jvm.internal.KClassImpl$Companion                                : loaded 2 times (x 73B)
Class kotlin.reflect.jvm.internal.ComputableClassValue                                : loaded 2 times (x 81B)
Class org.jetbrains.kotlin.konan.target.KonanTarget                                   : loaded 2 times (x 80B)
Class org.jetbrains.kotlin.gradle.utils.ProviderApiUtilsKt$mapOrNull$1                : loaded 2 times (x 77B)
Class org.jetbrains.kotlin.psi.KtStringTemplateExpression                             : loaded 2 times (x 678B)
Class org.jetbrains.kotlin.psi.KtImportInfo$ImportContent                             : loaded 2 times (x 73B)
Class org.jetbrains.kotlin.KtNodeTypes                                                : loaded 2 times (x 72B)
Class org.jetbrains.kotlin.gradle.targets.CreateDefaultTestRunSideEffectKt            : loaded 2 times (x 73B)
Class kotlin.jvm.internal.TypeIntrinsics                                              : loaded 2 times (x 73B)
Class com.android.prefs.PathLocator$singlePathOf$values$2                             : loaded 2 times (x 80B)
Class com.android.tools.lint.model.PathVariables$Companion$PATH_COMPARATOR$2          : loaded 2 times (x 80B)
Class org.jetbrains.kotlin.gradle.plugin.diagnostics.KotlinGradleProjectCheckersRunnerKt$launchKotlinGradleProjectCheckers$1$1: loaded 2 times (x 97B)
Class kotlin.reflect.jvm.internal.impl.load.java.JvmAbi                               : loaded 2 times (x 73B)
Class kotlin.reflect.jvm.internal.impl.resolve.DescriptorFactory$DefaultClassConstructorDescriptor: loaded 2 times (x 217B)
Class kotlin.reflect.jvm.internal.impl.metadata.ProtoBuf$QualifiedNameTableOrBuilder  : loaded 2 times (x 72B)
Class kotlin.reflect.jvm.internal.impl.resolve.scopes.ChainedMemberScope$Companion    : loaded 2 times (x 73B)
Class kotlin.reflect.jvm.internal.impl.descriptors.impl.SubpackagesScope              : loaded 2 times (x 95B)
Class kotlin.reflect.jvm.internal.impl.protobuf.GeneratedMessageLite$ExtensionDescriptor: loaded 2 times (x 85B)
Class kotlin.reflect.jvm.internal.impl.load.java.lazy.LazyJavaPackageFragmentProvider : loaded 2 times (x 82B)
Class org.jetbrains.kotlin.metadata.jvm.JvmProtoBuf$JvmPropertySignature              : loaded 2 times (x 116B)
Class org.jetbrains.org.objectweb.asm.ByteVector                                      : loaded 2 times (x 80B)
Class org.jetbrains.kotlin.build.report.metrics.INCREMENTAL_COMPILATION_DAEMON        : loaded 2 times (x 74B)
Class jdk.internal.jimage.decompressor.ResourceDecompressor                           : loaded 2 times (x 72B)
Class com.google.common.reflect.TypeToken                                             : loaded 2 times (x 75B)
Class com.google.common.base.ExtraObjectsMethodsForWeb                                : loaded 2 times (x 73B)
Class org.jetbrains.kotlin.buildtools.api.KotlinBuildToolsException                   : loaded 2 times (x 84B)
Class com.google.common.collect.NullnessCasts                                         : loaded 2 times (x 73B)
Class org.apache.commons.compress.archivers.zip.ZipShort                              : loaded 2 times (x 73B)
Class org.apache.commons.io.IOUtils                                                   : loaded 2 times (x 73B)
Class org.jetbrains.kotlin.gradle.plugin.KotlinCompilation$DefaultImpls               : loaded 2 times (x 73B)
Class org.jetbrains.kotlin.gradle.utils.ProviderApiUtilsKt$providerWithLazyConvention$1: loaded 2 times (x 76B)
Class org.jetbrains.kotlin.gradle.plugin.sources.FragmentConsistencyChecks$unstableFeaturesCheck$2: loaded 2 times (x 80B)
Class org.jetbrains.kotlin.gradle.plugin.KotlinPluginLifecycleImpl                    : loaded 2 times (x 82B)
Class org.jetbrains.kotlin.gradle.plugin.diagnostics.KotlinToolingDiagnostics$WasmWasiEnvironmentNotChosenExplicitly: loaded 2 times (x 75B)
Class org.jetbrains.kotlin.gradle.artifacts.KotlinNativeKlibArtifactKt$KotlinNativeKlibArtifact$1: loaded 2 times (x 76B)
Class org.jetbrains.kotlin.gradle.dsl.KotlinCommonCompilerOptionsDefault              : loaded 2 times (x 96B)
Class org.jetbrains.kotlin.gradle.dsl.KotlinCommonCompilerToolOptionsDefault          : loaded 2 times (x 86B)
Class org.jetbrains.kotlin.konan.target.KonanTarget$Companion$predefinedTargets$2     : loaded 2 times (x 80B)
Class org.jetbrains.kotlin.gradle.plugin.diagnostics.DiagnosticGroup$Kgp              : loaded 2 times (x 84B)
Class org.jetbrains.kotlin.gradle.tasks.publishing.HelpersKt$addPomValidationHelpers$1: loaded 2 times (x 77B)
Class org.jetbrains.kotlin.gradle.internal.properties.NativePropertiesLoader$isUseXcodeMessageStyleEnabled$1: loaded 2 times (x 77B)
Class org.jetbrains.kotlin.gradle.internal.ClassLoadersCachingBuildService$Companion$registerIfAbsent$2$1: loaded 2 times (x 81B)
Class org.jetbrains.kotlin.gradle.plugin.statistics.KotlinBuildStatisticsUtilsKt$collectGeneralConfigurationTimeMetrics$statisticOverhead$1$2: loaded 2 times (x 77B)
Class org.jetbrains.kotlin.gradle.plugin.StatisticsBuildFlowManager_Decorated         : loaded 2 times (x 117B)
Class org.jetbrains.kotlin.gradle.report.BuildReportMode$Companion                    : loaded 2 times (x 73B)
Class org.jetbrains.kotlin.gradle.plugin.VariantImplementationFactories$VariantImplementationFactory: loaded 2 times (x 72B)
Class org.jetbrains.kotlin.config.JvmDefaultMode$Companion                            : loaded 2 times (x 73B)
Class org.jetbrains.kotlin.fir.caches.FirCachesFactory$KeyReferenceStrength           : loaded 2 times (x 81B)
Class org.jetbrains.kotlin.fir.declarations.FirMemberDeclaration                      : loaded 2 times (x 124B)
Class org.jetbrains.kotlin.fir.declarations.FirControlFlowGraphOwner                  : loaded 2 times (x 72B)
Class org.jetbrains.kotlin.gradle.plugin.diagnostics.checkers.AndroidPluginWithoutAndroidTargetChecker$runChecks$1: loaded 2 times (x 89B)
Class kotlin.time.DurationUnit                                                        : loaded 2 times (x 81B)
Class it.unimi.dsi.fastutil.longs.LongCollection                                      : loaded 2 times (x 72B)
Class com.google.common.collect.Iterators$EmptyModifiableIterator                     : loaded 2 times (x 88B)
Class kotlin.reflect.jvm.internal.KClassImpl$Data$$Lambda$6                           : loaded 2 times (x 78B)
Class org.jetbrains.kotlin.psi.KtObjectLiteralExpression                              : loaded 2 times (x 439B)
Class org.jetbrains.kotlin.psi.KtLoopExpression                                       : loaded 2 times (x 441B)
Class org.jetbrains.kotlin.psi.KtConstructorDelegationCall                            : loaded 2 times (x 453B)
Class org.jetbrains.kotlin.psi.KtExpressionImpl                                       : loaded 2 times (x 438B)
Class [Lorg.jetbrains.kotlin.psi.KtContextReceiver;                                   : loaded 2 times (x 71B)
Class org.jetbrains.kotlin.compiler.plugin.CompilerPluginRegistrar$Companion          : loaded 2 times (x 73B)
Class org.jetbrains.kotlin.gradle.ExternalKotlinTargetApi                             : loaded 2 times (x 72B)
Class com.google.common.collect.ComparatorOrdering                                    : loaded 2 times (x 117B)
Class com.android.tools.lint.model.PathVariables$Companion$PATH_COMPARATOR$3          : loaded 2 times (x 80B)
Class kotlinx.coroutines.EventLoop_commonKt                                           : loaded 2 times (x 73B)
Class org.jetbrains.kotlin.cli.common.messages.CompilerMessageSourceLocation          : loaded 2 times (x 72B)
Class kotlin.reflect.jvm.internal.impl.load.java.AnnotationQualifierApplicabilityType : loaded 2 times (x 81B)
Class org.apache.commons.compress.archivers.zip.X000A_NTFS                            : loaded 2 times (x 108B)
Class [Lkotlin.reflect.jvm.internal.impl.resolve.ExternalOverridabilityCondition$Result;: loaded 2 times (x 71B)
Class kotlin.reflect.jvm.internal.impl.builtins.jvm.CloneableClassScope               : loaded 2 times (x 96B)
Class kotlin.reflect.jvm.internal.impl.serialization.deserialization.descriptors.DeserializedPackageMemberScope: loaded 2 times (x 105B)
Class kotlin.reflect.jvm.internal.impl.serialization.deserialization.descriptors.DeserializedMemberScope$Implementation: loaded 2 times (x 72B)
Class kotlin.reflect.jvm.internal.impl.serialization.deserialization.descriptors.DeserializedAnnotations: loaded 2 times (x 91B)
Class kotlin.reflect.jvm.internal.impl.load.kotlin.KotlinClassFinder$Result$KotlinClass: loaded 2 times (x 74B)
Class kotlin.reflect.jvm.internal.impl.load.kotlin.header.KotlinClassHeader           : loaded 2 times (x 74B)
Class kotlin.reflect.jvm.internal.impl.protobuf.WireFormat$FieldType$1                : loaded 2 times (x 84B)
Class kotlin.reflect.jvm.internal.impl.descriptors.Visibilities$Protected             : loaded 2 times (x 77B)
Class kotlin.reflect.jvm.internal.impl.renderer.RenderingFormat                       : loaded 2 times (x 82B)
Class kotlin.reflect.jvm.internal.impl.load.kotlin.DeserializationComponentsForJavaKt : loaded 2 times (x 73B)
Class kotlin.reflect.jvm.internal.impl.builtins.KotlinBuiltIns$1                      : loaded 2 times (x 79B)
Class [Lorg.jetbrains.org.objectweb.asm.tree.LabelNode;                               : loaded 2 times (x 71B)
Class org.jetbrains.kotlin.descriptors.DeclarationDescriptor                          : loaded 2 times (x 72B)
Class org.jetbrains.kotlin.incremental.storage.InlinePropertyAccessorExternalizer     : loaded 2 times (x 77B)
Class org.jetbrains.kotlin.descriptors.DescriptorVisibilities                         : loaded 2 times (x 73B)
Class org.jetbrains.kotlin.load.kotlin.KotlinJvmBinaryClass$AnnotationArrayArgumentVisitor: loaded 2 times (x 72B)
Class [Lorg.jetbrains.org.objectweb.asm.AnnotationWriter;                             : loaded 2 times (x 71B)
Class org.jetbrains.org.objectweb.asm.tree.LookupSwitchInsnNode                       : loaded 2 times (x 80B)
Class org.jetbrains.org.objectweb.asm.tree.FieldNode                                  : loaded 2 times (x 81B)
Class com.google.common.collect.ImmutableSet$SerializedForm                           : loaded 2 times (x 75B)
Class org.jetbrains.kotlin.gradle.tasks.configuration.BaseKotlinCompileConfig$1$1$classpathEntrySnapshotFiles$1: loaded 2 times (x 76B)
Class org.jetbrains.kotlin.gradle.utils.GradleAttributesContainerUtilsKt              : loaded 2 times (x 73B)
Class org.jetbrains.kotlin.gradle.plugin.mpp.ApplyUserDefinedAttributesKt$UserDefinedAttributesSetupAction$1$1: loaded 2 times (x 81B)
Class org.jetbrains.kotlin.compilerRunner.CompilerSystemPropertiesService             : loaded 2 times (x 82B)
Class org.jetbrains.kotlin.gradle.plugin.mpp.compilationImpl.KotlinCompilationImpl$1  : loaded 2 times (x 81B)
Class org.jetbrains.kotlin.gradle.targets.js.npm.SemVer$Companion                     : loaded 2 times (x 73B)
Class org.jetbrains.kotlin.konan.target.KonanTarget$LINUX_ARM64                       : loaded 2 times (x 80B)
Class org.jetbrains.kotlin.gradle.targets.native.SetupEmbedAndSignAppleFrameworkTaskSideEffectKt$special$$inlined$KotlinTargetSideEffect$1: loaded 2 times (x 76B)
Class org.jetbrains.kotlin.gradle.plugin.mpp.KotlinUsages$KotlinCinteropCompatibility : loaded 2 times (x 79B)
Class org.jetbrains.kotlin.gradle.plugin.mpp.KotlinUsages$KotlinUsagesCompatibility   : loaded 2 times (x 78B)
Class org.jetbrains.kotlin.gradle.dsl.ExplicitApiMode                                 : loaded 2 times (x 81B)
Class org.jetbrains.kotlin.konan.target.KonanTarget$LINUX_X64                         : loaded 2 times (x 80B)
Class [Lorg.jetbrains.kotlin.konan.target.Architecture;                               : loaded 2 times (x 71B)
Class org.jetbrains.kotlin.gradle.tasks.publishing.HelpersKt$addSigningValidationHelpers$1: loaded 2 times (x 77B)
Class org.jetbrains.kotlin.gradle.plugin.VariantImplementationFactories$Parameters$Inject_: loaded 2 times (x 108B)
Class org.jetbrains.kotlin.gradle.plugin.VariantImplementationFactories$Companion     : loaded 2 times (x 73B)
Class org.jetbrains.kotlin.gradle.plugin.internal.CustomPropertiesFileValueSource$Parameters_Decorated: loaded 2 times (x 132B)
Class org.jetbrains.kotlin.gradle.dsl.KotlinTopLevelExtensionConfig                   : loaded 2 times (x 72B)
Class com.google.common.cache.CacheBuilder                                            : loaded 2 times (x 74B)
Class Settings_gradle$1                                                               : loaded 2 times (x 76B)
Class org.gradle.internal.classpath.ClassPath                                         : loaded 2 times (x 72B)
Class org.jetbrains.kotlin.load.java.JavaNullabilityAnnotationSettingsKt              : loaded 2 times (x 73B)
Class kotlin.reflect.jvm.internal.KPackageImpl                                        : loaded 2 times (x 87B)
Class [Lorg.jetbrains.kotlin.parsing.KotlinParsing$DeclarationParsingMode;            : loaded 2 times (x 71B)
Class it.unimi.dsi.fastutil.objects.Object2IntMap$FastEntrySet                        : loaded 2 times (x 72B)
Class org.jetbrains.kotlin.incremental.classpathDiff.impl.ClassFile                   : loaded 2 times (x 74B)
Class org.jetbrains.kotlin.descriptors.DescriptorVisibilities$1                       : loaded 2 times (x 81B)
Class kotlin.reflect.jvm.internal.KClassImpl$Data$$Lambda$7                           : loaded 2 times (x 78B)
Class org.jetbrains.kotlin.util.ModuleVisibilityHelper                                : loaded 2 times (x 72B)
Class org.jetbrains.kotlin.psi.KtSimpleNameExpressionImpl                             : loaded 2 times (x 570B)
Class [Lorg.jetbrains.kotlin.psi.KtDynamicType;                                       : loaded 2 times (x 71B)
Class org.jetbrains.kotlin.idea.KotlinLanguage                                        : loaded 2 times (x 109B)
Class kotlin.reflect.jvm.internal.impl.types.UnwrappedType                            : loaded 2 times (x 86B)
Class com.android.tools.lint.model.PathVariables$Companion$PATH_COMPARATOR$4          : loaded 2 times (x 80B)
Class kotlin.reflect.jvm.internal.impl.resolve.ExternalOverridabilityCondition        : loaded 2 times (x 72B)
Class kotlin.reflect.jvm.internal.impl.types.DisjointKeysUnionTypeSubstitution        : loaded 2 times (x 80B)
Class kotlin.reflect.jvm.internal.impl.util.collectionUtils.ScopeUtilsKt              : loaded 2 times (x 73B)
Class kotlin.reflect.jvm.internal.impl.protobuf.WireFormat$FieldType$2                : loaded 2 times (x 84B)
Class kotlin.reflect.jvm.internal.impl.descriptors.DescriptorVisibilities             : loaded 2 times (x 73B)
Class kotlin.reflect.jvm.internal.impl.descriptors.ModuleDescriptor$DefaultImpls      : loaded 2 times (x 73B)
Class kotlin.reflect.jvm.internal.impl.renderer.ClassifierNamePolicy$SHORT            : loaded 2 times (x 76B)
Class kotlin.reflect.jvm.internal.impl.builtins.KotlinBuiltIns$2                      : loaded 2 times (x 79B)
Class kotlin.reflect.jvm.internal.impl.storage.StorageManager                         : loaded 2 times (x 72B)
Class kotlin.reflect.jvm.internal.impl.descriptors.runtime.components.RuntimeErrorReporter: loaded 2 times (x 77B)
Class org.jetbrains.kotlin.metadata.deserialization.TypeTable                         : loaded 2 times (x 74B)
Class org.jetbrains.kotlin.load.kotlin.FileBasedKotlinClass$1                         : loaded 2 times (x 90B)
Class org.jetbrains.kotlin.incremental.classpathDiff.impl.InnerClassesClassVisitor    : loaded 2 times (x 90B)
Class kotlin.sequences.SequencesKt__SequencesKt$asSequence$$inlined$Sequence$1        : loaded 2 times (x 77B)
Class org.jetbrains.kotlin.buildtools.api.internal.KotlinCompilerVersion              : loaded 2 times (x 77B)
Class com.google.common.collect.Interners$InternerBuilder                             : loaded 2 times (x 78B)
Class org.apache.commons.compress.archivers.zip.UnsupportedZipFeatureException        : loaded 2 times (x 86B)
Class [Lorg.apache.http.HeaderElement;                                                : loaded 2 times (x 71B)
Class org.jetbrains.kotlin.gradle.incremental.IncrementalModuleInfoProvider           : loaded 2 times (x 72B)
Class org.jetbrains.kotlin.gradle.plugin.mpp.compilationImpl.KotlinCompilationImpl$2  : loaded 2 times (x 81B)
Class org.jetbrains.kotlin.gradle.dsl.PlatformSourceSetConventionsChecker$runChecks$1 : loaded 2 times (x 89B)
Class org.jetbrains.kotlin.gradle.plugin.mpp.compilationImpl.KotlinCompilationProcessorSideEffectKt$KotlinCompilationProcessorSideEffect$1: loaded 2 times (x 76B)
Class org.jetbrains.kotlin.gradle.dsl.KotlinJvmCompilerOptionsDefault                 : loaded 2 times (x 108B)
Class org.jetbrains.kotlin.gradle.internal.UsesClassLoadersCachingBuildService        : loaded 2 times (x 72B)
Class org.jetbrains.kotlin.descriptors.Modality$Companion                             : loaded 2 times (x 73B)
Class kotlin.reflect.jvm.internal.impl.renderer.DescriptorRenderer                    : loaded 2 times (x 80B)
Class org.jetbrains.kotlin.fir.analysis.jvm.checkers.FirJvmAnnotationsPlatformSpecificSupportComponent: loaded 2 times (x 80B)
Class org.jetbrains.kotlin.fir.java.scopes.JavaOverrideChecker                        : loaded 2 times (x 86B)
Class org.jetbrains.kotlin.util.ComponentArrayOwner                                   : loaded 2 times (x 84B)
Class kotlin.reflect.jvm.internal.impl.descriptors.impl.ModuleAwareClassDescriptor$Companion: loaded 2 times (x 73B)
Class org.jetbrains.kotlin.load.kotlin.JvmPackagePartProviderBase                     : loaded 2 times (x 95B)
Class org.jetbrains.kotlin.resolve.jvm.modules.JavaModuleInfo$FileReadingException    : loaded 2 times (x 84B)
Class kotlin.time.DurationUnitKt__DurationUnitKt                                      : loaded 2 times (x 73B)
Class kotlin.reflect.jvm.internal.KClassImpl$Data$$Lambda$8                           : loaded 2 times (x 78B)
Class kotlin.reflect.jvm.internal.impl.metadata.ProtoBuf$TypeParameter$Variance$1     : loaded 2 times (x 76B)
Class kotlin.reflect.jvm.internal.impl.protobuf.ExtensionRegistryLite$ObjectIntPair   : loaded 2 times (x 74B)
Class com.android.ide.common.gradle.Numeric                                           : loaded 2 times (x 79B)
Class org.jetbrains.kotlin.psi.KtWhenExpression                                       : loaded 2 times (x 447B)
Class [Lorg.jetbrains.kotlin.psi.KtContextReceiverList;                               : loaded 2 times (x 71B)
Class org.jetbrains.kotlin.psi.KtValueArgument                                        : loaded 2 times (x 462B)
Class org.jetbrains.kotlin.psi.stubs.elements.KtPrimaryConstructorElementType         : loaded 2 times (x 102B)
Class [Lorg.jetbrains.kotlin.psi.KtSecondaryConstructor;                              : loaded 2 times (x 71B)
Class [Lorg.jetbrains.kotlin.psi.KtAnnotated;                                         : loaded 2 times (x 71B)
Class org.jetbrains.kotlin.config.CommonConfigurationKeys                             : loaded 2 times (x 73B)
Class it.unimi.dsi.fastutil.objects.ObjectIterable                                    : loaded 2 times (x 72B)
Class com.android.tools.lint.model.DefaultLintModelAndroidLibrary                     : loaded 2 times (x 113B)
Class com.android.sdklib.AndroidApiLevel$Companion                                    : loaded 2 times (x 73B)
Class org.jetbrains.kotlin.psi.KtUserType                                             : loaded 2 times (x 512B)
Class com.android.prefs.AndroidLocationsProvider                                      : loaded 2 times (x 72B)
Class org.jetbrains.kotlin.psi.stubs.elements.KtEnumEntrySuperClassReferenceExpressionElementType: loaded 2 times (x 102B)
Class kotlin.reflect.jvm.internal.impl.builtins.functions.FunctionTypeKind$Function   : loaded 2 times (x 74B)
Class org.jetbrains.kotlin.cli.common.arguments.Enables                               : loaded 2 times (x 72B)
Class org.jetbrains.kotlin.storage.CacheWithNullableValues                            : loaded 2 times (x 72B)
Class kotlin.reflect.jvm.internal.impl.utils.SmartSet$Companion                       : loaded 2 times (x 73B)
Class kotlin.reflect.jvm.internal.impl.protobuf.CodedInputStream                      : loaded 2 times (x 74B)
Class kotlin.reflect.jvm.internal.impl.load.java.lazy.descriptors.LazyJavaScope       : loaded 2 times (x 106B)
Class kotlin.reflect.jvm.internal.impl.protobuf.WireFormat$FieldType$3                : loaded 2 times (x 84B)
Class kotlin.reflect.jvm.internal.impl.incremental.components.LookupTracker           : loaded 2 times (x 72B)
Class kotlin.reflect.jvm.internal.impl.storage.LockBasedStorageManager$CacheWithNullableValuesBasedOnMemoizedFunction: loaded 2 times (x 85B)
Class kotlin.reflect.jvm.internal.impl.builtins.KotlinBuiltIns$3                      : loaded 2 times (x 79B)
Class org.jetbrains.kotlin.com.intellij.openapi.diagnostic.Logger                     : loaded 2 times (x 101B)
Class org.jetbrains.kotlin.load.kotlin.FileBasedKotlinClass$2                         : loaded 2 times (x 90B)
Class org.jetbrains.kotlin.build.report.metrics.CLASSPATH_ENTRY_SNAPSHOT_TRANSFORM    : loaded 2 times (x 74B)
Class org.jetbrains.kotlin.incremental.classpathDiff.ClasspathEntrySnapshotter$Settings: loaded 2 times (x 74B)
Class com.google.common.io.CharSource$CharSequenceCharSource                          : loaded 2 times (x 88B)
Class org.apache.commons.io.build.AbstractOrigin$FileOrigin                           : loaded 2 times (x 91B)
Class org.apache.commons.compress.archivers.zip.ZipFile$1                             : loaded 2 times (x 103B)
Class com.google.common.io.CharStreams$NullWriter                                     : loaded 2 times (x 101B)
Class org.jetbrains.kotlin.compilerRunner.KotlinCompilerArgumentsLogLevel$Companion   : loaded 2 times (x 73B)
Class org.jetbrains.kotlin.gradle.tasks.AbstractKotlinCompile$defaultKotlinJavaToolchain$1: loaded 2 times (x 80B)
Class org.jetbrains.kotlin.gradle.tasks.KotlinCompile                                 : loaded 2 times (x 501B)
Class org.jetbrains.kotlin.gradle.plugin.KotlinCompilationInfoKt                      : loaded 2 times (x 73B)
Class org.jetbrains.kotlin.gradle.internal.StdlibDependencyManagementKt               : loaded 2 times (x 73B)
Class org.jetbrains.kotlin.gradle.dsl.PlatformSourceSetConventionsChecker$runChecks$2 : loaded 2 times (x 80B)
Class org.jetbrains.kotlin.gradle.utils.ObservableSet                                 : loaded 2 times (x 72B)
Class org.jetbrains.kotlin.gradle.plugin.mpp.HierarchyAttributeContainer              : loaded 2 times (x 87B)
Class org.jetbrains.kotlin.gradle.tasks.UsesKotlinJavaToolchain                       : loaded 2 times (x 72B)
Class org.jetbrains.kotlin.konan.target.KonanTarget$MINGW_X64                         : loaded 2 times (x 80B)
Class org.jetbrains.kotlin.gradle.plugin.diagnostics.KotlinToolingDiagnosticsCollectorKt: loaded 2 times (x 73B)
Class org.jetbrains.kotlin.gradle.plugin.DefaultKotlinBasePlugin$apply$1              : loaded 2 times (x 77B)
Class org.jetbrains.kotlin.statistics.metrics.StringOverridePolicy$OVERRIDE           : loaded 2 times (x 87B)
Class org.jetbrains.kotlin.gradle.internal.properties.PropertiesBuildService$Params_Decorated: loaded 2 times (x 132B)
Class org.objectweb.asm.SymbolTable$Entry                                             : loaded 2 times (x 75B)
Class com.google.gson.internal.JsonReaderInternalAccess                               : loaded 2 times (x 74B)
Class org.jetbrains.kotlin.fir.declarations.FirDeclarationOrigin$Library              : loaded 2 times (x 74B)
Class org.jetbrains.kotlin.fir.analysis.jvm.FirJvmOverridesBackwardCompatibilityHelper: loaded 2 times (x 76B)
Class org.jetbrains.kotlin.fir.types.FirFunctionTypeKindServiceImpl                   : loaded 2 times (x 79B)
Class org.jetbrains.kotlin.fir.scopes.impl.FirSynthesizedStorage                      : loaded 2 times (x 74B)
Class org.jetbrains.kotlin.fir.declarations.FirHiddenDeprecationProvider              : loaded 2 times (x 75B)
Class it.unimi.dsi.fastutil.objects.Object2IntOpenHashMap                             : loaded 2 times (x 249B)
Class org.jetbrains.kotlin.cli.jvm.index.JvmDependenciesIndexImpl$ClassSearchResult   : loaded 2 times (x 73B)
Class kotlin.jvm.internal.AdaptedFunctionReference                                    : loaded 2 times (x 79B)
Class org.jetbrains.kotlin.fir.FirAnnotationContainer                                 : loaded 2 times (x 72B)
Class org.jetbrains.kotlin.mpp.ClassLikeSymbolMarker                                  : loaded 2 times (x 72B)
Class [Lorg.jetbrains.kotlin.lexer.KtToken;                                           : loaded 2 times (x 71B)
Class kotlin.reflect.jvm.internal.KClassImpl$Data$$Lambda$9                           : loaded 2 times (x 78B)
Class [Lorg.jetbrains.kotlin.psi.KtSuperTypeList;                                     : loaded 2 times (x 71B)
Class org.jetbrains.kotlin.psi.KtNamedDeclarationStub                                 : loaded 2 times (x 912B)
Class org.jetbrains.kotlin.psi.stubs.elements.KtStubElementTypes                      : loaded 2 times (x 72B)
Class org.jetbrains.kotlin.name.StandardClassIds$Annotations                          : loaded 2 times (x 73B)
Class kotlin.jvm.internal.markers.KMutableMap$Entry                                   : loaded 2 times (x 72B)
Class kotlin.reflect.jvm.internal.impl.resolve.OverridingUtil$OverrideCompatibilityInfo: loaded 2 times (x 75B)
Class kotlin.reflect.jvm.internal.impl.types.checker.ClassicTypeCheckerStateKt        : loaded 2 times (x 73B)
Class [Lkotlin.reflect.jvm.internal.impl.resolve.scopes.MemberScope;                  : loaded 2 times (x 71B)
Class kotlin.reflect.jvm.internal.impl.protobuf.WireFormat$FieldType$4                : loaded 2 times (x 84B)
Class kotlin.reflect.jvm.internal.impl.descriptors.impl.FunctionDescriptorImpl        : loaded 2 times (x 193B)
Class kotlin.reflect.jvm.internal.impl.types.ClassifierBasedTypeConstructor           : loaded 2 times (x 88B)
Class kotlin.reflect.jvm.internal.impl.renderer.PropertyAccessorRenderingPolicy       : loaded 2 times (x 81B)
Class kotlin.reflect.jvm.internal.impl.load.kotlin.AbstractBinaryClassAnnotationAndConstantLoader: loaded 2 times (x 101B)
Class kotlin.reflect.jvm.internal.impl.incremental.components.LookupTracker$DO_NOTHING: loaded 2 times (x 77B)
Class kotlin.reflect.jvm.internal.impl.builtins.KotlinBuiltIns$4                      : loaded 2 times (x 79B)
Class org.jetbrains.org.objectweb.asm.ClassWriter                                     : loaded 2 times (x 107B)
Class org.jetbrains.kotlin.load.kotlin.FileBasedKotlinClass$3                         : loaded 2 times (x 80B)
Class Native_plugin_loader_gradle                                                     : loaded 2 times (x 128B)
Class org.apache.commons.compress.archivers.zip.ZipFile$2                             : loaded 2 times (x 73B)
Class org.apache.commons.compress.archivers.zip.ZipFile$Entry                         : loaded 2 times (x 161B)
Class org.jetbrains.kotlin.gradle.plugin.mpp.KotlinTargetComponentWithCoordinatesAndPublication: loaded 2 times (x 72B)
Class org.jetbrains.kotlin.gradle.incremental.UsesIncrementalModuleInfoBuildService   : loaded 2 times (x 72B)
Class org.jetbrains.kotlin.gradle.dsl.PlatformSourceSetConventionsChecker$runChecks$3 : loaded 2 times (x 80B)
Class org.jetbrains.kotlin.konan.target.KonanTarget$ANDROID_X86                       : loaded 2 times (x 80B)
Class org.jetbrains.kotlin.gradle.plugin.RegisterKotlinPluginExtensionsKt             : loaded 2 times (x 73B)
Class org.jetbrains.kotlin.gradle.utils.CompilerOptionsKt$configureExperimentalTryNext$1$1: loaded 2 times (x 80B)
Class org.jetbrains.kotlin.gradle.utils.CompilerOptionsKt                             : loaded 2 times (x 73B)
Class org.jetbrains.kotlin.gradle.plugin.PropertiesProvider$Companion                 : loaded 2 times (x 73B)
Class org.jetbrains.kotlin.gradle.utils.SingleAction                                  : loaded 2 times (x 75B)
Class org.objectweb.asm.Edge                                                          : loaded 2 times (x 74B)
Class com.google.common.base.Suppliers$SupplierOfInstance                             : loaded 2 times (x 81B)
Class com.google.common.collect.Iterators$1                                           : loaded 2 times (x 83B)
Class org.jetbrains.kotlin.config.JvmDefaultModeKt                                    : loaded 2 times (x 73B)
Class org.jetbrains.kotlin.fir.declarations.FirFunction                               : loaded 2 times (x 184B)
Class org.jetbrains.kotlin.fir.serialization.FirProvidedDeclarationsForMetadataServiceImpl: loaded 2 times (x 78B)
Class org.jetbrains.kotlin.types.AbstractTypeApproximator                             : loaded 2 times (x 747B)
Class org.jetbrains.kotlin.fir.analysis.checkers.FirIdentityLessPlatformDeterminer    : loaded 2 times (x 74B)
Class org.jetbrains.kotlin.fir.scopes.impl.FirDelegatedMembersFilter                  : loaded 2 times (x 74B)
Class org.jetbrains.kotlin.util.ArrayMap                                              : loaded 2 times (x 85B)
Class org.jetbrains.kotlin.fir.resolve.scopes.JvmMappedScopesKt                       : loaded 2 times (x 73B)
Class org.jetbrains.kotlin.kdoc.lexer.KDocToken                                       : loaded 2 times (x 77B)
Class org.jetbrains.kotlin.psi.KtQualifiedExpression                                  : loaded 2 times (x 72B)
Class org.jetbrains.kotlin.psi.stubs.KotlinTypeProjectionStub                         : loaded 2 times (x 72B)
Class org.jetbrains.kotlin.psi.stubs.KotlinModifierListStub                           : loaded 2 times (x 72B)
Class [Lorg.jetbrains.kotlin.psi.KtClassBody;                                         : loaded 2 times (x 71B)
Class org.jetbrains.kotlin.psi.KtValVarKeywordOwner                                   : loaded 2 times (x 72B)
Class org.jetbrains.kotlin.psi.KtExpression                                           : loaded 2 times (x 72B)
Class org.jetbrains.kotlin.fir.resolve.providers.impl.FirFallbackBuiltinSymbolProvider$Companion: loaded 2 times (x 73B)
Class kotlin.text.MatchResult$Destructured                                            : loaded 2 times (x 74B)
Class org.jetbrains.kotlin.fir.scopes.FirKotlinScopeProviderKt$special$$inlined$scopeSessionKey$1: loaded 2 times (x 73B)
Class com.google.common.collect.ListMultimap                                          : loaded 2 times (x 72B)
Class kotlin.reflect.jvm.internal.impl.types.model.TypeSystemContext                  : loaded 2 times (x 72B)
Class kotlin.reflect.jvm.internal.impl.load.java.structure.ListBasedJavaAnnotationOwner: loaded 2 times (x 72B)
Class kotlin.reflect.jvm.internal.impl.descriptors.runtime.components.RuntimeSourceElementFactory$RuntimeSourceElement: loaded 2 times (x 80B)
Class kotlin.reflect.jvm.internal.impl.descriptors.runtime.structure.ReflectJavaClass : loaded 2 times (x 117B)
Class kotlin.reflect.jvm.internal.impl.serialization.deserialization.SuspendFunctionTypeUtilKt: loaded 2 times (x 73B)
Class kotlin.reflect.jvm.internal.impl.metadata.ProtoBuf$QualifiedNameTable$QualifiedName$Kind: loaded 2 times (x 84B)
Class kotlin.reflect.jvm.internal.impl.metadata.ProtoBuf$StringTable$1                : loaded 2 times (x 89B)
Class kotlin.reflect.jvm.internal.impl.metadata.deserialization.Flags$EnumLiteFlagField: loaded 2 times (x 78B)
Class kotlin.reflect.jvm.internal.impl.serialization.deserialization.FlexibleTypeDeserializer$ThrowException: loaded 2 times (x 76B)
Class kotlin.reflect.jvm.internal.impl.metadata.jvm.JvmProtoBuf                       : loaded 2 times (x 73B)
Class kotlin.reflect.jvm.internal.impl.descriptors.impl.ClassDescriptorBase           : loaded 2 times (x 176B)
Class kotlin.properties.Delegates                                                     : loaded 2 times (x 73B)
Class kotlin.reflect.jvm.internal.impl.resolve.constants.IntegerValueConstant         : loaded 2 times (x 76B)
Class kotlin.reflect.jvm.internal.impl.types.checker.NewKotlinTypeChecker$Companion   : loaded 2 times (x 73B)
Class kotlin.reflect.jvm.internal.impl.load.java.JavaClassesTracker                   : loaded 2 times (x 72B)
Class kotlin.reflect.jvm.internal.impl.builtins.ReflectionTypes$Companion             : loaded 2 times (x 73B)
Class kotlin.reflect.jvm.internal.impl.descriptors.DeclarationDescriptorNonRoot       : loaded 2 times (x 72B)
Class org.jetbrains.kotlin.incremental.DifferenceCalculatorForPackageFacade$Companion$membersResolvers$1: loaded 2 times (x 131B)
Class org.jetbrains.kotlin.incremental.storage.StringExternalizer                     : loaded 2 times (x 77B)
Class org.jetbrains.kotlin.load.kotlin.FileBasedKotlinClass$4                         : loaded 2 times (x 90B)
Class com.google.common.reflect.TypeToken$1                                           : loaded 2 times (x 112B)
Class org.apache.commons.compress.utils.ByteUtils                                     : loaded 2 times (x 73B)
Class org.jetbrains.kotlin.gradle.tasks.KotlinCompile$defaultKotlinJavaToolchain$1    : loaded 2 times (x 81B)
Class org.jetbrains.kotlin.gradle.tasks.KotlinJavaToolchain$JavaToolchainSetter       : loaded 2 times (x 72B)
Class org.jetbrains.kotlin.gradle.internal.utils.CollectionsKt                        : loaded 2 times (x 73B)
Class org.jetbrains.kotlin.gradle.plugin.diagnostics.KotlinToolingDiagnosticsSetupActionKt$KotlinToolingDiagnosticsSetupAction$1$2$diagnostics$1: loaded 2 times (x 77B)
Class org.jetbrains.kotlin.tooling.core.ExtrasPropertyKt$extrasLazyProperty$1         : loaded 2 times (x 96B)
Class org.jetbrains.kotlin.gradle.dsl.PlatformSourceSetConventionsChecker$runChecks$4 : loaded 2 times (x 80B)
Class org.jetbrains.kotlin.gradle.plugin.diagnostics.checkers.JsLikeEnvironmentChecker$runChecks$1: loaded 2 times (x 89B)
Class org.jetbrains.kotlin.gradle.plugin.diagnostics.UsesKotlinToolingDiagnostics     : loaded 2 times (x 72B)
Class org.jetbrains.kotlin.gradle.plugin.diagnostics.checkers.KonanHomeConflictDeclarationChecker: loaded 2 times (x 76B)
Class org.jetbrains.kotlin.gradle.plugin.diagnostics.KotlinToolingDiagnostics$WasmJsEnvironmentNotChosenExplicitly: loaded 2 times (x 75B)
Class org.jetbrains.kotlin.gradle.dsl.abi.AbiFilterSetSpec                            : loaded 2 times (x 72B)
Class org.jetbrains.kotlin.statistics.metrics.BooleanAnonymizationPolicy$SAFE         : loaded 2 times (x 87B)
Class com.google.common.cache.LocalCache$ComputingValueReference                      : loaded 2 times (x 98B)
Class org.jetbrains.kotlin.fir.resolve.calls.jvm.JvmCallConflictResolverFactory       : loaded 2 times (x 74B)
Class org.jetbrains.kotlin.fir.analysis.jvm.checkers.FirJvmPrimaryConstructorSuperTypeCheckerPlatformComponent: loaded 2 times (x 74B)
Class org.jetbrains.kotlin.fir.analysis.checkers.expression.FirGenericArrayClassLiteralSupport: loaded 2 times (x 72B)
Class org.jetbrains.kotlin.psi.UserDataProperty                                       : loaded 2 times (x 74B)
Class org.jetbrains.kotlin.parsing.AbstractTokenStreamPredicate                       : loaded 2 times (x 79B)
Class org.jetbrains.kotlin.gradle.plugin.diagnostics.ToolingDiagnostic                : loaded 2 times (x 74B)
Class org.jetbrains.kotlin.gradle.plugin.sources.DefaultKotlinSourceSetFactory        : loaded 2 times (x 82B)
Class org.jetbrains.kotlin.konan.target.KonanTarget$ANDROID_ARM32                     : loaded 2 times (x 80B)
Class org.jetbrains.kotlin.gradle.tasks.TasksProviderKt                               : loaded 2 times (x 73B)
Class com.google.common.collect.ImmutableRangeSet                                     : loaded 2 times (x 117B)
Class org.jetbrains.kotlin.psi.KtStringInterpolationPrefix                            : loaded 2 times (x 443B)
Class [Lorg.jetbrains.kotlin.psi.KtStringTemplateEntryWithExpression;                 : loaded 2 times (x 71B)
Class org.jetbrains.kotlin.psi.KtTypeProjection                                       : loaded 2 times (x 584B)
Class org.jetbrains.kotlin.psi.stubs.KotlinFunctionTypeStub                           : loaded 2 times (x 72B)
Class org.jetbrains.kotlin.gradle.plugin.mpp.compilationImpl.DefaultKotlinCompilationConfigurationsContainer: loaded 2 times (x 86B)
Class org.apache.commons.io.output.StringBuilderWriter                                : loaded 2 times (x 102B)
Class kotlin.reflect.jvm.internal.impl.load.java.components.DescriptorResolverUtils$1 : loaded 2 times (x 79B)
Class kotlin.reflect.jvm.internal.impl.load.kotlin.KotlinJvmBinarySourceElement       : loaded 2 times (x 80B)
Class kotlin.reflect.jvm.internal.impl.descriptors.impl.ModuleDependencies            : loaded 2 times (x 72B)
Class kotlin.reflect.jvm.internal.impl.renderer.DescriptorRendererOptions             : loaded 2 times (x 72B)
Class kotlin.reflect.jvm.internal.impl.metadata.deserialization.BinaryVersion         : loaded 2 times (x 74B)
Class org.jetbrains.kotlin.incremental.DifferenceCalculatorForPackageFacade$Companion$membersResolvers$2: loaded 2 times (x 131B)
Class org.jetbrains.org.objectweb.asm.tree.LocalVariableNode                          : loaded 2 times (x 75B)
Class org.jetbrains.kotlin.metadata.ProtoBuf$Class$Kind                               : loaded 2 times (x 84B)
Class org.jetbrains.kotlin.metadata.jvm.JvmProtoBuf$JvmMethodSignatureOrBuilder       : loaded 2 times (x 72B)
Class com.google.common.reflect.TypeToken$2                                           : loaded 2 times (x 112B)
Class com.google.common.collect.AbstractMapBasedMultimap$AsMap$AsMapEntries           : loaded 2 times (x 140B)
Class [Lorg.jetbrains.kotlin.buildtools.api.jvm.ClassSnapshotGranularity;             : loaded 2 times (x 71B)
Class org.jetbrains.kotlin.gradle.plugin.mpp.compilationImpl.DefaultKotlinCompilationSourceSetsContainer$allKotlinSourceSetsImpl$1$1: loaded 2 times (x 82B)
Class org.jetbrains.kotlin.gradle.plugin.mpp.compilationImpl.DefaultKotlinCompilationSourceSetsContainer: loaded 2 times (x 80B)
Class org.jetbrains.kotlin.konan.target.KonanTarget$TVOS_SIMULATOR_ARM64              : loaded 2 times (x 80B)
Class org.jetbrains.kotlin.gradle.plugin.KotlinPluginLifecycle$Stage$Companion        : loaded 2 times (x 73B)
Class org.jetbrains.kotlin.gradle.plugin.diagnostics.checkers.DeprecatedKotlinNativeTargetsChecker: loaded 2 times (x 76B)
Class org.jetbrains.kotlin.gradle.targets.jvm.KotlinJvmCompilationWireJavaSourcesSideEffectKt$KotlinJvmCompilationWireJavaSourcesSideEffect$1: loaded 2 times (x 76B)
Class org.jetbrains.kotlin.gradle.targets.native.ConfigureFrameworkExportSideEffectKt$special$$inlined$KotlinTargetSideEffect$1: loaded 2 times (x 76B)
Class org.jetbrains.kotlin.tooling.core.AbstractExtras                                : loaded 2 times (x 143B)
Class org.jetbrains.kotlin.konan.target.KonanTarget$Companion                         : loaded 2 times (x 73B)
Class org.jetbrains.kotlin.gradle.fus.BuildUidService$Companion$registerIfAbsent$1    : loaded 2 times (x 76B)
Class org.jetbrains.kotlin.gradle.internal.diagnostics.AgpCompatibilityCheck$AndroidGradlePluginVersionProvider: loaded 2 times (x 72B)
Class com.google.common.cache.LocalCache$Segment                                      : loaded 2 times (x 155B)
Class org.jetbrains.kotlin.name.JvmStandardClassIds$Annotations                       : loaded 2 times (x 73B)
Class org.jetbrains.kotlin.fir.symbols.impl.FirClassSymbol                            : loaded 2 times (x 84B)
Class org.jetbrains.kotlin.fir.types.impl.FirImplicitFloatTypeRef                     : loaded 2 times (x 111B)
Class org.jetbrains.kotlin.fir.types.ConeAttribute                                    : loaded 2 times (x 81B)
Class [Lorg.apache.commons.io.StandardLineSeparator;                                  : loaded 2 times (x 71B)
Class org.jetbrains.kotlin.protobuf.UnmodifiableLazyStringList$2                      : loaded 2 times (x 85B)
Class [Lorg.apache.commons.compress.archivers.zip.ExtraFieldParsingBehavior;          : loaded 2 times (x 71B)
Class org.jetbrains.kotlin.buildtools.api.internal.KotlinCompilerVersion$Maturity     : loaded 2 times (x 81B)
Class [Lorg.jetbrains.kotlin.buildtools.api.internal.KotlinCompilerVersion$Maturity;  : loaded 2 times (x 71B)
Class com.google.common.collect.CollectSpliterators$1WithCharacteristics              : loaded 2 times (x 92B)
Class [Lorg.jetbrains.kotlin.config.LanguageFeature$State;                            : loaded 2 times (x 71B)
Class [Lorg.jetbrains.kotlin.config.ReturnValueCheckerMode;                           : loaded 2 times (x 71B)
Class kotlin.time.DurationJvmKt                                                       : loaded 2 times (x 73B)
Class org.jetbrains.kotlin.incremental.classpathDiff.impl.SingleClassSnapshotter      : loaded 2 times (x 73B)
Class it.unimi.dsi.fastutil.objects.ObjectIterator                                    : loaded 2 times (x 72B)
Class org.jetbrains.kotlin.psi.KtCatchClause                                          : loaded 2 times (x 380B)
Class org.jetbrains.kotlin.psi.stubs.KotlinScriptStub                                 : loaded 2 times (x 72B)
Class [Lorg.jetbrains.kotlin.psi.KtDelegatedSuperTypeEntry;                           : loaded 2 times (x 71B)
Class org.jetbrains.kotlin.psi.stubs.elements.KtAnnotationUseSiteTargetElementType    : loaded 2 times (x 102B)
Class org.jetbrains.kotlin.psi.stubs.KotlinObjectStub                                 : loaded 2 times (x 72B)
Class org.jetbrains.kotlin.psi.stubs.elements.KtClassElementType                      : loaded 2 times (x 102B)
Class [Lorg.jetbrains.kotlin.descriptors.CallableMemberDescriptor$Kind;               : loaded 2 times (x 71B)
Class org.jetbrains.kotlin.cli.jvm.compiler.KotlinCoreEnvironment                     : loaded 2 times (x 74B)
Class kotlin.reflect.jvm.internal.impl.load.java.typeEnhancement.JavaTypeEnhancement  : loaded 2 times (x 74B)
Class com.android.tools.lint.model.LintModelSeverity$Companion                        : loaded 2 times (x 73B)
Class kotlin.reflect.jvm.internal.impl.serialization.deserialization.ContractDeserializer$Companion$DEFAULT$1: loaded 2 times (x 76B)
Class kotlin.reflect.jvm.internal.impl.types.FlexibleTypesKt                          : loaded 2 times (x 73B)
Class kotlin.reflect.jvm.internal.impl.metadata.jvm.JvmProtoBuf$StringTableTypes$Record$1: loaded 2 times (x 89B)
Class kotlin.reflect.jvm.internal.impl.types.WrappedType                              : loaded 2 times (x 85B)
Class org.jetbrains.kotlin.incremental.DifferenceCalculatorForPackageFacade$Companion$membersResolvers$3: loaded 2 times (x 131B)
Class Native_plugin_loader_gradle$NativePluginLoader$Companion                        : loaded 2 times (x 73B)
Class [Lcom.google.common.base.Supplier;                                              : loaded 2 times (x 71B)
Class org.jetbrains.kotlin.build.report.metrics.BuildTimes                            : loaded 2 times (x 74B)
Class org.jetbrains.kotlin.gradle.tasks.KotlinCompile$ClasspathSnapshotProperties     : loaded 2 times (x 75B)
Class org.jetbrains.kotlin.gradle.internal.StdlibDependencyManagementKt$addStdlibDependency$1$1: loaded 2 times (x 81B)
Class org.jetbrains.kotlin.gradle.tasks.configuration.BaseKotlinCompileConfig$2$1     : loaded 2 times (x 77B)
Class org.jetbrains.kotlin.gradle.plugin.diagnostics.TransformActionUsingKotlinToolingDiagnostics: loaded 2 times (x 72B)
Class com.google.common.collect.SortedIterable                                        : loaded 2 times (x 72B)
Class org.jetbrains.kotlin.gradle.dsl.PlatformSourceSetConventionsChecker$runChecks$6 : loaded 2 times (x 89B)
Class org.jetbrains.kotlin.gradle.plugin.sources.DefaultKotlinSourceSet_Decorated     : loaded 2 times (x 187B)
Class org.jetbrains.kotlin.gradle.plugin.mpp.KotlinCompilationsKt                     : loaded 2 times (x 73B)
Class org.jetbrains.kotlin.gradle.dsl.abi.AbiValidationVariantSpec                    : loaded 2 times (x 72B)
Class org.jetbrains.kotlin.gradle.targets.native.KonanPropertiesBuildService$Companion: loaded 2 times (x 73B)
Class org.jetbrains.kotlin.statistics.metrics.StringOverridePolicy                    : loaded 2 times (x 87B)
Class org.jetbrains.kotlin.gradle.plugin.statistics.DefaultKotlinBuildStatsBeanService: loaded 2 times (x 94B)
Class org.jetbrains.kotlin.gradle.utils.GradleUtilsKt$registerClassLoaderScopedBuildService$1: loaded 2 times (x 76B)
Class org.jetbrains.kotlin.gradle.internal.diagnostics.AgpCompatibilityCheck$AndroidGradlePluginVersionProvider$Default: loaded 2 times (x 76B)
Class com.google.common.collect.AbstractListMultimap                                  : loaded 2 times (x 173B)
Class [Lorg.objectweb.asm.SymbolTable$Entry;                                          : loaded 2 times (x 71B)
Class com.google.common.cache.CacheLoader                                             : loaded 2 times (x 76B)
Class com.google.common.collect.Iterators$4                                           : loaded 2 times (x 84B)
Class org.gradle.api.internal.classpath.ModuleRegistry                                : loaded 2 times (x 72B)
Class org.gradle.internal.installation.GradleInstallation$1                           : loaded 2 times (x 77B)
Class org.jetbrains.kotlin.fir.java.deserialization.FirJvmDeserializationExtension    : loaded 2 times (x 79B)
Class org.jetbrains.kotlin.storage.SimpleLock$Companion                               : loaded 2 times (x 73B)
Class org.jetbrains.kotlin.resolve.calls.inference.components.PostponedArgumentInputTypesResolver$Companion: loaded 2 times (x 73B)
Class org.jetbrains.kotlin.util.ArrayMapAccessor                                      : loaded 2 times (x 77B)
Class org.jetbrains.kotlin.util.AbstractArrayMapOwner$AbstractArrayMapAccessor        : loaded 2 times (x 73B)
Class org.jetbrains.kotlin.fir.FirModuleData                                          : loaded 2 times (x 84B)
Class org.jetbrains.kotlin.fir.types.impl.ConeClassLikeTypeImpl                       : loaded 2 times (x 85B)
Class org.jetbrains.kotlin.parsing.BindAll                                            : loaded 2 times (x 78B)
Class kotlin.reflect.jvm.internal.impl.descriptors.Visibility                         : loaded 2 times (x 77B)
Class com.android.resources.ResourceType$Kind                                         : loaded 2 times (x 81B)
Class kotlin.reflect.jvm.internal.impl.metadata.jvm.JvmProtoBuf$JvmFieldSignature$1   : loaded 2 times (x 89B)
Class org.jetbrains.kotlin.cli.jvm.modules.JavaModuleGraph                            : loaded 2 times (x 74B)
Class org.jetbrains.kotlin.scripting.compiler.plugin.definitions.CliScriptDefinitionProvider: loaded 2 times (x 89B)
Class org.jetbrains.kotlin.utils.PlatformUtilsKt                                      : loaded 2 times (x 73B)
Class org.jetbrains.kotlin.psi.KtStatementExpression                                  : loaded 2 times (x 72B)
Class org.jetbrains.kotlin.psi.KtDeclarationContainer                                 : loaded 2 times (x 72B)
Class org.jetbrains.kotlin.cli.jvm.modules.CoreJrtFileSystem                          : loaded 2 times (x 103B)
Class org.jetbrains.kotlin.cli.jvm.compiler.KotlinCoreApplicationEnvironmentMode      : loaded 2 times (x 72B)
Class kotlin.reflect.jvm.internal.impl.builtins.jvm.JvmBuiltInClassDescriptorFactory$Companion: loaded 2 times (x 73B)
Class com.android.ide.common.repository.AgpVersion$PreviewKind$Companion              : loaded 2 times (x 73B)
Class com.android.ProgressManagerAdapter                                              : loaded 2 times (x 75B)
Class kotlin.reflect.jvm.internal.impl.load.kotlin.header.ReadKotlinClassHeaderAnnotationVisitor$KotlinMetadataArgumentVisitor$2: loaded 2 times (x 87B)
Class kotlin.reflect.jvm.internal.impl.types.AbstractStubType                         : loaded 2 times (x 93B)
Class kotlin.reflect.jvm.internal.impl.metadata.deserialization.NameResolver          : loaded 2 times (x 72B)
Class kotlin.reflect.jvm.internal.impl.descriptors.FindClassInModuleKt                : loaded 2 times (x 73B)
Class [Lkotlin.reflect.jvm.internal.impl.descriptors.DeclarationDescriptor;           : loaded 2 times (x 71B)
Class kotlin.reflect.jvm.internal.impl.metadata.ProtoBuf$VersionRequirementTableOrBuilder: loaded 2 times (x 72B)
Class kotlin.reflect.jvm.internal.impl.metadata.ProtoBuf$ValueParameter$1             : loaded 2 times (x 89B)
Class kotlin.reflect.jvm.internal.impl.descriptors.FieldDescriptor                    : loaded 2 times (x 72B)
Class jdk.internal.jimage.decompressor.ResourceDecompressorFactory                    : loaded 2 times (x 76B)
Class org.apache.commons.io.output.NullWriter                                         : loaded 2 times (x 101B)
Class org.apache.commons.io.build.AbstractOrigin$PathOrigin                           : loaded 2 times (x 91B)
Class org.jetbrains.kotlin.gradle.plugin.KotlinPluginLifecycle$ProjectConfigurationResult: loaded 2 times (x 73B)
Class org.jetbrains.kotlin.gradle.internal.KotlinDependenciesManagementKt$configureDefaultVersionsResolutionStrategy$1: loaded 2 times (x 77B)
Class org.jetbrains.kotlin.gradle.internal.StdlibDependencyManagementKt$configureStdlibDefaultDependency$1: loaded 2 times (x 81B)
Class org.jetbrains.kotlin.gradle.plugin.mpp.compilationImpl.KotlinCreateResourcesTaskSideEffectKt: loaded 2 times (x 73B)
Class org.jetbrains.kotlin.gradle.plugin.mpp.KotlinUsages                             : loaded 2 times (x 73B)
Class org.jetbrains.kotlin.gradle.utils.ConfigurationCacheOpaqueValue                 : loaded 2 times (x 74B)
Class org.jetbrains.kotlin.gradle.internal.properties.NativePropertiesLoader$Companion: loaded 2 times (x 73B)
Class org.jetbrains.kotlin.gradle.plugin.statistics.KotlinBuildStatsBeanService$Companion: loaded 2 times (x 73B)
Class org.jetbrains.kotlin.gradle.plugin.statistics.BuildFusService$Companion         : loaded 2 times (x 73B)
Class com.google.common.util.concurrent.internal.InternalFutureFailureAccess          : loaded 2 times (x 74B)
Class com.google.common.collect.Iterators$5                                           : loaded 2 times (x 84B)
Class org.jetbrains.kotlin.fir.resolve.providers.FirProvider                          : loaded 2 times (x 87B)
Class org.jetbrains.kotlin.platform.jvm.JvmPlatformKt                                 : loaded 2 times (x 73B)
Class [Lorg.jetbrains.kotlin.fir.caches.FirCachesFactory$KeyReferenceStrength;        : loaded 2 times (x 71B)
Class org.jetbrains.kotlin.resolve.calls.inference.components.TrivialConstraintTypeInferenceOracle: loaded 2 times (x 551B)
Class org.jetbrains.kotlin.fir.util.ConeTypeRegistry                                  : loaded 2 times (x 75B)
Class [Lorg.jetbrains.org.objectweb.asm.Type;                                         : loaded 2 times (x 71B)
Class org.jetbrains.kotlin.load.java.structure.impl.source.JavaElementSourceFactory$Companion: loaded 2 times (x 73B)
Class org.jetbrains.kotlin.resolve.extensions.AssignResolutionAltererExtension        : loaded 2 times (x 72B)
Class org.jetbrains.kotlin.extensions.ProjectExtensionDescriptor                      : loaded 2 times (x 74B)
Class org.jetbrains.kotlin.cli.jvm.compiler.CliVirtualFileFinderFactory               : loaded 2 times (x 78B)
Class kotlin.reflect.jvm.internal.impl.metadata.jvm.JvmProtoBuf$StringTableTypes$Record$Operation: loaded 2 times (x 84B)
Class kotlin.reflect.jvm.internal.impl.load.java.typeEnhancement.TypeComponentPosition: loaded 2 times (x 81B)
Class org.jetbrains.kotlin.psi.KtPureElement                                          : loaded 2 times (x 72B)
Class [Lorg.jetbrains.kotlin.psi.KtImportDirective;                                   : loaded 2 times (x 71B)
Class kotlin.time.Duration$Companion                                                  : loaded 2 times (x 73B)
Class [Lorg.jetbrains.kotlin.psi.KtTypeElement;                                       : loaded 2 times (x 71B)
Class kotlin.coroutines.intrinsics.IntrinsicsKt__IntrinsicsKt                         : loaded 2 times (x 73B)
Class org.jetbrains.kotlin.psi.KtAnnotationUseSiteTarget                              : loaded 2 times (x 443B)
Class [Lorg.jetbrains.kotlin.psi.KtPrimaryConstructor;                                : loaded 2 times (x 71B)
Class org.jetbrains.kotlin.psi.KtPropertyAccessor                                     : loaded 2 times (x 955B)
Class org.jetbrains.kotlin.psi.KtElement                                              : loaded 2 times (x 72B)
Class org.jetbrains.kotlin.parsing.KotlinParserDefinition                             : loaded 2 times (x 97B)
Class [Lorg.jetbrains.kotlin.psi.KtValueArgument;                                     : loaded 2 times (x 71B)
Class org.jetbrains.kotlin.BlockExpressionElementType                                 : loaded 2 times (x 100B)
Class kotlin.coroutines.ContinuationInterceptor                                       : loaded 2 times (x 72B)
Class kotlin.reflect.jvm.internal.impl.SpecialJvmAnnotations                          : loaded 2 times (x 73B)
Class kotlin.reflect.jvm.internal.impl.serialization.deserialization.descriptors.DeserializedPropertyDescriptor: loaded 2 times (x 212B)
Class kotlin.reflect.jvm.internal.impl.descriptors.runtime.structure.ReflectJavaType$Factory: loaded 2 times (x 73B)
Class kotlin.reflect.jvm.internal.impl.metadata.ProtoBuf$Modality$1                   : loaded 2 times (x 76B)
Class kotlin.reflect.jvm.internal.impl.protobuf.ByteString                            : loaded 2 times (x 99B)
Class kotlin.reflect.jvm.internal.impl.serialization.deserialization.LocalClassifierTypeSettings: loaded 2 times (x 72B)
Class kotlin.reflect.jvm.internal.impl.load.java.ReportLevel$Companion                : loaded 2 times (x 73B)
Class kotlin.reflect.jvm.internal.impl.load.java.ReportLevel                          : loaded 2 times (x 81B)
Class kotlin.reflect.jvm.internal.impl.load.java.JavaClassFinder                      : loaded 2 times (x 72B)
Class org.jetbrains.kotlin.metadata.ProtoBuf$VersionRequirement$Level                 : loaded 2 times (x 84B)
Class org.jetbrains.kotlin.metadata.ProtoBuf$VersionRequirementOrBuilder              : loaded 2 times (x 72B)
Class org.jetbrains.kotlin.descriptors.Visibilities$Internal                          : loaded 2 times (x 81B)
Class org.jetbrains.kotlin.metadata.jvm.JvmProtoBuf$JvmMethodSignature$1              : loaded 2 times (x 146B)
Class org.jetbrains.kotlin.load.kotlin.FileBasedKotlinClass$3$1                       : loaded 2 times (x 80B)
Class com.google.common.collect.ImmutableMultimap$Values                              : loaded 2 times (x 128B)
Class com.google.common.collect.ImmutableSortedAsList                                 : loaded 2 times (x 223B)
Class org.apache.commons.compress.archivers.zip.X0017_StrongEncryptionHeader          : loaded 2 times (x 97B)
Class org.apache.commons.io.input.ProxyInputStream                                    : loaded 2 times (x 98B)
Class com.google.common.collect.HashBiMap$Inverse                                     : loaded 2 times (x 144B)
Class org.jetbrains.kotlin.gradle.plugin.HasCompilerOptions                           : loaded 2 times (x 72B)
Class org.jetbrains.kotlin.gradle.plugin.mpp.compilationImpl.DefaultKotlinCompilationFriendPathsResolver$FriendArtifactResolver: loaded 2 times (x 72B)
Class org.jetbrains.kotlin.konan.target.KonanTarget$WATCHOS_SIMULATOR_ARM64           : loaded 2 times (x 80B)
Class org.jetbrains.kotlin.gradle.targets.js.ir.KotlinJsIrTarget                      : loaded 2 times (x 249B)
Class org.jetbrains.kotlin.gradle.plugin.mpp.DefaultKotlinUsageContext                : loaded 2 times (x 95B)
Class org.jetbrains.kotlin.gradle.plugin.KotlinPluginLifecycleImpl$start$3            : loaded 2 times (x 81B)
Class org.jetbrains.kotlin.gradle.dsl.KotlinJvmExtension                              : loaded 2 times (x 72B)
Class org.jetbrains.kotlin.gradle.plugin.KotlinMultiplatformPluginWrapper             : loaded 2 times (x 88B)
Class org.jetbrains.kotlin.gradle.dsl.abi.AbiFilterSetSpec_Decorated                  : loaded 2 times (x 135B)
Class [Lorg.jetbrains.kotlin.statistics.metrics.BooleanMetrics;                       : loaded 2 times (x 71B)
Class org.jetbrains.kotlin.gradle.fus.internal.CiUtilKt                               : loaded 2 times (x 73B)
Class org.jetbrains.kotlin.gradle.internal.properties.PropertiesBuildService$Companion: loaded 2 times (x 73B)
Class com.google.common.cache.LocalCache$LocalManualCache$1                           : loaded 2 times (x 77B)
Class org.jetbrains.kotlin.fir.resolve.inference.ConeConstraintSystemUtilContext      : loaded 2 times (x 93B)
Class org.jetbrains.kotlin.fir.types.ConeAttributes$Companion                         : loaded 2 times (x 75B)
Class org.jetbrains.kotlin.cli.jvm.index.JvmDependenciesIndexImpl$ClassSearchRequest  : loaded 2 times (x 74B)
Class com.android.utils.PositionXmlParser$SaxParserPool                               : loaded 2 times (x 81B)
Class org.jetbrains.kotlin.metadata.ProtoBuf$StringTable$1                            : loaded 2 times (x 146B)
Class org.jetbrains.kotlin.config.AnalysisFlag                                        : loaded 2 times (x 74B)
Class org.jetbrains.kotlin.resolve.jvm.modules.JavaModuleResolver                     : loaded 2 times (x 72B)
Class org.jetbrains.kotlin.storage.LockBasedStorageManager$1                          : loaded 2 times (x 110B)
Class org.jetbrains.kotlin.psi.stubs.elements.KtUserTypeElementType                   : loaded 2 times (x 105B)
Class org.jetbrains.kotlin.psi.KtPackageDirective                                     : loaded 2 times (x 592B)
Class org.jetbrains.kotlin.cli.jvm.compiler.DummyJavaFileCodeStyleFacadeFactory       : loaded 2 times (x 76B)
Class org.jetbrains.kotlin.config.AnalysisFlag$Delegates$ListOfStrings                : loaded 2 times (x 73B)
Class org.jetbrains.kotlin.backend.jvm.extensions.ClassGeneratorExtension             : loaded 2 times (x 72B)
Class [Lcom.android.prefs.Global;                                                     : loaded 2 times (x 71B)
Class org.objectweb.asm.tree.ClassNode                                                : loaded 2 times (x 92B)
Class org.jetbrains.kotlin.fir.FirSessionComponent                                    : loaded 2 times (x 72B)
Class org.jetbrains.kotlin.fir.scopes.FirPlatformClassMapper                          : loaded 2 times (x 77B)
Class kotlin.reflect.jvm.internal.impl.metadata.ProtoBuf$PackageFragment$1            : loaded 2 times (x 89B)
Class kotlin.reflect.jvm.internal.impl.protobuf.SmallSortedMap$EntrySet               : loaded 2 times (x 139B)
Class kotlin.reflect.jvm.internal.impl.protobuf.CodedOutputStream                     : loaded 2 times (x 74B)
Class kotlin.reflect.jvm.internal.impl.load.java.structure.JavaPackage                : loaded 2 times (x 72B)
Class kotlin.reflect.jvm.internal.impl.util.ModuleVisibilityHelper$EMPTY              : loaded 2 times (x 76B)
Class kotlin.reflect.jvm.internal.impl.descriptors.impl.ModuleAwareClassDescriptor    : loaded 2 times (x 174B)
Class org.jetbrains.kotlin.metadata.ProtoBuf$Expression                               : loaded 2 times (x 122B)
Class org.jetbrains.kotlin.incremental.classpathDiff.impl.PrefixBasedSnapshotter$getRangeByPredicate$1: loaded 2 times (x 81B)
Class org.jetbrains.kotlin.incremental.storage.CollectionExternalizerV2               : loaded 2 times (x 82B)
Class com.google.common.collect.Multimaps$CustomSetMultimap                           : loaded 2 times (x 180B)
Class com.google.common.collect.ImmutableSortedMap$1EntrySet                          : loaded 2 times (x 157B)
Class org.apache.commons.compress.archivers.zip.ZipArchiveEntry                       : loaded 2 times (x 161B)
Class org.jetbrains.kotlin.gradle.plugin.mpp.compilationImpl.KotlinCompilationConfigurationsContainer: loaded 2 times (x 72B)
Class org.jetbrains.kotlin.gradle.internal.StdlibDependencyManagementKt$addStdlibDependency$1: loaded 2 times (x 77B)
Class [Lorg.jetbrains.kotlin.gradle.plugin.KotlinPluginLifecycle$CoroutineStart;      : loaded 2 times (x 71B)
Class org.jetbrains.kotlin.gradle.dsl.IosSourceSetConventionChecker                   : loaded 2 times (x 76B)
Class org.jetbrains.kotlin.gradle.plugin.diagnostics.KotlinGradleProjectChecker       : loaded 2 times (x 72B)
Class org.jetbrains.kotlin.gradle.plugin.sources.KotlinSourceSetFactory$Companion     : loaded 2 times (x 73B)
Class org.jetbrains.kotlin.gradle.dsl.KotlinMultiplatformSourceSetConventions         : loaded 2 times (x 72B)
Class org.jetbrains.kotlin.statistics.metrics.NumberOverridePolicy$SUM                : loaded 2 times (x 87B)
Class org.gradle.api.internal.classpath.DefaultModuleRegistry                         : loaded 2 times (x 88B)
Class org.jetbrains.kotlin.fir.types.ConeInferenceContext                             : loaded 2 times (x 72B)
Class org.jetbrains.kotlin.fir.declarations.builder.FirDeclarationBuilder             : loaded 2 times (x 72B)
Class org.jetbrains.kotlin.fir.resolve.calls.FirSyntheticNamesProvider                : loaded 2 times (x 76B)
Class org.jetbrains.kotlin.name.JvmStandardClassIds                                   : loaded 2 times (x 73B)
Class org.jetbrains.kotlin.types.AbstractTypeApproximator$Companion                   : loaded 2 times (x 73B)
Class org.jetbrains.kotlin.fir.symbols.impl.FirCallableSymbol                         : loaded 2 times (x 79B)
Class org.jetbrains.kotlin.fir.scopes.impl.FirDeclaredMemberScopeProvider$nestedClassifierCache$1: loaded 2 times (x 77B)
Class org.jetbrains.kotlin.fir.types.impl.FirImplicitBooleanTypeRef                   : loaded 2 times (x 111B)
Class org.jetbrains.kotlin.resolve.calls.inference.components.ConstraintSystemUtilContext: loaded 2 times (x 72B)
Class org.jetbrains.kotlin.metadata.jvm.JvmModuleProtoBuf$Module$1                    : loaded 2 times (x 146B)
Class org.jetbrains.kotlin.load.java.JavaTypeEnhancementState$Companion               : loaded 2 times (x 73B)
Class org.jetbrains.kotlin.cli.jvm.index.JvmDependenciesIndexImpl                     : loaded 2 times (x 79B)
Class org.jetbrains.kotlin.utils.WrappedValues$1                                      : loaded 2 times (x 73B)
Class kotlin.reflect.jvm.internal.impl.builtins.functions.FunctionTypeKind$KFunction  : loaded 2 times (x 74B)
Class org.jetbrains.kotlin.psi.KtFinallySection                                       : loaded 2 times (x 378B)
Class org.jetbrains.kotlin.psi.KtCallElement                                          : loaded 2 times (x 72B)
Class org.jetbrains.kotlin.psi.stubs.KotlinParameterStub                              : loaded 2 times (x 72B)
Class org.jetbrains.kotlin.psi.KtTypeAlias                                            : loaded 2 times (x 1071B)
Class kotlin.collections.AbstractSet                                                  : loaded 2 times (x 137B)
Class org.jetbrains.kotlin.fir.FirModuleDataKt                                        : loaded 2 times (x 73B)
Class org.gradle.api.internal.classpath.EffectiveClassPath                            : loaded 2 times (x 92B)
Class org.jetbrains.kotlin.tooling.core.TypeUtils                                     : loaded 2 times (x 73B)
Class org.jetbrains.kotlin.gradle.report.ConfigureReporingKt                          : loaded 2 times (x 73B)
Class org.jetbrains.kotlin.gradle.report.ReportingSettings$Companion                  : loaded 2 times (x 73B)
Class org.jetbrains.kotlin.gradle.dsl.KotlinTargetContainerWithJsPresetFunctions      : loaded 2 times (x 72B)
Class kotlin.reflect.jvm.internal.impl.load.java.lazy.descriptors.DeclaredMemberIndex : loaded 2 times (x 72B)
Class kotlin.reflect.jvm.internal.impl.name.CallableId$Companion                      : loaded 2 times (x 73B)
Class kotlin.reflect.jvm.internal.impl.resolve.scopes.DescriptorKindFilter$Companion$MaskToName: loaded 2 times (x 74B)
Class kotlin.reflect.jvm.internal.impl.metadata.ProtoBuf$Type$Argument$1              : loaded 2 times (x 89B)
Class kotlin.reflect.jvm.internal.impl.descriptors.impl.AbstractClassDescriptor$1     : loaded 2 times (x 79B)
Class kotlin.reflect.jvm.internal.impl.types.LazyWrappedType                          : loaded 2 times (x 86B)
Class kotlin.reflect.jvm.internal.impl.load.java.lazy.types.JavaTypeFlexibility       : loaded 2 times (x 81B)
Class kotlin.reflect.jvm.internal.impl.storage.MemoizedFunctionToNotNull              : loaded 2 times (x 72B)
Class kotlin.reflect.jvm.internal.impl.descriptors.runtime.components.RuntimeModuleData$Companion: loaded 2 times (x 73B)
Class org.jetbrains.kotlin.metadata.deserialization.Flags$BooleanFlagField            : loaded 2 times (x 78B)
Class kotlin.collections.IndexedValue                                                 : loaded 2 times (x 74B)
Class org.jetbrains.kotlin.metadata.jvm.deserialization.JvmProtoBufUtil               : loaded 2 times (x 73B)
Class org.jetbrains.org.objectweb.asm.AnnotationWriter                                : loaded 2 times (x 80B)
Class org.jetbrains.kotlin.load.kotlin.KotlinJvmBinaryClass$AnnotationVisitor         : loaded 2 times (x 72B)
Class org.jetbrains.kotlin.gradle.plugin.internal.state.TaskExecutionResults          : loaded 2 times (x 73B)
Class kotlinx.coroutines.EventLoop                                                    : loaded 2 times (x 107B)
Class org.jetbrains.kotlin.compilerRunner.KotlinCompilerArgumentsLogLevel             : loaded 2 times (x 81B)
Class org.jetbrains.kotlin.gradle.plugin.mpp.compilationImpl.factory.CompositePostConfigure: loaded 2 times (x 77B)
Class org.jetbrains.kotlin.gradle.plugin.diagnostics.KotlinToolingDiagnosticsSetupActionKt$KotlinToolingDiagnosticsSetupAction$1$reporterProvider$1: loaded 2 times (x 76B)
Class org.jetbrains.kotlin.gradle.targets.native.internal.CInteropConfigurationsKt    : loaded 2 times (x 73B)
Class org.jetbrains.kotlin.statistics.metrics.StatisticsValuesConsumer                : loaded 2 times (x 72B)
Class org.jetbrains.kotlin.gradle.plugin.AndroidGradlePluginVersion$Companion         : loaded 2 times (x 73B)
Class com.google.common.util.concurrent.ListenableFuture                              : loaded 2 times (x 72B)
Class com.google.common.cache.ReferenceEntry                                          : loaded 2 times (x 72B)
Class org.jetbrains.kotlin.build.report.metrics.GradleBuildTime$Companion             : loaded 2 times (x 73B)
Class org.jetbrains.kotlin.fir.resolve.FirTypeResolver                                : loaded 2 times (x 74B)
Class org.jetbrains.kotlin.gradle.plugin.KotlinProjectSetupActionKt                   : loaded 2 times (x 73B)
Class org.jetbrains.kotlin.gradle.plugin.mpp.compilationImpl.KotlinCreateNativeCompileTasksSideEffectKt: loaded 2 times (x 73B)
Class org.jetbrains.kotlin.fir.java.deserialization.FirJvmDeserializationExtension$Companion: loaded 2 times (x 73B)
Class org.jetbrains.kotlin.name.JvmStandardClassIdsKt                                 : loaded 2 times (x 73B)
Class org.jetbrains.kotlin.fir.java.JvmSupertypeUpdater$DelegatedConstructorCallTransformer: loaded 2 times (x 392B)
Class org.jetbrains.kotlin.fir.extensions.FirFunctionTypeKindExtensionKt              : loaded 2 times (x 73B)
Class org.jetbrains.kotlin.fir.symbols.impl.FirNamedFunctionSymbol                    : loaded 2 times (x 83B)
Class org.jetbrains.kotlin.fir.symbols.impl.FirClassifierSymbol                       : loaded 2 times (x 81B)
Class org.jetbrains.kotlin.fir.types.impl.FirImplicitNullableAnyTypeRef               : loaded 2 times (x 111B)
Class org.jetbrains.kotlin.util.PhaseSideType                                         : loaded 2 times (x 81B)
Class [Lcom.android.resources.ResourceFolderType;                                     : loaded 2 times (x 71B)
Class org.jetbrains.kotlin.serialization.deserialization.builtins.BuiltInSerializerProtocol: loaded 2 times (x 74B)
Class org.jetbrains.kotlin.kdoc.lexer.KDocTokens                                      : loaded 2 times (x 72B)
Class org.jetbrains.kotlin.psi.KtContractEffect                                       : loaded 2 times (x 443B)
Class org.jetbrains.kotlin.gradle.plugin.mpp.KotlinTargetComponentWithPublication     : loaded 2 times (x 72B)
Class com.android.tools.lint.model.LintModelSerialization                             : loaded 2 times (x 77B)
Class [Lorg.jetbrains.kotlin.gradle.plugin.KotlinCompilation;                         : loaded 2 times (x 71B)
Class jdk.internal.jimage.BasicImageReader$2                                          : loaded 2 times (x 79B)
Class kotlin.reflect.jvm.internal.impl.descriptors.TypeAliasDescriptor                : loaded 2 times (x 72B)
Class [Lkotlin.reflect.jvm.internal.impl.metadata.ProtoBuf$VersionRequirement$VersionKind;: loaded 2 times (x 71B)
Class kotlin.reflect.jvm.internal.impl.protobuf.Internal$EnumLite                     : loaded 2 times (x 72B)
Class kotlin.reflect.jvm.internal.impl.descriptors.Visibilities$Public                : loaded 2 times (x 77B)
Class kotlin.reflect.jvm.internal.impl.descriptors.SimpleFunctionDescriptor           : loaded 2 times (x 72B)
Class kotlin.reflect.jvm.internal.impl.descriptors.ReceiverParameterDescriptor        : loaded 2 times (x 72B)
Class kotlin.reflect.jvm.internal.impl.descriptors.impl.AbstractClassDescriptor$2     : loaded 2 times (x 79B)
Class kotlin.reflect.jvm.internal.impl.descriptors.SourceElement                      : loaded 2 times (x 72B)
Class org.jetbrains.kotlin.com.intellij.openapi.diagnostic.Logger$DefaultFactory      : loaded 2 times (x 76B)
Class org.jetbrains.kotlin.gradle.plugin.KotlinPluginLifecycleKt$await$1              : loaded 2 times (x 89B)
Class org.apache.http.HeaderElement                                                   : loaded 2 times (x 72B)
Class org.jetbrains.kotlin.gradle.plugin.DefaultKotlinBasePlugin$addKotlinCompilerConfiguration$2$1$1$1: loaded 2 times (x 77B)
Class org.jetbrains.kotlin.gradle.tasks.KotlinCompilerExecutionStrategy$Companion     : loaded 2 times (x 73B)
Class org.jetbrains.kotlin.gradle.plugin.CompilerPluginConfig                         : loaded 2 times (x 74B)
Class org.jetbrains.kotlin.gradle.plugin.diagnostics.KotlinToolingDiagnosticsSetupActionKt$KotlinToolingDiagnosticsSetupAction$1$reporterProvider$2: loaded 2 times (x 77B)
Class [Lorg.jetbrains.kotlin.tooling.core.HasMutableExtras;                           : loaded 2 times (x 71B)
Class org.jetbrains.kotlin.gradle.plugin.diagnostics.checkers.GradleDeprecatedPropertyChecker: loaded 2 times (x 76B)
Class org.jetbrains.kotlin.gradle.artifacts.KotlinJsKlibArtifactKt$KotlinJsKlibArtifact$1: loaded 2 times (x 76B)
Class org.jetbrains.kotlin.gradle.targets.CreateTargetConfigurationsSideEffectKt      : loaded 2 times (x 73B)
Class org.jetbrains.kotlin.gradle.plugin.mpp.ApplyUserDefinedAttributesKt$UserDefinedAttributesSetupAction$1: loaded 2 times (x 97B)
Class org.jetbrains.kotlin.gradle.plugin.mpp.KotlinAndroidTarget                      : loaded 2 times (x 158B)
Class org.jetbrains.kotlin.gradle.plugin.DefaultKotlinBasePlugin$addKotlinCompilerConfiguration$1: loaded 2 times (x 77B)
Class org.jetbrains.kotlin.gradle.plugin.statistics.NonSynchronizedMetricsContainer   : loaded 2 times (x 84B)
Class org.jetbrains.kotlin.gradle.plugin.internal.DefaultCompatibilityConventionRegistrar: loaded 2 times (x 76B)
Class org.jetbrains.kotlin.gradle.plugin.PropertiesProvider                           : loaded 2 times (x 75B)
Class com.google.common.collect.AbstractMapBasedMultimap                              : loaded 2 times (x 140B)
Class com.google.common.util.concurrent.AbstractFuture                                : loaded 2 times (x 108B)
Class com.google.gson.Strictness                                                      : loaded 2 times (x 81B)
Class com.google.common.collect.Iterators$9                                           : loaded 2 times (x 83B)
Class org.jetbrains.kotlin.gradle.plugin.mpp.compilationImpl.KotlinCompilationLanguageSettingsConfigurator: loaded 2 times (x 76B)
Class org.jetbrains.kotlin.fir.serialization.FirProvidedDeclarationsForMetadataService: loaded 2 times (x 77B)
Class org.jetbrains.kotlin.fir.extensions.FirExtension                                : loaded 2 times (x 77B)
Class org.jetbrains.kotlin.fir.types.TypeConstructionUtilsKt                          : loaded 2 times (x 73B)
Class org.jetbrains.kotlin.config.ExplicitApiMode                                     : loaded 2 times (x 81B)
Class kotlin.coroutines.jvm.internal.RestrictedContinuationImpl                       : loaded 2 times (x 89B)
Class org.jetbrains.kotlin.psi.KtNameReferenceExpression                              : loaded 2 times (x 632B)
Class kotlin.coroutines.CoroutineContext$Key                                          : loaded 2 times (x 72B)
Class org.jetbrains.kotlin.cli.jvm.compiler.KotlinCoreApplicationEnvironment$Companion: loaded 2 times (x 73B)
Class org.jetbrains.kotlin.build.report.metrics.BuildPerformanceMetrics               : loaded 2 times (x 74B)
Class kotlin.reflect.jvm.internal.impl.metadata.ProtoBuf$QualifiedNameTable$QualifiedNameOrBuilder: loaded 2 times (x 72B)
Class kotlin.reflect.jvm.internal.impl.builtins.BuiltInsPackageFragment               : loaded 2 times (x 72B)
Class kotlin.reflect.jvm.internal.impl.serialization.deserialization.descriptors.DeserializedContainerSource: loaded 2 times (x 72B)
Class kotlin.reflect.jvm.internal.impl.metadata.ProtoBuf$Package                      : loaded 2 times (x 103B)
Class kotlin.reflect.jvm.internal.impl.metadata.ProtoBuf$Constructor                  : loaded 2 times (x 103B)
Class kotlin.reflect.jvm.internal.impl.descriptors.impl.AbstractClassDescriptor$3     : loaded 2 times (x 79B)
Class kotlin.reflect.jvm.internal.impl.types.model.TypeConstructorMarker              : loaded 2 times (x 72B)
Class kotlin.reflect.jvm.internal.impl.load.java.ErasedOverridabilityCondition        : loaded 2 times (x 77B)
Class com.google.common.collect.ImmutableMultiset                                     : loaded 2 times (x 165B)
Class org.apache.commons.compress.archivers.zip.UnixStat                              : loaded 2 times (x 72B)
Class com.google.common.io.CharStreams                                                : loaded 2 times (x 73B)
Class [Lorg.jetbrains.kotlin.gradle.dsl.jvm.JvmTargetValidationMode;                  : loaded 2 times (x 71B)
Class org.jetbrains.kotlin.gradle.tasks.DefaultKotlinJavaToolchain$javaVersion$1      : loaded 2 times (x 76B)
Class org.jetbrains.kotlin.gradle.plugin.mpp.MppSourcesJarKt$sourcesJarTask$1         : loaded 2 times (x 97B)
Class org.jetbrains.kotlin.gradle.plugin.mpp.compilationImpl.factory.KotlinCompilationImplFactory$KotlinCompilationOutputFactory: loaded 2 times (x 72B)
Class org.jetbrains.kotlin.gradle.plugin.KotlinCompilationToRunnableFiles             : loaded 2 times (x 72B)
Class org.jetbrains.kotlin.gradle.tooling.BuildKotlinToolingMetadataTaskKt            : loaded 2 times (x 73B)
Class org.jetbrains.kotlin.gradle.plugin.ProjectLocalConfigurations$setupAttributesMatchingStrategy$1$1: loaded 2 times (x 76B)
Class org.jetbrains.kotlin.konan.target.TargetSupportException                        : loaded 2 times (x 84B)
Class org.jetbrains.kotlin.gradle.internal.IsInIdeaEnvironmentValueSource             : loaded 2 times (x 82B)
Class org.jetbrains.kotlin.gradle.targets.native.toolchain.KotlinNativeBundleBuildService$Companion$registerIfAbsent$2$1$1: loaded 2 times (x 77B)
Class org.jetbrains.kotlin.statistics.BuildSessionLogger$Companion                    : loaded 2 times (x 73B)
Class org.jetbrains.kotlin.gradle.plugin.diagnostics.ProblemsReporter$Factory         : loaded 2 times (x 72B)
Class org.objectweb.asm.RecordComponentVisitor                                        : loaded 2 times (x 79B)
Class com.google.common.cache.CacheLoader$SupplierToCacheLoader                       : loaded 2 times (x 77B)
Class org.jetbrains.kotlin.load.java.ReportLevel$Companion                            : loaded 2 times (x 73B)
Class org.jetbrains.kotlin.types.model.TypeSystemContext                              : loaded 2 times (x 72B)
Class org.jetbrains.kotlin.fir.types.impl.FirImplicitUByteTypeRef                     : loaded 2 times (x 111B)
Class org.jetbrains.kotlin.fir.symbols.impl.ConeClassLikeLookupTagImpl                : loaded 2 times (x 78B)
Class org.jetbrains.kotlin.fir.types.FirResolvedTypeRef                               : loaded 2 times (x 109B)
Class org.jetbrains.kotlin.codegen.extensions.ClassBuilderInterceptorExtension$Companion: loaded 2 times (x 74B)
Class org.jetbrains.kotlin.metadata.ProtoBuf$QualifiedNameTable$QualifiedName$Kind    : loaded 2 times (x 84B)
Class com.google.common.collect.Ordering                                              : loaded 2 times (x 116B)
Class org.apache.commons.compress.archivers.zip.ZipUtil                               : loaded 2 times (x 73B)
Class org.jetbrains.kotlin.config.AnalysisFlag$Delegates$ReturnValueCheckerDisabledByDefault: loaded 2 times (x 73B)
Class org.jetbrains.kotlin.com.intellij.util.io.IOUtil                                : loaded 2 times (x 73B)
Class org.jetbrains.org.objectweb.asm.tree.FrameNode                                  : loaded 2 times (x 80B)
Class org.jetbrains.kotlin.metadata.jvm.JvmProtoBuf$StringTableTypesOrBuilder         : loaded 2 times (x 72B)
Class org.jetbrains.kotlin.psi.KtConstructorDelegationReferenceExpression             : loaded 2 times (x 500B)
Class org.jetbrains.kotlin.psi.stubs.KotlinNameReferenceExpressionStub                : loaded 2 times (x 72B)
Class org.jetbrains.kotlin.psi.KtModifierList                                         : loaded 2 times (x 514B)
Class org.jetbrains.kotlin.metadata.deserialization.Flags$EnumLiteFlagField           : loaded 2 times (x 78B)
Class org.jetbrains.kotlin.inline.InlinePropertyAccessor                              : loaded 2 times (x 77B)
Class kotlin.reflect.jvm.internal.impl.load.kotlin.JavaFlexibleTypeDeserializer       : loaded 2 times (x 76B)
Class [Lkotlin.reflect.jvm.internal.impl.protobuf.WireFormat$FieldType;               : loaded 2 times (x 71B)
Class kotlin.reflect.jvm.internal.impl.metadata.ProtoBuf$Function$1                   : loaded 2 times (x 89B)
Class kotlin.reflect.jvm.internal.impl.metadata.ProtoBuf$EnumEntry                    : loaded 2 times (x 103B)
Class kotlin.reflect.jvm.internal.impl.load.java.structure.JavaElement                : loaded 2 times (x 72B)
Class kotlin.reflect.jvm.internal.impl.load.kotlin.header.ReadKotlinClassHeaderAnnotationVisitor$KotlinMetadataArgumentVisitor$1: loaded 2 times (x 87B)
Class [Lkotlin.reflect.jvm.internal.impl.types.model.TypeParameterMarker;             : loaded 2 times (x 71B)
Class kotlin.io.FileTreeWalk$FileTreeWalkIterator                                     : loaded 2 times (x 85B)
Class [Lorg.jetbrains.kotlin.cli.common.ExitCode;                                     : loaded 2 times (x 71B)
Class kotlin.reflect.jvm.internal.impl.descriptors.java.JavaVisibilities$ProtectedAndPackage: loaded 2 times (x 77B)
Class kotlin.reflect.jvm.internal.impl.descriptors.impl.FieldDescriptorImpl           : loaded 2 times (x 80B)
Class jdk.internal.jrtfs.ExplodedImage                                                : loaded 2 times (x 79B)
Class kotlin.reflect.jvm.internal.impl.load.java.FakePureImplementationsProvider      : loaded 2 times (x 73B)
Class kotlin.reflect.jvm.internal.impl.builtins.jvm.JvmBuiltInsSignatures             : loaded 2 times (x 73B)
Class [Lkotlin.reflect.jvm.internal.impl.metadata.ProtoBuf$Modality;                  : loaded 2 times (x 71B)
Class kotlin.reflect.jvm.internal.impl.metadata.deserialization.Flags$BooleanFlagField: loaded 2 times (x 77B)
Class kotlin.reflect.jvm.internal.impl.metadata.ProtoBuf$Annotation$Argument$Value    : loaded 2 times (x 98B)
Class kotlin.reflect.jvm.internal.impl.protobuf.LazyFieldLite                         : loaded 2 times (x 78B)
Class kotlin.reflect.jvm.internal.impl.descriptors.PropertyGetterDescriptor           : loaded 2 times (x 72B)
Class kotlin.reflect.jvm.internal.impl.descriptors.impl.PackageFragmentDescriptorImpl : loaded 2 times (x 107B)
Class kotlin.reflect.jvm.internal.impl.builtins.jvm.JvmBuiltInsCustomizer             : loaded 2 times (x 83B)
Class org.jetbrains.kotlin.metadata.ProtoBuf$VersionRequirement$VersionKind$1         : loaded 2 times (x 76B)
Class org.jetbrains.kotlin.incremental.storage.ListExternalizer                       : loaded 2 times (x 82B)
Class build_bcc7x5a5z49o38ytag3dy7atk$_run_closure1                                   : loaded 2 times (x 140B)
Class org.jetbrains.kotlin.buildtools.api.CompilerArgumentsParseException             : loaded 2 times (x 84B)
Class org.apache.commons.compress.compressors.deflate64.Deflate64CompressorInputStream: loaded 2 times (x 106B)
Class com.google.common.collect.UsingToStringOrdering                                 : loaded 2 times (x 116B)
Class org.jetbrains.kotlin.gradle.plugin.mpp.KotlinCompilationsKt$sam$java_util_concurrent_Callable$0: loaded 2 times (x 77B)
Class org.jetbrains.kotlin.gradle.tasks.KotlinCompilerPluginData                      : loaded 2 times (x 74B)
Class org.jetbrains.kotlin.gradle.targets.js.npm.SemverKt                             : loaded 2 times (x 73B)
Class org.jetbrains.kotlin.gradle.internal.StdlibDependencyManagementKt$isStdlibAddedByUser$1: loaded 2 times (x 81B)
Class org.jetbrains.kotlin.gradle.plugin.mpp.MppSourcesJarKt                          : loaded 2 times (x 73B)
Class org.jetbrains.kotlin.compilerRunner.CompilerSystemPropertiesService$Companion$registerIfAbsent$2$1$1: loaded 2 times (x 77B)
Class org.jetbrains.kotlin.gradle.plugin.KotlinCompilationInfo                        : loaded 2 times (x 90B)
Class org.jetbrains.kotlin.tooling.core.ExtrasPropertyKt                              : loaded 2 times (x 73B)
Class org.jetbrains.kotlin.gradle.tasks.BaseKotlinCompile                             : loaded 2 times (x 72B)
Class org.jetbrains.kotlin.gradle.plugin.internal.UsesBuildIdProviderService          : loaded 2 times (x 72B)
Class org.jetbrains.kotlin.gradle.plugin.mpp.compilationImpl.KotlinCompilationSourceSetInclusion$include$1: loaded 2 times (x 81B)
Class org.jetbrains.kotlin.gradle.plugin.mpp.compilationImpl.factory.KotlinCompilationImplFactory$KotlinCompilationDependencyConfigurationsFactory: loaded 2 times (x 72B)
Class org.jetbrains.kotlin.gradle.plugin.KotlinPluginLifecycleCoroutineContextElement$Key: loaded 2 times (x 73B)
Class org.jetbrains.kotlin.gradle.plugin.diagnostics.KotlinToolingDiagnosticsSetupActionKt$KotlinToolingDiagnosticsSetupAction$1: loaded 2 times (x 76B)
Class org.jetbrains.kotlin.gradle.tasks.abi.KotlinLegacyAbiCheckTask                  : loaded 2 times (x 72B)
Class org.jetbrains.kotlin.gradle.dsl.KotlinProjectExtensionKt                        : loaded 2 times (x 73B)
Class org.jetbrains.kotlin.gradle.internal.ClassLoadersCachingBuildService$Companion$registerIfAbsent$1: loaded 2 times (x 77B)
Class org.jetbrains.kotlin.gradle.plugin.UsesKotlinGradleBuildServices                : loaded 2 times (x 72B)
Class org.jetbrains.kotlin.gradle.plugin.KotlinGradleBuildServices$Parameters_Decorated: loaded 2 times (x 132B)
Class org.jetbrains.kotlin.gradle.plugin.DefaultKotlinBasePlugin$addKotlinCompilerConfiguration$3: loaded 2 times (x 81B)
Class [Lorg.jetbrains.kotlin.statistics.metrics.IMetricContainerFactory;              : loaded 2 times (x 71B)
Class org.jetbrains.kotlin.gradle.internal.IdeaKt                                     : loaded 2 times (x 73B)
Class org.gradle.internal.service.ServiceLookupException                              : loaded 2 times (x 84B)
Class org.jetbrains.kotlin.mpp.RegularClassSymbolMarker                               : loaded 2 times (x 72B)
Class org.jetbrains.kotlin.fir.analysis.jvm.checkers.FirJvmInlineCheckerComponent     : loaded 2 times (x 76B)
Class org.jetbrains.kotlin.fir.visitors.FirVisitor                                    : loaded 2 times (x 232B)
Class [Lorg.jetbrains.kotlin.builtins.functions.FunctionTypeKind;                     : loaded 2 times (x 71B)
Class kotlin.sequences.SequencesKt___SequencesKt$flatMap$2                            : loaded 2 times (x 127B)
Class org.jetbrains.kotlin.parsing.AllCommentsBinder                                  : loaded 2 times (x 78B)
Class [Lcom.android.ide.common.repository.AgpVersion$PreviewKind;                     : loaded 2 times (x 71B)
Class org.jetbrains.kotlin.utils.PathUtil                                             : loaded 2 times (x 73B)
Class org.jetbrains.kotlin.psi.stubs.KotlinContractEffectStub                         : loaded 2 times (x 72B)
Class org.jetbrains.kotlin.psi.KtClassBody                                            : loaded 2 times (x 446B)
Class [Lorg.jetbrains.kotlin.psi.KtAnonymousInitializer;                              : loaded 2 times (x 71B)
Class org.jetbrains.kotlin.psi.KtScriptInitializer                                    : loaded 2 times (x 784B)
Class [Lorg.jetbrains.kotlin.psi.KtUserType;                                          : loaded 2 times (x 71B)
Class org.objectweb.asm.tree.AbstractInsnNode                                         : loaded 2 times (x 80B)
Class com.android.tools.lint.model.LintModelBuildFeatures                             : loaded 2 times (x 72B)
Class [Lorg.jetbrains.kotlin.psi.ValueArgument;                                       : loaded 2 times (x 71B)
Class kotlin.reflect.jvm.internal.impl.load.java.UtilsKt                              : loaded 2 times (x 73B)
Class kotlin.reflect.jvm.internal.impl.resolve.OverridingUtil$OverrideCompatibilityInfo$Result: loaded 2 times (x 81B)
Class kotlin.reflect.jvm.internal.impl.descriptors.impl.LazyPackageViewDescriptorImpl : loaded 2 times (x 104B)
Class kotlin.reflect.jvm.internal.impl.metadata.ProtoBuf$TypeTable                    : loaded 2 times (x 98B)
Class kotlin.reflect.jvm.internal.impl.protobuf.MessageLiteOrBuilder                  : loaded 2 times (x 72B)
Class kotlin.reflect.jvm.internal.impl.serialization.deserialization.AnnotationAndConstantLoader: loaded 2 times (x 72B)
Class kotlin.reflect.jvm.internal.impl.load.java.components.JavaPropertyInitializerEvaluator$DoNothing: loaded 2 times (x 76B)
Class [Lkotlin.reflect.jvm.internal.impl.load.java.ReportLevel;                       : loaded 2 times (x 71B)
Class kotlin.reflect.jvm.internal.impl.storage.LockBasedStorageManager$MapBasedMemoizedFunction: loaded 2 times (x 84B)
Class kotlin.reflect.jvm.internal.impl.storage.NotNullLazyValue                       : loaded 2 times (x 72B)
Class org.jetbrains.kotlin.metadata.ProtoBuf$Expression$ConstantValue                 : loaded 2 times (x 84B)
Class org.jetbrains.kotlin.incremental.classpathDiff.InaccessibleClassSnapshot        : loaded 2 times (x 73B)
Class org.jetbrains.kotlin.com.intellij.openapi.diagnostic.LogLevel                   : loaded 2 times (x 81B)
Class com.google.common.io.Resources$UrlByteSource                                    : loaded 2 times (x 87B)
Class org.apache.commons.io.build.AbstractSupplier                                    : loaded 2 times (x 80B)
Class org.jetbrains.kotlin.gradle.tasks.GradleCompileTaskProvider_Decorated           : loaded 2 times (x 119B)
Class org.jetbrains.kotlin.gradle.internal.StdlibDependencyManagementKt$isStdlibAddedByUser$2: loaded 2 times (x 80B)
Class org.jetbrains.kotlin.gradle.plugin.hierarchy.KotlinSourceSetTreeClassifierKt$sourceSetTreeClassifier$2: loaded 2 times (x 80B)
Class com.google.common.collect.ImmutableSortedSet                                    : loaded 2 times (x 302B)
Class com.google.common.collect.Lists$ReverseList                                     : loaded 2 times (x 202B)
Class org.jetbrains.kotlin.gradle.targets.js.npm.NpmDirectoryDependencyExtension      : loaded 2 times (x 72B)
Class org.jetbrains.kotlin.gradle.plugin.mpp.KotlinUsageContext$MavenScope            : loaded 2 times (x 81B)
Class org.jetbrains.kotlin.gradle.plugin.KotlinProjectSetupAction$Companion           : loaded 2 times (x 73B)
Class org.jetbrains.kotlin.konan.target.HostManager                                   : loaded 2 times (x 74B)
Class org.jetbrains.kotlin.gradle.internal.IsInIdeaEnvironmentValueSource$Inject_     : loaded 2 times (x 102B)
Class [Lcom.google.common.cache.LocalCache$EntryFactory;                              : loaded 2 times (x 71B)
Class org.gradle.internal.classloader.ClassLoaderFactory                              : loaded 2 times (x 72B)
Class org.jetbrains.kotlin.fir.scopes.FirScopeProvider                                : loaded 2 times (x 78B)
Class org.jetbrains.kotlin.fir.scopes.impl.TypeAliasConstructorsSubstitutingScope     : loaded 2 times (x 81B)
Class org.jetbrains.kotlin.fir.types.TypeComponents                                   : loaded 2 times (x 74B)
Class org.jetbrains.kotlin.util.EmptyArrayMap                                         : loaded 2 times (x 85B)
Class org.jetbrains.kotlin.asJava.finder.JavaElementFinder$Companion                  : loaded 2 times (x 73B)
Class org.jetbrains.kotlin.config.AnalysisFlag$Delegates$Boolean                      : loaded 2 times (x 73B)
Class org.jetbrains.kotlin.cli.jvm.compiler.KotlinCoreProjectEnvironment              : loaded 2 times (x 91B)
Class org.jetbrains.kotlin.cli.jvm.compiler.MockInferredAnnotationsManager$Companion  : loaded 2 times (x 73B)
Class org.jetbrains.kotlin.psi.KtWhenConditionWithExpression                          : loaded 2 times (x 378B)
Class org.jetbrains.kotlin.utils.exceptions.KotlinIllegalArgumentExceptionWithAttachments: loaded 2 times (x 94B)
Class org.jetbrains.kotlin.psi.ValueArgument                                          : loaded 2 times (x 72B)
Class [Lorg.jetbrains.kotlin.psi.KtEnumEntrySuperclassReferenceExpression;            : loaded 2 times (x 71B)
Class org.jetbrains.kotlin.psi.KtDotQualifiedExpression                               : loaded 2 times (x 573B)
Class org.jetbrains.kotlin.psi.KtReferenceExpression                                  : loaded 2 times (x 72B)
Class org.jetbrains.kotlin.psi.KtImportList                                           : loaded 2 times (x 444B)
Class [Lorg.jetbrains.kotlin.psi.KtParameterList;                                     : loaded 2 times (x 71B)
Class org.jetbrains.kotlin.psi.stubs.KotlinFunctionStub                               : loaded 2 times (x 72B)
Class org.jetbrains.kotlin.psi.impl.KotlinElementTypeProviderImpl                     : loaded 2 times (x 152B)
Class org.jetbrains.kotlin.cli.jvm.modules.CoreJrtVirtualFile                         : loaded 2 times (x 158B)
Class org.jetbrains.kotlin.cli.jvm.modules.CoreJrtFileSystem$Companion                : loaded 2 times (x 73B)
Class org.jetbrains.kotlin.platform.jvm.JdkPlatform                                   : loaded 2 times (x 77B)
Class org.jetbrains.kotlin.load.java.structure.impl.classFiles.BinaryClassSignatureParser$ClsFormatException: loaded 2 times (x 84B)
Class org.jetbrains.kotlin.cli.jvm.modules.CliJavaModuleResolver                      : loaded 2 times (x 80B)
Class kotlin.reflect.jvm.internal.impl.resolve.VisibilityUtilKt                       : loaded 2 times (x 73B)
Class org.jetbrains.kotlin.cli.common.arguments.ArgumentParseErrors                   : loaded 2 times (x 74B)
Class kotlin.reflect.jvm.internal.impl.descriptors.impl.PropertyAccessorDescriptorImpl: loaded 2 times (x 188B)
Class kotlin.reflect.jvm.internal.impl.descriptors.impl.TypeAliasConstructorDescriptor: loaded 2 times (x 72B)
Class [Lkotlin.reflect.jvm.internal.impl.descriptors.Named;                           : loaded 2 times (x 71B)
Class kotlin.reflect.jvm.internal.impl.metadata.ProtoBuf$TypeTable$1                  : loaded 2 times (x 89B)
Class kotlin.reflect.jvm.internal.impl.protobuf.WireFormat$FieldType                  : loaded 2 times (x 84B)
Class kotlin.reflect.jvm.internal.impl.descriptors.FunctionDescriptor$CopyBuilder     : loaded 2 times (x 72B)
Class kotlin.reflect.jvm.internal.impl.renderer.ClassifierNamePolicy$SOURCE_CODE_QUALIFIED: loaded 2 times (x 76B)
Class org.jetbrains.org.objectweb.asm.tree.ParameterNode                              : loaded 2 times (x 75B)
Class org.jetbrains.kotlin.incremental.classpathDiff.impl.PrefixBasedSnapshotter      : loaded 2 times (x 74B)
Class org.jetbrains.kotlin.incremental.classpathDiff.impl.ClassListSnapshotterWithInlinedClassSupport$ClassDescriptorForProcessing: loaded 2 times (x 74B)
Class org.jetbrains.kotlin.resolve.JvmCompilerDeserializationConfiguration$1          : loaded 2 times (x 127B)
Class org.apache.commons.io.CloseableURLConnection                                    : loaded 2 times (x 118B)
Class org.jetbrains.kotlin.gradle.tasks.DefaultKotlinJavaToolchain$currentJvmJdkToolsJar$1: loaded 2 times (x 76B)
Class org.jetbrains.kotlin.gradle.plugin.diagnostics.ProblemsReporterKt               : loaded 2 times (x 73B)
Class org.jetbrains.kotlin.gradle.plugin.SubpluginEnvironment                         : loaded 2 times (x 74B)
Class org.jetbrains.kotlin.gradle.internal.StdlibDependencyManagementKt$addStdlibDependency$1$1$1: loaded 2 times (x 77B)
Class org.jetbrains.kotlin.gradle.plugin.sources.AbstractKotlinSourceSet              : loaded 2 times (x 141B)
Class org.jetbrains.kotlin.gradle.tooling.BuildKotlinToolingMetadataTaskKt$RegisterBuildKotlinToolingMetadataTask$1: loaded 2 times (x 76B)
Class org.jetbrains.kotlin.compilerRunner.GradleCliCommonizerKt$maybeCreateCommonizerClasspathConfiguration$1$1: loaded 2 times (x 77B)
Class org.jetbrains.kotlin.gradle.internal.diagnostics.AgpCompatibilityCheck          : loaded 2 times (x 73B)
Class com.google.common.cache.LocalCache$LocalManualCache                             : loaded 2 times (x 101B)
Class org.gradle.internal.service.CachingServiceLocator                               : loaded 2 times (x 84B)
Class org.jetbrains.kotlin.asJava.finder.JavaElementFinder                            : loaded 2 times (x 92B)
Class it.unimi.dsi.fastutil.ints.IntListIterator                                      : loaded 2 times (x 72B)
Class org.jetbrains.kotlin.parsing.SemanticWhitespaceAwarePsiBuilder                  : loaded 2 times (x 72B)
Class org.jetbrains.kotlin.resolve.calls.inference.components.PostponedArgumentInputTypesResolver: loaded 2 times (x 74B)
Class org.jetbrains.kotlin.load.kotlin.KotlinBinaryClassCache                         : loaded 2 times (x 77B)
Class [Lorg.jetbrains.kotlin.psi.KtEscapeStringTemplateEntry;                         : loaded 2 times (x 71B)
Class org.jetbrains.kotlin.psi.KtBlockCodeFragmentType                                : loaded 2 times (x 86B)
Class org.jetbrains.kotlin.psi.stubs.KotlinTypeParameterStub                          : loaded 2 times (x 72B)
Class org.jetbrains.kotlin.psi.stubs.KotlinPropertyStub                               : loaded 2 times (x 72B)
Class it.unimi.dsi.fastutil.objects.AbstractObjectCollection                          : loaded 2 times (x 145B)
Class org.jetbrains.kotlin.fir.analysis.checkers.FirPrimaryConstructorSuperTypeCheckerPlatformComponent: loaded 2 times (x 74B)
Class org.jetbrains.kotlin.fir.scopes.impl.FirJvmEnumEntriesSupport                   : loaded 2 times (x 75B)
Class kotlin.collections.AbstractList$SubList                                         : loaded 2 times (x 200B)
Class org.jetbrains.kotlin.fir.declarations.DeprecationsProvider                      : loaded 2 times (x 74B)
Class kotlin.reflect.jvm.internal.impl.serialization.deserialization.descriptors.DeserializedMemberScope$OptimizedImplementation$computeDescriptors$1$1: loaded 2 times (x 81B)
Class kotlin.reflect.jvm.internal.impl.load.kotlin.KotlinJvmBinaryClass               : loaded 2 times (x 72B)
Class kotlin.reflect.jvm.internal.impl.descriptors.impl.CompositePackageFragmentProvider: loaded 2 times (x 82B)
Class kotlin.reflect.jvm.internal.impl.metadata.ProtoBuf$Contract                     : loaded 2 times (x 98B)
Class kotlin.reflect.jvm.internal.impl.descriptors.impl.PropertyDescriptorImpl        : loaded 2 times (x 200B)
Class kotlin.reflect.jvm.internal.impl.descriptors.Visibilities$Unknown               : loaded 2 times (x 77B)
Class kotlin.reflect.jvm.internal.impl.serialization.deserialization.DeserializationComponents: loaded 2 times (x 74B)
Class kotlin.reflect.jvm.internal.impl.types.checker.KotlinTypeChecker                : loaded 2 times (x 72B)
Class kotlin.reflect.jvm.internal.impl.descriptors.runtime.components.ReflectKotlinClassFinder: loaded 2 times (x 81B)
Class org.jetbrains.kotlin.load.kotlin.header.ReadKotlinClassHeaderAnnotationVisitor$KotlinMetadataArgumentVisitor$1: loaded 2 times (x 87B)
Class org.jetbrains.kotlin.com.intellij.util.io.IOUtil$1                              : loaded 2 times (x 84B)
Class org.apache.commons.compress.archivers.zip.ExtraFieldParsingBehavior             : loaded 2 times (x 72B)
Class org.apache.http.NameValuePair                                                   : loaded 2 times (x 72B)
Class org.jetbrains.kotlin.gradle.plugin.PropertiesProvider$booleanPropertyWithValueReporting$1: loaded 2 times (x 80B)
Class org.jetbrains.kotlin.gradle.dsl.jvm.JvmTargetValidationMode                     : loaded 2 times (x 81B)
Class org.jetbrains.kotlin.gradle.plugin.KotlinTargetConfiguratorKt$WhenMappings      : loaded 2 times (x 73B)
Class com.google.common.collect.AbstractMapBasedMultimap$KeySet                       : loaded 2 times (x 139B)
Class com.google.common.collect.RegularImmutableSortedSet                             : loaded 2 times (x 302B)
Class org.jetbrains.kotlin.gradle.plugin.diagnostics.checkers.OverriddenKotlinNativeHomeChecker$StdlibExistenceCheckerValueSource$Params_Decorated: loaded 2 times (x 132B)
Class org.jetbrains.kotlin.project.model.LanguageSettings                             : loaded 2 times (x 72B)
Class org.jetbrains.kotlin.gradle.plugin.KotlinPluginLifecycleKt$kotlinPluginLifecycle$2: loaded 2 times (x 80B)
Class org.jetbrains.kotlin.gradle.targets.native.KonanPropertiesBuildService$Parameters: loaded 2 times (x 72B)
Class org.jetbrains.kotlin.gradle.plugin.statistics.BuildFusService$Companion$registerIfAbsent$1$1: loaded 2 times (x 81B)
Class org.jetbrains.kotlin.gradle.internal.IsInIdeaSyncValueSource$Inject_            : loaded 2 times (x 111B)
Class org.jetbrains.kotlin.gradle.plugin.internal.CompatibilityConventionRegistrar$Factory: loaded 2 times (x 72B)
Class org.jetbrains.kotlin.fir.declarations.FirDeclarationOrigin$Source               : loaded 2 times (x 74B)
Class org.gradle.internal.classloader.ClassLoaderVisitor                              : loaded 2 times (x 78B)
Class org.jetbrains.kotlin.fir.resolve.providers.FirCompositeSymbolNamesProvider      : loaded 2 times (x 85B)
Class org.jetbrains.kotlin.load.java.NullabilityAnnotationStates                      : loaded 2 times (x 72B)
Class org.jetbrains.kotlin.fir.resolve.calls.overloads.DefaultCallConflictResolverFactory: loaded 2 times (x 74B)
Class org.jetbrains.kotlin.fir.types.impl.FirImplicitULongTypeRef                     : loaded 2 times (x 111B)
Class org.jetbrains.kotlin.fir.types.impl.FirImplicitAnnotationTypeRef                : loaded 2 times (x 111B)
Class org.jetbrains.kotlin.psi.KtCodeFragment                                         : loaded 2 times (x 1270B)
Class org.jetbrains.kotlin.statistics.metrics.StringAnonymizationPolicy               : loaded 2 times (x 80B)
Class org.jetbrains.kotlin.statistics.metrics.NumberAnonymizationPolicy               : loaded 2 times (x 87B)
Class org.jetbrains.kotlin.gradle.report.BuildMetricsService                          : loaded 2 times (x 88B)
Class org.jetbrains.kotlin.cli.jvm.compiler.CliJavaModuleUtilsKt                      : loaded 2 times (x 73B)
Class org.jetbrains.kotlin.gradle.plugin.PropertiesProvider$classLoaderCacheTimeoutInSeconds$1: loaded 2 times (x 77B)
Class kotlin.reflect.jvm.internal.impl.name.FqName$Companion                          : loaded 2 times (x 73B)
Class org.jetbrains.kotlin.psi.KtIfExpression                                         : loaded 2 times (x 445B)
Class org.jetbrains.kotlin.psi.KtAnonymousInitializer                                 : loaded 2 times (x 72B)
Class kotlin.coroutines.AbstractCoroutineContextElement                               : loaded 2 times (x 91B)
Class org.jetbrains.kotlin.gradle.plugin.diagnostics.UsesKotlinToolingDiagnosticsParameters: loaded 2 times (x 72B)
Class kotlin.reflect.jvm.internal.impl.builtins.jvm.JvmBuiltIns$Settings              : loaded 2 times (x 74B)
Class kotlin.reflect.jvm.internal.impl.metadata.deserialization.ProtoTypeTableUtilKt  : loaded 2 times (x 73B)
Class kotlin.reflect.jvm.internal.impl.metadata.jvm.JvmProtoBuf$StringTableTypes$1    : loaded 2 times (x 89B)
Class kotlin.reflect.jvm.internal.impl.protobuf.MessageLite$Builder                   : loaded 2 times (x 72B)
Class kotlin.reflect.jvm.internal.impl.descriptors.Visibilities$Local                 : loaded 2 times (x 77B)
Class kotlin.reflect.jvm.internal.impl.descriptors.CallableMemberDescriptor$Kind      : loaded 2 times (x 81B)
Class kotlin.reflect.jvm.internal.impl.descriptors.CallableDescriptor                 : loaded 2 times (x 72B)
Class [Lkotlin.reflect.KFunction;                                                     : loaded 2 times (x 71B)
Class org.jetbrains.kotlin.metadata.ProtoBuf$VersionRequirement$1                     : loaded 2 times (x 146B)
Class org.jetbrains.kotlin.metadata.jvm.JvmProtoBuf$StringTableTypes$Record$1         : loaded 2 times (x 146B)
Class org.jetbrains.kotlin.load.kotlin.header.ReadKotlinClassHeaderAnnotationVisitor$KotlinMetadataArgumentVisitor$2: loaded 2 times (x 87B)
Class org.jetbrains.kotlin.incremental.classpathDiff.ClassSnapshot                    : loaded 2 times (x 73B)
Class org.jetbrains.kotlin.com.intellij.util.io.IOUtil$2                              : loaded 2 times (x 78B)
Class org.jetbrains.org.objectweb.asm.tree.AnnotationNode                             : loaded 2 times (x 82B)
Class org.jetbrains.kotlin.gradle.plugin.mpp.KotlinMetadataTarget                     : loaded 2 times (x 160B)
Class [Lorg.apache.commons.compress.archivers.zip.ZipExtraField;                      : loaded 2 times (x 71B)
Class [Lcom.google.common.collect.HashBiMap$BiEntry;                                  : loaded 2 times (x 71B)
Class kotlinx.coroutines.BlockingEventLoop                                            : loaded 2 times (x 119B)
Class kotlinx.coroutines.ThreadLocalEventLoop                                         : loaded 2 times (x 73B)
Class org.jetbrains.kotlin.gradle.tasks.configuration.BaseKotlinCompileConfig$1$jvmToolchain$1: loaded 2 times (x 76B)
Class org.jetbrains.kotlin.gradle.plugin.mpp.InternalKotlinCompilation$DefaultImpls   : loaded 2 times (x 73B)
Class org.jetbrains.kotlin.gradle.plugin.mpp.compilationImpl.KotlinCompilationSourceSetInclusion$DefaultAddSourcesToCompileTask: loaded 2 times (x 76B)
Class org.jetbrains.kotlin.gradle.internal.KotlinTestDependencyManagementKt$configureKotlinTestDependency$2: loaded 2 times (x 81B)
Class org.jetbrains.kotlin.gradle.dsl.PlatformSourceSetConventionsChecker$runChecks$$inlined$CheckedPlatformInfo$default$1: loaded 2 times (x 80B)
Class [Lorg.jetbrains.kotlin.gradle.plugin.KotlinPluginLifecycle$Stage;               : loaded 2 times (x 71B)
Class org.jetbrains.kotlin.gradle.artifacts.KotlinTargetArtifact$Companion            : loaded 2 times (x 73B)
Class org.jetbrains.kotlin.gradle.plugin.mpp.compilationImpl.KotlinCreateLifecycleTasksSideEffectKt$KotlinCreateLifecycleTasksSideEffect$1: loaded 2 times (x 76B)
Class org.jetbrains.kotlin.gradle.dsl.KotlinGradlePluginDsl                           : loaded 2 times (x 72B)
Class org.jetbrains.kotlin.tooling.core.MutableExtras                                 : loaded 2 times (x 72B)
Class org.jetbrains.kotlin.gradle.plugin.KotlinGradleBuildServices$detectKotlinPluginLoadedInMultipleProjects$onRegister$1: loaded 2 times (x 81B)
Class org.jetbrains.kotlin.gradle.plugin.BuildFinishAndConfigurationTimeMetricsFlowAction$Parameters_Decorated: loaded 2 times (x 138B)
Class org.jetbrains.kotlin.gradle.plugin.BuildFinishAndConfigurationTimeMetricsFlowAction$Parameters: loaded 2 times (x 72B)
Class org.objectweb.asm.commons.InstructionAdapter                                    : loaded 2 times (x 190B)
Class org.jetbrains.kotlin.build.report.metrics.BuildTime                             : loaded 2 times (x 72B)
Class org.jetbrains.kotlin.gradle.plugin.diagnostics.ToolingDiagnosticRenderingOptions: loaded 2 times (x 74B)
Class org.jetbrains.kotlin.fir.caches.FirCachesFactoryKt                              : loaded 2 times (x 73B)
Class org.jetbrains.kotlin.fir.types.impl.FirImplicitAnyTypeRef                       : loaded 2 times (x 111B)
Class org.jetbrains.kotlin.parsing.DoNotBindAnything                                  : loaded 2 times (x 78B)
Class org.jetbrains.kotlin.parsing.KotlinParsing$AnnotationParsingMode                : loaded 2 times (x 81B)
Class org.jetbrains.kotlin.gradle.dsl.abi.ExperimentalAbiValidation                   : loaded 2 times (x 72B)
Class org.jetbrains.kotlin.gradle.targets.js.npm.NpmDependencyExtensionKt             : loaded 2 times (x 73B)
Class org.jetbrains.kotlin.fir.extensions.FirExtensionRegistrarAdapter                : loaded 2 times (x 73B)
Class org.jetbrains.kotlin.gradle.plugin.diagnostics.checkers.JsEnvironmentChecker    : loaded 2 times (x 78B)
Class [Lorg.jetbrains.kotlin.gradle.dsl.KotlinVersion;                                : loaded 2 times (x 71B)
Class org.jetbrains.kotlin.config.AnalysisFlag$Delegates$ApiModeDisabledByDefault     : loaded 2 times (x 73B)
Class org.jetbrains.kotlin.gradle.plugin.KotlinTargetWithTests                        : loaded 2 times (x 72B)
Class org.jetbrains.kotlin.psi.KtWhileExpressionBase                                  : loaded 2 times (x 442B)
Class org.jetbrains.kotlin.psi.KtEscapeStringTemplateEntry                            : loaded 2 times (x 445B)
Class org.jetbrains.kotlin.psi.KotlinStringLiteralTextEscaper                         : loaded 2 times (x 78B)
Class org.jetbrains.kotlin.psi.KtContextReceiver                                      : loaded 2 times (x 443B)
Class org.jetbrains.kotlin.psi.KtCallExpression                                       : loaded 2 times (x 639B)
Class [Lorg.jetbrains.kotlin.psi.KtQualifiedExpression;                               : loaded 2 times (x 71B)
Class org.jetbrains.kotlin.lexer.KtSingleValueToken                                   : loaded 2 times (x 79B)
Class [Lorg.jetbrains.kotlin.psi.KtClass;                                             : loaded 2 times (x 71B)
Class org.jetbrains.kotlin.KtNodeType$KtLeftBoundNodeType                             : loaded 2 times (x 78B)
Class org.jetbrains.kotlin.config.LanguageVersionSettingsImpl                         : loaded 2 times (x 84B)
Class org.jetbrains.kotlin.compilerRunner.CompilerSystemPropertiesService$Parameters_Decorated: loaded 2 times (x 132B)
Class com.android.sdklib.AndroidVersion$PreviewType                                   : loaded 2 times (x 81B)
Class com.android.prefs.LocationValue                                                 : loaded 2 times (x 72B)
Class org.jetbrains.kotlin.gradle.plugin.PropertiesProvider$kotlinCompilerArgumentsLogLevel$1: loaded 2 times (x 76B)
Class com.google.common.collect.ReverseNaturalOrdering                                : loaded 2 times (x 116B)
Class kotlin.reflect.jvm.internal.impl.protobuf.ProtocolStringList                    : loaded 2 times (x 72B)
Class kotlin.reflect.jvm.internal.impl.serialization.deserialization.TypeDeserializer : loaded 2 times (x 74B)
Class kotlin.reflect.jvm.internal.impl.descriptors.PropertyDescriptor                 : loaded 2 times (x 72B)
Class kotlin.reflect.jvm.internal.impl.renderer.DescriptorRenderer$ValueParametersHandler: loaded 2 times (x 72B)
Class kotlin.reflect.jvm.internal.impl.storage.LockBasedStorageManager$LockBasedLazyValue: loaded 2 times (x 83B)
Class kotlin.reflect.jvm.internal.impl.serialization.deserialization.builtins.BuiltInsResourceLoader: loaded 2 times (x 74B)
Class org.jetbrains.kotlin.descriptors.CallableMemberDescriptor$Kind                  : loaded 2 times (x 81B)
Class org.apache.commons.compress.archivers.zip.ZipArchiveOutputStream                : loaded 2 times (x 125B)
Class [Lorg.jetbrains.kotlin.build.report.metrics.BuildPerformanceMetric;             : loaded 2 times (x 71B)
Class com.google.common.collect.ImmutableMultimap                                     : loaded 2 times (x 148B)
Class org.jetbrains.kotlin.buildtools.api.internal.KotlinCompilerVersionKt            : loaded 2 times (x 73B)
Class org.apache.commons.compress.archivers.zip.ZipArchiveEntry$ExtraFieldParsingMode : loaded 2 times (x 91B)
Class org.apache.commons.compress.archivers.zip.X0019_EncryptionRecipientCertificateList: loaded 2 times (x 92B)
Class com.google.common.base.Predicates                                               : loaded 2 times (x 73B)
Class org.jetbrains.kotlin.gradle.plugin.diagnostics.CheckKotlinGradlePluginConfigurationErrorsKt$locateOrRegisterCheckKotlinGradlePluginErrorsTask$taskProvider$1$2: loaded 2 times (x 77B)
Class org.jetbrains.kotlin.gradle.tasks.CompileUsingKotlinDaemon                      : loaded 2 times (x 72B)
Class org.jetbrains.kotlin.gradle.plugin.mpp.KotlinWithJavaTarget                     : loaded 2 times (x 159B)
Class org.jetbrains.kotlin.gradle.utils.StoredPropertyKt$extrasStoredProperty$1       : loaded 2 times (x 80B)
Class org.jetbrains.kotlin.gradle.plugin.mpp.compilationImpl.KotlinCreateNativeCompileTasksSideEffectKt$special$$inlined$KotlinCompilationSideEffect$1: loaded 2 times (x 76B)
Class org.jetbrains.kotlin.gradle.targets.KotlinTargetSideEffect$Companion            : loaded 2 times (x 73B)
Class org.jetbrains.kotlin.gradle.dsl.KotlinSingleJavaTargetExtension                 : loaded 2 times (x 132B)
Class org.jetbrains.kotlin.gradle.plugin.KotlinPluginLifecycle$IllegalLifecycleException: loaded 2 times (x 84B)
Class org.jetbrains.kotlin.gradle.internal.properties.NativePropertiesLoader$userProvidedNativeHome$1: loaded 2 times (x 77B)
Class org.jetbrains.kotlin.gradle.plugin.KotlinGradleFinishBuildHandler               : loaded 2 times (x 74B)
Class org.jetbrains.kotlin.statistics.metrics.StringOverridePolicy$CONCAT             : loaded 2 times (x 87B)
Class org.jetbrains.kotlin.gradle.dsl.KotlinTopLevelExtension                         : loaded 2 times (x 72B)
Class [Lorg.jetbrains.kotlin.fir.declarations.impl.FirDeclarationStatusImpl$Modifier; : loaded 2 times (x 71B)
Class org.jetbrains.kotlin.resolve.ImportPath                                         : loaded 2 times (x 74B)
Class org.jetbrains.kotlin.parsing.Consumer                                           : loaded 2 times (x 72B)
Class org.apache.commons.io.file.PathUtils                                            : loaded 2 times (x 73B)
Class org.apache.commons.compress.archivers.zip.X0015_CertificateIdForFile            : loaded 2 times (x 94B)
Class [Lcom.google.common.collect.AbstractIterator$State;                             : loaded 2 times (x 71B)
Class com.google.common.io.ByteSource$ConcatenatedByteSource                          : loaded 2 times (x 87B)
Class org.jetbrains.kotlin.config.AnalysisFlag$Delegates$Boolean$Companion            : loaded 2 times (x 73B)
Class org.jetbrains.kotlin.serialization.deserialization.DeserializationConfiguration : loaded 2 times (x 72B)
Class kotlin.jvm.internal.markers.KMutableListIterator                                : loaded 2 times (x 72B)
Class org.jetbrains.kotlin.metadata.jvm.deserialization.JvmNameResolver               : loaded 2 times (x 82B)
Class org.jetbrains.kotlin.psi.stubs.KotlinConstantExpressionStub                     : loaded 2 times (x 72B)
Class org.jetbrains.kotlin.psi.KtImportAlias                                          : loaded 2 times (x 560B)
Class [Lorg.jetbrains.kotlin.psi.KtTypeParameter;                                     : loaded 2 times (x 71B)
Class org.jetbrains.kotlin.KotlinElementTypeProvider                                  : loaded 2 times (x 72B)
Class kotlin.reflect.jvm.internal.impl.builtins.jvm.JvmBuiltIns$Kind                  : loaded 2 times (x 81B)
Class kotlin.reflect.jvm.internal.impl.types.checker.KotlinTypeChecker$TypeConstructorEquality: loaded 2 times (x 72B)
Class com.google.gson.JsonParseException                                              : loaded 2 times (x 84B)
Class com.android.tools.lint.model.DefaultLintModelJavaLibrary                        : loaded 2 times (x 105B)
Class com.android.prefs.PathLocator                                                   : loaded 2 times (x 75B)
Class kotlin.reflect.jvm.internal.KTypeImpl                                           : loaded 2 times (x 85B)
Class kotlin.reflect.jvm.internal.impl.resolve.scopes.receivers.ImplicitClassReceiver : loaded 2 times (x 84B)
Class kotlin.reflect.jvm.internal.impl.descriptors.runtime.components.PackagePartScopeCache: loaded 2 times (x 74B)
Class kotlin.reflect.jvm.internal.impl.metadata.ProtoBuf$Annotation$Argument$ValueOrBuilder: loaded 2 times (x 72B)
Class kotlin.reflect.jvm.internal.impl.serialization.deserialization.AnnotationDeserializer: loaded 2 times (x 74B)
Class kotlin.reflect.jvm.internal.impl.load.java.components.SignaturePropagator       : loaded 2 times (x 72B)
Class kotlin.reflect.jvm.internal.impl.load.kotlin.DeserializationComponentsForJava$Companion: loaded 2 times (x 73B)
Class org.jetbrains.org.objectweb.asm.TypePath                                        : loaded 2 times (x 74B)
Class org.jetbrains.kotlin.metadata.jvm.deserialization.UtfEncodingKt                 : loaded 2 times (x 73B)
Class org.jetbrains.kotlin.metadata.jvm.JvmProtoBuf$JvmFieldSignature$1               : loaded 2 times (x 146B)
Class org.jetbrains.kotlin.metadata.jvm.JvmProtoBuf$JvmMethodSignature                : loaded 2 times (x 110B)
Class org.jetbrains.kotlin.load.kotlin.header.ReadKotlinClassHeaderAnnotationVisitor$KotlinMetadataArgumentVisitor: loaded 2 times (x 88B)
Class org.apache.commons.io.output.AbstractByteArrayOutputStream                      : loaded 2 times (x 104B)
Class com.google.common.collect.IndexedImmutableSet$1                                 : loaded 2 times (x 215B)
Class org.jetbrains.kotlin.gradle.plugin.diagnostics.CheckKotlinGradlePluginConfigurationErrorsKt$locateOrRegisterCheckKotlinGradlePluginErrorsTask$taskProvider$1$3: loaded 2 times (x 77B)
Class org.jetbrains.kotlin.gradle.plugin.ProjectLocalConfigurationsKt                 : loaded 2 times (x 73B)
Class org.jetbrains.kotlin.gradle.plugin.mpp.compilationImpl.factory.KotlinCompilationImplFactory: loaded 2 times (x 74B)
Class org.jetbrains.kotlin.gradle.internal.KotlinDomApiDependencyManagementKt$addKotlinDomApiDependency$1: loaded 2 times (x 77B)
Class org.jetbrains.kotlin.gradle.plugin.diagnostics.checkers.KotlinTargetAlreadyDeclaredChecker$runChecks$1: loaded 2 times (x 89B)
Class org.jetbrains.kotlin.gradle.plugin.mpp.KotlinTargetWithBinaries                 : loaded 2 times (x 156B)
Class [Lorg.jetbrains.kotlin.gradle.plugin.KotlinSourceSet;                           : loaded 2 times (x 71B)
Class org.jetbrains.kotlin.gradle.plugin.diagnostics.checkers.JsEnvironmentChecker$1  : loaded 2 times (x 80B)
Class org.jetbrains.kotlin.gradle.plugin.diagnostics.KotlinToolingDiagnostics$JsLikeEnvironmentNotChosenExplicitly: loaded 2 times (x 75B)
Class org.jetbrains.kotlin.gradle.utils.StoredLazyProperty$getValue$1                 : loaded 2 times (x 81B)
Class org.jetbrains.kotlin.statistics.metrics.IMetricContainerFactory                 : loaded 2 times (x 72B)
Class org.jetbrains.kotlin.statistics.MetricValueValidationFailed                     : loaded 2 times (x 84B)
Class org.jetbrains.kotlin.gradle.plugin.PropertiesProvider$localProperties$2         : loaded 2 times (x 81B)
Class com.google.common.cache.CacheBuilder$OneWeigher                                 : loaded 2 times (x 84B)
Class org.jetbrains.kotlin.fir.scopes.FirTypeScope                                    : loaded 2 times (x 86B)
Class org.jetbrains.kotlin.builtins.functions.FunctionTypeKind$Function               : loaded 2 times (x 79B)
Class org.jetbrains.kotlin.fir.declarations.FirTypeParameterRefsOwner                 : loaded 2 times (x 72B)
Class org.jetbrains.kotlin.types.model.TypeSystemCommonSuperTypesContext              : loaded 2 times (x 72B)
Class org.jetbrains.kotlin.fir.FirPlatformSpecificCastChecker                         : loaded 2 times (x 74B)
Class org.jetbrains.kotlin.util.ArrayMapImpl                                          : loaded 2 times (x 86B)
Class com.android.builder.model.MavenCoordinates                                      : loaded 2 times (x 72B)
Class org.jetbrains.kotlin.asJava.KotlinAsJavaSupportBase                             : loaded 2 times (x 106B)
Class kotlin.reflect.jvm.internal.impl.types.TypeSubstitution$Companion$EMPTY$1       : loaded 2 times (x 79B)
Class [Lkotlin.reflect.jvm.internal.impl.renderer.DescriptorRendererModifier;         : loaded 2 times (x 71B)
Class com.android.Version                                                             : loaded 2 times (x 73B)
Class kotlin.reflect.jvm.internal.impl.types.TypeUtils                                : loaded 2 times (x 73B)
Class org.jetbrains.kotlin.psi.KtWhenEntry                                            : loaded 2 times (x 384B)
Class org.jetbrains.kotlin.psi.stubs.elements.KtBlockStringTemplateEntryElementType   : loaded 2 times (x 102B)
Class org.jetbrains.kotlin.psi.stubs.elements.KtFunctionTypeElementType               : loaded 2 times (x 102B)
Class [Lorg.jetbrains.kotlin.psi.KtFunction;                                          : loaded 2 times (x 71B)
Class org.jetbrains.kotlin.psi.KtTypeParameterListOwnerStub                           : loaded 2 times (x 996B)
Class com.android.sdklib.AndroidVersion                                               : loaded 2 times (x 77B)
Class com.android.tools.lint.model.LintModelLibraryResolver                           : loaded 2 times (x 72B)
Class kotlin.text.MatchResult$DefaultImpls                                            : loaded 2 times (x 73B)
Class com.android.tools.lint.model.LintModelSerialization$LintModelSerializationAdapter: loaded 2 times (x 72B)
Class kotlin.reflect.jvm.internal.impl.types.TypeProjection                           : loaded 2 times (x 72B)
Class [Lkotlin.reflect.jvm.internal.impl.descriptors.annotations.Annotated;           : loaded 2 times (x 71B)
Class kotlin.reflect.jvm.internal.impl.load.java.structure.JavaClassifierType         : loaded 2 times (x 72B)
Class kotlin.reflect.jvm.internal.impl.resolve.ExternalOverridabilityCondition$Result : loaded 2 times (x 81B)
Class kotlin.reflect.jvm.internal.impl.metadata.ProtoBuf$Annotation$Argument          : loaded 2 times (x 98B)
Class kotlin.reflect.jvm.internal.impl.resolve.scopes.InnerClassesScopeWrapper        : loaded 2 times (x 95B)
Class kotlin.reflect.jvm.internal.impl.protobuf.GeneratedMessageLite$Builder          : loaded 2 times (x 91B)
Class [Lkotlin.reflect.jvm.internal.impl.metadata.ProtoBuf$MemberKind;                : loaded 2 times (x 71B)
Class kotlin.reflect.jvm.internal.impl.descriptors.runtime.components.ReflectJavaClassFinderKt: loaded 2 times (x 73B)
Class kotlin.reflect.jvm.internal.impl.metadata.ProtoBuf$TypeParameter$Variance       : loaded 2 times (x 84B)
Class kotlin.reflect.jvm.internal.impl.metadata.ProtoBuf$Type                         : loaded 2 times (x 103B)
Class kotlin.reflect.jvm.internal.impl.protobuf.AbstractMessageLite                   : loaded 2 times (x 93B)
Class kotlin.reflect.jvm.internal.impl.descriptors.VariableAccessorDescriptor         : loaded 2 times (x 72B)
Class kotlin.reflect.jvm.internal.impl.load.kotlin.header.KotlinClassHeader$Kind      : loaded 2 times (x 81B)
Class kotlin.reflect.jvm.internal.impl.descriptors.annotations.AnnotatedImpl          : loaded 2 times (x 78B)
Class kotlin.reflect.jvm.internal.impl.types.model.SimpleTypeMarker                   : loaded 2 times (x 72B)
Class kotlin.reflect.jvm.internal.impl.serialization.deserialization.ErrorReporter    : loaded 2 times (x 72B)
Class org.jetbrains.kotlin.incremental.storage.InlineFunctionExternalizer             : loaded 2 times (x 77B)
Class org.jetbrains.kotlin.buildtools.internal.ClasspathEntrySnapshotImpl             : loaded 2 times (x 80B)
Class org.jetbrains.kotlin.com.intellij.openapi.diagnostic.Logger$Factory             : loaded 2 times (x 72B)
Class org.jetbrains.kotlin.load.kotlin.FileBasedKotlinClass                           : loaded 2 times (x 92B)
Class kotlin.reflect.jvm.internal.impl.name.CallableId                                : loaded 2 times (x 74B)
Class build_bcc7x5a5z49o38ytag3dy7atk                                                 : loaded 2 times (x 174B)
Class com.google.common.collect.ImmutableSortedMap                                    : loaded 2 times (x 219B)
Class org.apache.commons.compress.archivers.zip.ZipFile$Builder                       : loaded 2 times (x 122B)
Class org.jetbrains.kotlin.gradle.plugin.mpp.compilationImpl.DefaultKotlinCompilationFriendPathsResolver$resolveFriendPaths$1$1: loaded 2 times (x 81B)
Class org.jetbrains.kotlin.build.report.metrics.BuildMetricsReporterImpl              : loaded 2 times (x 100B)
Class org.jetbrains.kotlin.gradle.plugin.diagnostics.CheckKotlinGradlePluginConfigurationErrorsKt$locateOrRegisterCheckKotlinGradlePluginErrorsTask$taskProvider$1$4: loaded 2 times (x 76B)
Class org.jetbrains.kotlin.gradle.tasks.configuration.KaptGenerateStubsConfig         : loaded 2 times (x 74B)
Class org.jetbrains.kotlin.gradle.targets.js.npm.SemVer                               : loaded 2 times (x 77B)
Class org.jetbrains.kotlin.gradle.internal.properties.NativePropertiesLoader$konanDataDirProperty$1$1: loaded 2 times (x 76B)
Class org.jetbrains.kotlin.gradle.plugin.diagnostics.checkers.JsEnvironmentChecker$2  : loaded 2 times (x 80B)
Class org.jetbrains.kotlin.gradle.utils.WhenPluginEnabledKt$whenPluginsEnabled$1      : loaded 2 times (x 77B)
Class org.jetbrains.kotlin.gradle.tasks.AbstractKotlinCompileTool                     : loaded 2 times (x 366B)
Class org.jetbrains.kotlin.gradle.plugin.statistics.FlowActionBuildFusService$Companion$registerIfAbsentImpl$1$1: loaded 2 times (x 76B)
Class [Lorg.jetbrains.kotlin.gradle.report.BuildReportType;                           : loaded 2 times (x 71B)
Class org.jetbrains.kotlin.gradle.plugin.statistics.KotlinBuildStatsConfiguration     : loaded 2 times (x 74B)
Class org.jetbrains.kotlin.gradle.internal.properties.PropertiesBuildService$localProperties$2: loaded 2 times (x 81B)
Class org.gradle.internal.classloader.ClasspathUtil                                   : loaded 2 times (x 73B)
Class kotlin.collections.builders.SetBuilder                                          : loaded 2 times (x 145B)
Class org.jetbrains.kotlin.metadata.ProtoBuf$PackageFragment                          : loaded 2 times (x 126B)
Class org.jetbrains.kotlin.fir.types.FirMissingDependencyStorage$cache$1              : loaded 2 times (x 77B)
Class org.jetbrains.kotlin.fir.types.FirCorrespondingSupertypesCache                  : loaded 2 times (x 74B)
Class org.jetbrains.kotlin.fir.caches.FirCachesFactory                                : loaded 2 times (x 80B)
Class com.android.utils.PositionXmlParser$SaxParserFactoryFunction                    : loaded 2 times (x 72B)
Class org.objectweb.asm.tree.MethodNode                                               : loaded 2 times (x 111B)
Class org.jetbrains.kotlin.resolve.jvm.KotlinJavaPsiFacade$KotlinPsiElementFinderWrapper: loaded 2 times (x 72B)
Class [Lorg.jetbrains.kotlin.metadata.ProtoBuf$QualifiedNameTable$QualifiedName$Kind; : loaded 2 times (x 71B)
Class kotlin.reflect.jvm.internal.impl.descriptors.runtime.structure.Java16SealedRecordLoader: loaded 2 times (x 73B)
Class org.jetbrains.kotlin.config.LanguageVersionSettings                             : loaded 2 times (x 72B)
Class com.android.utils.EnvironmentProvider$DirectEnvironmentProvider                 : loaded 2 times (x 82B)
Class [Lorg.jetbrains.kotlin.psi.KtStringInterpolationPrefix;                         : loaded 2 times (x 71B)
Class org.jetbrains.kotlin.psi.KtContractEffectList                                   : loaded 2 times (x 443B)
Class [Lorg.jetbrains.kotlin.psi.KtNamed;                                             : loaded 2 times (x 71B)
Class kotlin.text.MatcherMatchResult$groupValues$1                                    : loaded 2 times (x 200B)
Class it.unimi.dsi.fastutil.Hash                                                      : loaded 2 times (x 72B)
Class org.jetbrains.kotlin.config.JVMConfigurationKeys                                : loaded 2 times (x 73B)
Class kotlin.jvm.internal.RepeatableContainer                                         : loaded 2 times (x 72B)
Class org.jetbrains.kotlin.cli.common.arguments.ParseCommandLineArgumentsKt           : loaded 2 times (x 73B)
Class kotlin.reflect.jvm.internal.impl.resolve.ExternalOverridabilityCondition$Contract: loaded 2 times (x 81B)
Class kotlin.reflect.jvm.internal.impl.load.java.sources.JavaSourceElement            : loaded 2 times (x 72B)
Class kotlin.reflect.jvm.internal.impl.load.java.lazy.descriptors.LazyJavaPackageScope$KotlinClassLookupResult$NotFound: loaded 2 times (x 73B)
Class kotlin.reflect.jvm.internal.impl.metadata.ProtoBuf$QualifiedNameTable$QualifiedName$1: loaded 2 times (x 89B)
Class kotlin.reflect.jvm.internal.impl.metadata.ProtoBuf$QualifiedNameTable           : loaded 2 times (x 98B)
Class kotlin.reflect.jvm.internal.impl.load.kotlin.SignatureBuildingComponents        : loaded 2 times (x 73B)
Class kotlin.reflect.jvm.internal.impl.metadata.jvm.JvmProtoBuf$JvmMethodSignature$Builder: loaded 2 times (x 93B)
Class kotlin.reflect.jvm.internal.CreateKCallableVisitor                              : loaded 2 times (x 106B)
Class kotlin.reflect.jvm.internal.impl.metadata.jvm.JvmProtoBuf$JvmFieldSignatureOrBuilder: loaded 2 times (x 72B)
Class kotlin.reflect.jvm.internal.impl.resolve.scopes.MemberScope                     : loaded 2 times (x 72B)
Class kotlin.reflect.jvm.internal.impl.storage.StorageKt                              : loaded 2 times (x 73B)
Class org.jetbrains.kotlin.metadata.ProtoBuf$TypeAlias                                : loaded 2 times (x 141B)
Class org.jetbrains.kotlin.inline.InlineUtilKt$WhenMappings                           : loaded 2 times (x 73B)
Class org.jetbrains.kotlin.metadata.jvm.deserialization.JvmMemberSignature            : loaded 2 times (x 76B)
Class org.jetbrains.kotlin.load.kotlin.header.KotlinClassHeader$Kind                  : loaded 2 times (x 81B)
Class org.jetbrains.kotlin.load.kotlin.KotlinJvmBinaryClass$AnnotationArgumentVisitor : loaded 2 times (x 72B)
Class kotlin.io.FileSystemException                                                   : loaded 2 times (x 84B)
Class org.jetbrains.kotlin.build.report.metrics.RUN_COMPILATION                       : loaded 2 times (x 74B)
Class org.apache.commons.compress.archivers.zip.PKWareExtraHeader                     : loaded 2 times (x 92B)
Class org.apache.commons.compress.archivers.zip.ZipArchiveEntry$NameSource            : loaded 2 times (x 81B)
Class org.apache.commons.compress.compressors.bzip2.BZip2CompressorInputStream        : loaded 2 times (x 105B)
Class org.apache.commons.compress.archivers.zip.ZipFile$StoredStatisticsStream        : loaded 2 times (x 109B)
Class org.apache.commons.compress.archivers.zip.ZipFile                               : loaded 2 times (x 94B)
Class com.google.common.collect.ComparisonChain                                       : loaded 2 times (x 82B)
Class org.jetbrains.kotlin.gradle.plugin.diagnostics.CheckKotlinGradlePluginConfigurationErrorsKt$locateOrRegisterCheckKotlinGradlePluginErrorsTask$taskProvider$1$5: loaded 2 times (x 76B)
Class org.jetbrains.kotlin.gradle.dsl.KotlinCompile                                   : loaded 2 times (x 72B)
Class org.jetbrains.kotlin.gradle.plugin.mpp.compilationImpl.DefaultKotlinCompilationFriendPathsResolver$DefaultFriendArtifactResolver: loaded 2 times (x 76B)
Class org.jetbrains.kotlin.gradle.plugin.diagnostics.checkers.InternalGradlePropertiesUsageChecker$runChecks$1: loaded 2 times (x 89B)
Class org.jetbrains.kotlin.gradle.utils.StringUtilsKt$lowerCamelCaseName$1            : loaded 2 times (x 127B)
Class org.jetbrains.kotlin.gradle.plugin.diagnostics.checkers.JsEnvironmentChecker$3  : loaded 2 times (x 80B)
Class org.jetbrains.kotlin.gradle.dsl.JvmTarget$Companion                             : loaded 2 times (x 73B)
Class org.jetbrains.kotlin.gradle.internal.properties.NativePropertiesLoader$downloadFromMaven$1: loaded 2 times (x 77B)
Class org.jetbrains.kotlin.gradle.plugin.internal.DefaultConfigurationCacheStartParameterAccessor_Decorated: loaded 2 times (x 123B)
Class org.jetbrains.kotlin.gradle.plugin.internal.DefaultConfigurationCacheStartParameterAccessor: loaded 2 times (x 79B)
Class org.jetbrains.kotlin.tooling.core.HasExtras                                     : loaded 2 times (x 72B)
Class com.google.common.util.concurrent.Uninterruptibles                              : loaded 2 times (x 73B)
Class org.jetbrains.kotlin.metadata.ProtoBuf$PackageFragment$1                        : loaded 2 times (x 146B)
Class org.jetbrains.kotlin.fir.scopes.jvm.FirJvmDelegatedMembersFilter$Companion      : loaded 2 times (x 73B)
Class org.jetbrains.kotlin.mpp.FunctionSymbolMarker                                   : loaded 2 times (x 72B)
Class org.jetbrains.kotlin.fir.declarations.FirDeclaration                            : loaded 2 times (x 108B)
Class org.jetbrains.kotlin.fir.symbols.FirLazyDeclarationResolver                     : loaded 2 times (x 79B)
Class org.jetbrains.kotlin.psi.KtCodeFragmentBase                                     : loaded 2 times (x 72B)
Class kotlin.sequences.DistinctSequence                                               : loaded 2 times (x 77B)
Class org.jetbrains.kotlin.psi.KtVisitor                                              : loaded 2 times (x 196B)
Class org.jetbrains.kotlin.cli.jvm.compiler.KotlinCoreEnvironment$Companion           : loaded 2 times (x 73B)
Class kotlin.reflect.jvm.internal.impl.builtins.functions.FunctionTypeKind$KSuspendFunction: loaded 2 times (x 74B)
Class kotlin.reflect.jvm.internal.KClassImpl$$Lambda$0                                : loaded 2 times (x 78B)
Class org.jetbrains.kotlin.resolve.jvm.KotlinCliJavaFileManager                       : loaded 2 times (x 72B)
Class kotlin.reflect.jvm.internal.KPropertyImpl$$Lambda$1                             : loaded 2 times (x 78B)
Class org.jetbrains.kotlin.util.MetadataHelpersKt                                     : loaded 2 times (x 73B)
Class [Lorg.jetbrains.kotlin.psi.KtAnnotationUseSiteTarget;                           : loaded 2 times (x 71B)
Class org.jetbrains.kotlin.psi.KtClassInitializer                                     : loaded 2 times (x 784B)
Class it.unimi.dsi.fastutil.ints.IntList                                              : loaded 2 times (x 72B)
Class org.jetbrains.kotlin.cli.jvm.compiler.IdeaStandaloneExecutionSetup              : loaded 2 times (x 73B)
Class com.android.utils.StdLogger                                                     : loaded 2 times (x 88B)
Class org.jetbrains.kotlin.protobuf.LazyStringArrayList                               : loaded 2 times (x 282B)
Class org.jetbrains.kotlin.com.intellij.openapi.diagnostic.ControlFlowException       : loaded 2 times (x 72B)
Class kotlin.reflect.jvm.internal.impl.types.checker.ClassicTypeSystemContext         : loaded 2 times (x 72B)
Class kotlin.reflect.jvm.internal.impl.load.kotlin.header.ReadKotlinClassHeaderAnnotationVisitor$CollectStringArrayAnnotationVisitor: loaded 2 times (x 87B)
Class kotlin.reflect.jvm.internal.impl.descriptors.DelegatedDescriptorVisibility      : loaded 2 times (x 78B)
Class [Lkotlin.reflect.jvm.internal.impl.load.kotlin.header.KotlinClassHeader$Kind;   : loaded 2 times (x 71B)
Class org.jetbrains.kotlin.resolve.scopes.receivers.ReceiverValue                     : loaded 2 times (x 72B)
Class org.jetbrains.kotlin.incremental.storage.IntExternalizer                        : loaded 2 times (x 77B)
Class org.jetbrains.kotlin.metadata.jvm.JvmProtoBuf$JvmMethodSignature$Builder        : loaded 2 times (x 136B)
Class org.jetbrains.kotlin.metadata.jvm.JvmProtoBuf$JvmFieldSignatureOrBuilder        : loaded 2 times (x 72B)
Class org.jetbrains.org.objectweb.asm.ModuleVisitor                                   : loaded 2 times (x 83B)
Class com.google.common.io.CharSource                                                 : loaded 2 times (x 87B)
Class com.google.common.collect.AbstractMapBasedMultimap$WrappedSet                   : loaded 2 times (x 144B)
Class org.jetbrains.kotlin.gradle.plugin.KotlinCompilationInfo$TCS$friendPaths$1      : loaded 2 times (x 81B)
Class org.jetbrains.kotlin.gradle.fus.internal.SynchronizedConfigurationMetrics$add$1 : loaded 2 times (x 81B)
Class org.jetbrains.kotlin.gradle.plugin.sources.DefaultLanguageSettingsBuilder$freeCompilerArgsProvider$1: loaded 2 times (x 97B)
Class org.jetbrains.kotlin.gradle.targets.js.npm.DevNpmDependencyExtension            : loaded 2 times (x 72B)
Class org.jetbrains.kotlin.gradle.plugin.diagnostics.checkers.PreHmppDependenciesUsageChecker: loaded 2 times (x 76B)
Class org.jetbrains.kotlin.gradle.targets.CreateArtifactsSideEffectKt                 : loaded 2 times (x 73B)
Class org.jetbrains.kotlin.gradle.plugin.AbstractKotlinMultiplatformPluginWrapper     : loaded 2 times (x 88B)
Class org.jetbrains.kotlin.konan.target.HostManager$Companion                         : loaded 2 times (x 73B)
Class org.jetbrains.kotlin.gradle.utils.GradleConfigurationUtilsKt$addGradlePluginMetadataAttributes$1: loaded 2 times (x 77B)
Class org.jetbrains.kotlin.gradle.plugin.internal.DefaultProjectIsolationStartParameterAccessor: loaded 2 times (x 79B)
Class org.jetbrains.kotlin.gradle.dsl.KotlinAndroidExtension                          : loaded 2 times (x 72B)
Class com.google.common.util.concurrent.LazyLogger                                    : loaded 2 times (x 74B)
Class org.gradle.api.specs.Spec                                                       : loaded 2 times (x 72B)
Class org.jetbrains.kotlin.resolve.jvm.modules.JavaModuleResolver$SERVICE             : loaded 2 times (x 73B)
Class org.jetbrains.kotlin.name.CallableId                                            : loaded 2 times (x 74B)
Class org.jetbrains.kotlin.fir.java.scopes.JavaOverridabilityRules                    : loaded 2 times (x 79B)
Class org.jetbrains.kotlin.fir.types.impl.FirImplicitDoubleTypeRef                    : loaded 2 times (x 111B)
Class org.jetbrains.kotlin.fir.types.ConeSimpleKotlinType                             : loaded 2 times (x 81B)
Class org.jetbrains.kotlin.fir.types.ConeRigidType                                    : loaded 2 times (x 79B)
Class org.jetbrains.kotlin.psi.KtDotQualifiedExpression$Companion                     : loaded 2 times (x 73B)
Class org.jetbrains.kotlin.psi.KtVisitorVoid                                          : loaded 2 times (x 312B)
Class org.jetbrains.kotlin.protobuf.ProtocolStringList                                : loaded 2 times (x 72B)
Class org.jetbrains.kotlin.scripting.definitions.LazyScriptDefinitionProvider         : loaded 2 times (x 89B)
Class kotlin.reflect.jvm.internal.CachesKt$$Lambda$0                                  : loaded 2 times (x 77B)
Class kotlin.sequences.SequencesKt___SequencesKt$flatMap$1                            : loaded 2 times (x 127B)
Class org.jetbrains.kotlin.util.OperatorNameConventions                               : loaded 2 times (x 73B)
Class org.jetbrains.kotlin.psi.KtSafeQualifiedExpression                              : loaded 2 times (x 509B)
Class [Lorg.jetbrains.kotlin.psi.KtTypeArgumentList;                                  : loaded 2 times (x 71B)
Class [Lorg.jetbrains.kotlin.psi.KtPackageDirective;                                  : loaded 2 times (x 71B)
Class org.jetbrains.kotlin.psi.stubs.elements.KtImportAliasElementType                : loaded 2 times (x 102B)
Class [Lorg.jetbrains.kotlin.psi.KtAnnotationsContainer;                              : loaded 2 times (x 71B)
Class org.jetbrains.kotlin.scripting.compiler.plugin.ScriptingK2CompilerPluginRegistrar: loaded 2 times (x 76B)
Class org.jetbrains.kotlin.name.NameUtils                                             : loaded 2 times (x 73B)
Class org.jetbrains.kotlin.fir.types.impl.FirImplicitThrowableTypeRef                 : loaded 2 times (x 111B)
Class [Lorg.jetbrains.kotlin.fir.caches.FirCachesFactory$ValueReferenceStrength;      : loaded 2 times (x 71B)
Class com.android.tools.lint.model.LintModelExternalLibrary                           : loaded 2 times (x 72B)
Class org.jetbrains.kotlin.mpp.CallableSymbolMarker                                   : loaded 2 times (x 72B)
Class kotlin.jvm.internal.KTypeBase                                                   : loaded 2 times (x 72B)
Class kotlin.reflect.jvm.internal.impl.metadata.jvm.JvmProtoBuf$StringTableTypes$RecordOrBuilder: loaded 2 times (x 72B)
Class kotlin.reflect.jvm.internal.impl.metadata.jvm.deserialization.JvmNameResolver   : loaded 2 times (x 79B)
Class kotlin.reflect.jvm.internal.impl.types.DelegatingSimpleType                     : loaded 2 times (x 93B)
Class kotlin.reflect.jvm.internal.impl.types.AbstractClassTypeConstructor             : loaded 2 times (x 99B)
Class kotlin.reflect.jvm.internal.impl.descriptors.PackageFragmentDescriptor          : loaded 2 times (x 72B)
Class kotlin.reflect.jvm.internal.impl.resolve.constants.UnsignedValueConstant        : loaded 2 times (x 76B)
Class org.jetbrains.kotlin.descriptors.DelegatedDescriptorVisibility                  : loaded 2 times (x 81B)
Class org.jetbrains.kotlin.serialization.deserialization.ProtoEnumFlagsUtilsKt$WhenMappings: loaded 2 times (x 73B)
Class org.jetbrains.kotlin.load.kotlin.header.KotlinClassHeader                       : loaded 2 times (x 74B)
Class org.jetbrains.kotlin.incremental.storage.MapExternalizer                        : loaded 2 times (x 82B)
Class org.jetbrains.kotlin.gradle.tasks.GradleCompileTaskProviderKt                   : loaded 2 times (x 73B)
Class org.jetbrains.kotlin.gradle.plugin.SubpluginEnvironment$Companion               : loaded 2 times (x 73B)
Class org.jetbrains.kotlin.gradle.plugin.mpp.ApplyUserDefinedAttributesKt$UserDefinedAttributesSetupAction$1$1$3: loaded 2 times (x 77B)
Class org.jetbrains.kotlin.gradle.tasks.configuration.BaseKotlinCompileConfig$Companion: loaded 2 times (x 73B)
Class org.jetbrains.kotlin.gradle.plugin.mpp.compilationImpl.KotlinCompilationImpl$Params: loaded 2 times (x 74B)
Class org.jetbrains.kotlin.gradle.tooling.BuildKotlinToolingMetadataTask              : loaded 2 times (x 316B)
Class org.jetbrains.kotlin.gradle.plugin.internal.CompatibilityConventionRegistrarKt  : loaded 2 times (x 73B)
Class org.jetbrains.kotlin.konan.target.UtilsKt                                       : loaded 2 times (x 73B)
Class org.jetbrains.kotlin.gradle.artifacts.KotlinJvmJarArtifactKt                    : loaded 2 times (x 73B)
Class org.jetbrains.kotlin.gradle.plugin.mpp.compilationImpl.CreateCInteropTasksSideEffectKt$special$$inlined$KotlinCompilationSideEffect$1: loaded 2 times (x 76B)
Class org.jetbrains.kotlin.gradle.plugin.statistics.FinalizeConfigurationFusMetricActionKt: loaded 2 times (x 73B)
Class org.jetbrains.kotlin.gradle.targets.native.toolchain.KotlinNativeBundleBuildService$Companion$registerIfAbsent$2$1: loaded 2 times (x 81B)
Class org.jetbrains.kotlin.gradle.plugin.statistics.KotlinBuildStatsBeanService       : loaded 2 times (x 89B)
Class org.jetbrains.kotlin.gradle.plugin.internal.MavenPublicationComponentAccessor$Factory: loaded 2 times (x 72B)
Class org.jetbrains.kotlin.builtins.functions.FunctionTypeKindExtractor               : loaded 2 times (x 74B)
Class org.jetbrains.kotlin.fir.types.ConeKotlinTypeProjection                         : loaded 2 times (x 75B)
Class org.jetbrains.kotlin.name.FqNamesUtilKt                                         : loaded 2 times (x 73B)
Class org.jetbrains.kotlin.fir.deserialization.FirDeserializationExtension            : loaded 2 times (x 79B)
Class org.jetbrains.kotlin.cli.jvm.index.JvmDependenciesIndexImpl$Cache               : loaded 2 times (x 74B)
Class org.jetbrains.kotlin.descriptors.EffectiveVisibility$Protected                  : loaded 2 times (x 77B)
Class kotlin.reflect.jvm.internal.CachesKt$$Lambda$1                                  : loaded 2 times (x 77B)
Class org.gradle.internal.classloader.DefaultClassLoaderFactory                       : loaded 2 times (x 84B)
Class com.google.common.base.Suppliers                                                : loaded 2 times (x 73B)
Class org.jetbrains.kotlin.psi.KtElementImpl                                          : loaded 2 times (x 377B)
Class org.jetbrains.kotlin.psi.KtDelegatedSuperTypeEntry                              : loaded 2 times (x 447B)
Class org.jetbrains.kotlin.psi.KtPrimaryConstructor                                   : loaded 2 times (x 1346B)
Class [Lorg.jetbrains.kotlin.psi.KtModifierListOwner;                                 : loaded 2 times (x 71B)
Class it.unimi.dsi.fastutil.HashCommon                                                : loaded 2 times (x 73B)
Class [Lcom.google.common.cache.CacheBuilder$OneWeigher;                              : loaded 2 times (x 71B)
Class com.android.tools.lint.model.LintModelVariant                                   : loaded 2 times (x 72B)
Class org.objectweb.asm.MethodTooLargeException                                       : loaded 2 times (x 84B)
Class kotlin.reflect.jvm.internal.impl.metadata.jvm.deserialization.JvmMemberSignature: loaded 2 times (x 76B)
Class kotlin.reflect.jvm.internal.impl.load.java.lazy.descriptors.LazyJavaClassMemberScope: loaded 2 times (x 106B)
Class kotlin.reflect.jvm.internal.impl.types.AbstractTypeRefiner                      : loaded 2 times (x 74B)
Class kotlin.reflect.jvm.internal.impl.load.java.lazy.JavaResolverComponents          : loaded 2 times (x 74B)
Class org.jetbrains.kotlin.incremental.KotlinClassInfo$ExtraInfo                      : loaded 2 times (x 74B)
Class org.jetbrains.kotlin.metadata.deserialization.Flags                             : loaded 2 times (x 73B)
Class org.jetbrains.org.objectweb.asm.Symbol                                          : loaded 2 times (x 75B)
Class org.jetbrains.kotlin.gradle.internal.properties.PropertiesBuildService$MemoizedCallable$value$2: loaded 2 times (x 81B)
Class org.apache.commons.compress.archivers.zip.FileRandomAccessOutputStream          : loaded 2 times (x 92B)
Class org.jetbrains.kotlin.gradle.tasks.configuration.AbstractKotlinCompileConfig$1$1 : loaded 2 times (x 76B)
Class org.jetbrains.kotlin.gradle.tasks.KotlinCompile$kotlinOptions$1                 : loaded 2 times (x 81B)
Class org.jetbrains.kotlin.tooling.core.ExtrasLazyProperty                            : loaded 2 times (x 72B)
Class org.jetbrains.kotlin.gradle.internal.properties.NativeProperties$Companion      : loaded 2 times (x 73B)
Class org.jetbrains.kotlin.gradle.utils.StringUtilsKt                                 : loaded 2 times (x 73B)
Class org.jetbrains.kotlin.gradle.targets.ConfigureBuildSideEffectKt$ConfigureBuildSideEffect$1: loaded 2 times (x 76B)
Class org.jetbrains.kotlin.gradle.utils.CompletableFuture                             : loaded 2 times (x 72B)
Class org.jetbrains.kotlin.gradle.plugin.diagnostics.DiagnosticGroup$Kgp$Misconfiguration: loaded 2 times (x 84B)
Class [Lorg.jetbrains.kotlin.statistics.metrics.StringOverridePolicy;                 : loaded 2 times (x 71B)
Class org.jetbrains.kotlin.gradle.plugin.internal.JavaExecTaskParametersCompatibility : loaded 2 times (x 72B)
Class com.google.common.cache.LocalCache$LoadingValueReference                        : loaded 2 times (x 98B)
Class org.jetbrains.kotlin.fir.SessionAndScopeSessionHolder                           : loaded 2 times (x 72B)
Class org.jetbrains.kotlin.fir.symbols.impl.FirClassLikeSymbol                        : loaded 2 times (x 84B)
Class org.jetbrains.kotlin.fir.types.impl.FirImplicitNothingTypeRef                   : loaded 2 times (x 111B)
Class com.android.utils.PositionXmlParser$DomBuilder                                  : loaded 2 times (x 150B)
Class [Lorg.jetbrains.kotlin.statistics.ValueAnonymizer;                              : loaded 2 times (x 71B)
Class org.jetbrains.kotlin.gradle.plugin.KotlinGradleBuildServices                    : loaded 2 times (x 82B)
Class kotlin.reflect.jvm.internal.CachesKt$$Lambda$2                                  : loaded 2 times (x 77B)
Class org.jetbrains.kotlin.gradle.targets.native.toolchain.KotlinNativeBundleBuildService: loaded 2 times (x 78B)
Class org.jetbrains.kotlin.psi.KtWhenConditionIsPattern                               : loaded 2 times (x 379B)
Class org.jetbrains.kotlin.psi.stubs.KotlinBlockStringTemplateEntryStub               : loaded 2 times (x 72B)
Class [Lorg.jetbrains.kotlin.psi.KtTypeReference;                                     : loaded 2 times (x 71B)
Class [Lorg.jetbrains.kotlin.psi.KtImportInfo;                                        : loaded 2 times (x 71B)
Class org.jetbrains.kotlin.psi.stubs.elements.KtContractEffectListElementType         : loaded 2 times (x 105B)
Class org.jetbrains.kotlin.gradle.targets.native.toolchain.KotlinNativeBundleBuildService$Parameters: loaded 2 times (x 72B)
Class org.jetbrains.kotlin.name.StandardClassIds                                      : loaded 2 times (x 73B)
Class org.jetbrains.kotlin.gradle.tasks.DefaultKotlinJavaToolchain                    : loaded 2 times (x 79B)
Class org.jetbrains.kotlin.gradle.tasks.DefaultKotlinJavaToolchain$Companion          : loaded 2 times (x 73B)
Class [Lcom.android.tools.lint.model.LintModelArtifactType;                           : loaded 2 times (x 71B)
Class com.android.tools.lint.model.LintModelMavenName                                 : loaded 2 times (x 72B)
Class com.google.common.base.Platform$JdkPatternCompiler                              : loaded 2 times (x 77B)
Class org.jetbrains.kotlin.incremental.ClasspathSnapshotFiles$Companion               : loaded 2 times (x 73B)
Class kotlin.reflect.jvm.internal.impl.descriptors.impl.SimpleFunctionDescriptorImpl  : loaded 2 times (x 200B)
Class kotlin.reflect.jvm.internal.impl.serialization.deserialization.descriptors.DeserializedCallableMemberDescriptor: loaded 2 times (x 72B)
Class kotlin.reflect.jvm.internal.impl.serialization.deserialization.builtins.BuiltInsPackageFragmentImpl: loaded 2 times (x 113B)
Class kotlin.reflect.jvm.internal.impl.metadata.ProtoBuf$VersionRequirement$VersionKind: loaded 2 times (x 84B)
Class kotlin.reflect.jvm.internal.impl.descriptors.runtime.components.ReflectKotlinClassFinderKt: loaded 2 times (x 73B)
Class kotlin.reflect.jvm.internal.impl.descriptors.impl.ModuleDependenciesImpl        : loaded 2 times (x 79B)
Class kotlin.reflect.jvm.internal.impl.resolve.jvm.SyntheticJavaPartsProvider$Companion: loaded 2 times (x 73B)
Class kotlin.reflect.jvm.internal.impl.resolve.jvm.SyntheticJavaPartsProvider         : loaded 2 times (x 72B)
Class kotlin.reflect.jvm.internal.impl.load.java.JavaTypeEnhancementState$Companion   : loaded 2 times (x 73B)
Class kotlin.reflect.jvm.internal.impl.builtins.jvm.JvmBuiltIns$WhenMappings          : loaded 2 times (x 73B)
Class org.jetbrains.kotlin.incremental.ClassProtoData                                 : loaded 2 times (x 74B)
Class org.jetbrains.kotlin.inline.InlineFunctionOrAccessor                            : loaded 2 times (x 72B)
Class org.jetbrains.kotlin.incremental.classpathDiff.impl.BasicClassInfoClassVisitor  : loaded 2 times (x 90B)
Class org.jetbrains.kotlin.gradle.plugin.KotlinPluginLifecycle$ProjectConfigurationResult$Failure: loaded 2 times (x 74B)
Class jdk.internal.jimage.decompressor.ResourceDecompressorRepository                 : loaded 2 times (x 73B)
Class com.google.common.reflect.Invokable$MethodInvokable                             : loaded 2 times (x 109B)
Class com.google.common.collect.CollectSpliterators                                   : loaded 2 times (x 73B)
Class com.google.common.collect.AbstractMapBasedMultimap$AsMap                        : loaded 2 times (x 130B)
Class com.google.common.collect.MapMakerInternalMap$StrongKeyDummyValueEntry          : loaded 2 times (x 84B)
Class com.google.common.io.LineReader$1                                               : loaded 2 times (x 77B)
Class org.jetbrains.kotlin.gradle.tasks.configuration.AbstractKotlinCompileConfig$getClasspathSnapshotDir$1: loaded 2 times (x 76B)
Class org.jetbrains.kotlin.gradle.tasks.configuration.AbstractKotlinCompileConfig$1$2 : loaded 2 times (x 76B)
Class org.jetbrains.kotlin.gradle.plugin.statistics.ConfigurationMetricsBuildFusParameters: loaded 2 times (x 72B)
Class org.jetbrains.kotlin.gradle.tasks.configuration.AbstractKotlinCompileConfigKt$explicitApiMode$1: loaded 2 times (x 77B)
Class com.google.common.base.Platform                                                 : loaded 2 times (x 73B)
Class com.google.common.collect.Multimaps$Entries                                     : loaded 2 times (x 120B)
Class org.jetbrains.kotlin.gradle.plugin.diagnostics.checkers.CommonMainOrTestWithDependsOnChecker: loaded 2 times (x 76B)
Class org.jetbrains.kotlin.gradle.artifacts.KotlinNativeHostSpecificMetadataArtifactKt: loaded 2 times (x 73B)
Class org.jetbrains.kotlin.gradle.plugin.mpp.compilationImpl.KotlinCreateLifecycleTasksSideEffectKt: loaded 2 times (x 73B)
Class org.jetbrains.kotlin.gradle.plugin.KotlinTarget                                 : loaded 2 times (x 72B)
Class org.jetbrains.kotlin.gradle.utils.ConfigurationsKt$createResolvable$1           : loaded 2 times (x 80B)
Class [Lorg.jetbrains.kotlin.statistics.metrics.BooleanAnonymizationPolicy;           : loaded 2 times (x 71B)
Class org.jetbrains.kotlin.fir.scopes.jvm.FirJvmDelegatedMembersFilter                : loaded 2 times (x 75B)
Class org.jetbrains.kotlin.fir.FirLanguageSettingsComponentKt                         : loaded 2 times (x 73B)
Class kotlin.reflect.jvm.internal.KMutableProperty1Impl$$Lambda$0                     : loaded 2 times (x 78B)
Class org.jetbrains.kotlin.load.java.structure.JavaModifierListOwner                  : loaded 2 times (x 72B)
Class org.jetbrains.kotlin.resolve.extensions.AnalysisHandlerExtension                : loaded 2 times (x 72B)
Class kotlinx.coroutines.EventLoopImplPlatform                                        : loaded 2 times (x 109B)
Class org.apache.commons.compress.compressors.CompressorInputStream                   : loaded 2 times (x 99B)
Class kotlin.coroutines.jvm.internal.RestrictedSuspendLambda                          : loaded 2 times (x 93B)
Class kotlin.reflect.jvm.internal.CachesKt$$Lambda$3                                  : loaded 2 times (x 77B)
Class org.jetbrains.kotlin.lexer.KtKeywordToken                                       : loaded 2 times (x 80B)
Class [Lorg.jetbrains.kotlin.psi.KtPureElement;                                       : loaded 2 times (x 71B)
Class org.jetbrains.kotlin.config.LanguageVersionSettings$Companion                   : loaded 2 times (x 73B)
Class org.jetbrains.kotlin.name.StandardClassIdsKt                                    : loaded 2 times (x 73B)
Class com.android.tools.lint.model.LintModelLibrary                                   : loaded 2 times (x 72B)
Class com.google.common.collect.MapMakerInternalMap$StrongKeyDummyValueEntry$LinkedStrongKeyDummyValueEntry: loaded 2 times (x 84B)
Class org.jetbrains.kotlin.metadata.ProtoBuf$Effect$EffectType                        : loaded 2 times (x 84B)
Class kotlin.reflect.jvm.internal.impl.serialization.deserialization.FlexibleTypeDeserializer: loaded 2 times (x 72B)
Class kotlin.reflect.jvm.internal.impl.descriptors.impl.AbstractClassDescriptor       : loaded 2 times (x 176B)
Class kotlin.reflect.jvm.internal.impl.protobuf.LiteralByteString                     : loaded 2 times (x 104B)
Class kotlin.reflect.jvm.internal.calls.CallerImpl$Method$Instance                    : loaded 2 times (x 83B)
Class kotlin.reflect.jvm.internal.calls.CallerImpl$Companion                          : loaded 2 times (x 73B)
Class [Lkotlin.reflect.jvm.internal.impl.descriptors.DeclarationDescriptorWithSource; : loaded 2 times (x 71B)
Class kotlin.reflect.jvm.internal.impl.protobuf.GeneratedMessageLite$ExtendableMessage$ExtensionWriter: loaded 2 times (x 75B)
Class kotlin.reflect.jvm.internal.impl.descriptors.PackageFragmentProviderKt          : loaded 2 times (x 73B)
Class kotlin.reflect.jvm.internal.impl.serialization.deserialization.ClassDeserializer$Companion: loaded 2 times (x 73B)
Class kotlin.reflect.jvm.internal.impl.protobuf.ByteString$ByteIterator               : loaded 2 times (x 72B)
Class kotlin.reflect.jvm.internal.impl.resolve.constants.ShortValue                   : loaded 2 times (x 76B)
Class org.jetbrains.kotlin.metadata.ProtoBuf$Effect$InvocationKind                    : loaded 2 times (x 84B)
Class org.jetbrains.kotlin.metadata.SerializationPluginMetadataExtensions             : loaded 2 times (x 73B)
Class org.jetbrains.kotlin.load.kotlin.header.ReadKotlinClassHeaderAnnotationVisitor  : loaded 2 times (x 82B)
Class org.jetbrains.kotlin.build.report.metrics.GradleBuildTimeMetric                 : loaded 2 times (x 74B)
Class kotlin.reflect.jvm.internal.impl.metadata.ProtoBuf$Contract$1                   : loaded 2 times (x 89B)
Class com.google.common.collect.AbstractMapBasedMultimap$WrappedList                  : loaded 2 times (x 207B)
Class [Lorg.apache.commons.compress.archivers.zip.ZipMethod;                          : loaded 2 times (x 71B)
Class com.google.common.collect.CompoundOrdering                                      : loaded 2 times (x 117B)
Class [Lorg.jetbrains.kotlin.build.report.metrics.BuildAttributeKind;                 : loaded 2 times (x 71B)
Class org.jetbrains.kotlin.gradle.tasks.K2MultiplatformStructure                      : loaded 2 times (x 76B)
Class org.jetbrains.kotlin.gradle.internal.KotlinDependenciesManagementKt$allNonProjectDependencies$1: loaded 2 times (x 76B)
Class org.jetbrains.kotlin.compilerRunner.CompilerSystemPropertiesService$Parameters  : loaded 2 times (x 72B)
Class org.jetbrains.kotlin.gradle.plugin.mpp.compilationImpl.KotlinCompilationSourceSetsContainer: loaded 2 times (x 72B)
Class org.jetbrains.kotlin.gradle.artifacts.KotlinNativeKlibArtifactKt                : loaded 2 times (x 73B)
Class org.jetbrains.kotlin.gradle.plugin.ProjectLocalConfigurations                   : loaded 2 times (x 73B)
Class org.jetbrains.kotlin.gradle.plugin.mpp.KotlinUsages$KotlinUsagesDisambiguation  : loaded 2 times (x 78B)
Class org.jetbrains.kotlin.gradle.plugin.diagnostics.KotlinToolingDiagnosticsCollector$Parameter: loaded 2 times (x 72B)
Class org.jetbrains.kotlin.gradle.plugin.diagnostics.KotlinToolingDiagnosticsCollectorKt$kotlinToolingDiagnosticsCollectorProvider$1: loaded 2 times (x 77B)
Class org.jetbrains.kotlin.tooling.core.Extras$Key$Companion                          : loaded 2 times (x 73B)
Class org.jetbrains.kotlin.tooling.core.Extras$Key                                    : loaded 2 times (x 74B)
Class [Lorg.objectweb.asm.AnnotationWriter;                                           : loaded 2 times (x 71B)
Class [Lorg.jetbrains.kotlin.descriptors.ClassKind;                                   : loaded 2 times (x 71B)
Class kotlin.reflect.jvm.internal.impl.metadata.ProtoBuf$PropertyOrBuilder            : loaded 2 times (x 72B)
Class org.jetbrains.kotlin.metadata.ProtoBuf$PackageFragmentOrBuilder                 : loaded 2 times (x 72B)
Class org.jetbrains.kotlin.fir.resolve.providers.impl.AbstractFirBuiltinSymbolProvider$BuiltInsPackageFragment: loaded 2 times (x 74B)
Class org.jetbrains.kotlin.fir.builder.FirAnnotationContainerBuilder                  : loaded 2 times (x 72B)
Class org.jetbrains.kotlin.fir.symbols.impl.FirThisOwnerSymbol                        : loaded 2 times (x 72B)
Class org.jetbrains.kotlin.parsing.TokenStreamPredicate                               : loaded 2 times (x 72B)
Class org.jetbrains.kotlin.metadata.jvm.JvmModuleProtoBuf$PackageParts                : loaded 2 times (x 130B)
Class kotlin.reflect.jvm.internal.impl.builtins.jvm.JvmBuiltInsPackageFragmentProvider: loaded 2 times (x 87B)
Class org.jetbrains.kotlin.cli.jvm.compiler.JvmPackagePartProviderKt                  : loaded 2 times (x 73B)
Class kotlin.sequences.SequencesKt__SequenceBuilderKt$sequence$$inlined$Sequence$1    : loaded 2 times (x 77B)
Class kotlin.reflect.jvm.internal.CachesKt$$Lambda$4                                  : loaded 2 times (x 77B)
Class org.jetbrains.kotlin.psi.KtFunctionLiteral                                      : loaded 2 times (x 1273B)
Class [Lorg.jetbrains.kotlin.psi.KtStringTemplateEntry;                               : loaded 2 times (x 71B)
Class org.jetbrains.kotlin.psi.stubs.elements.KtDotQualifiedExpressionElementType     : loaded 2 times (x 105B)
Class [Lorg.jetbrains.kotlin.psi.KtImportAlias;                                       : loaded 2 times (x 71B)
Class org.jetbrains.kotlin.psi.stubs.KotlinPropertyAccessorStub                       : loaded 2 times (x 72B)
Class [Lorg.jetbrains.kotlin.psi.KtNamedDeclaration;                                  : loaded 2 times (x 71B)
Class kotlin.collections.ArrayAsCollection                                            : loaded 2 times (x 107B)
Class kotlin.reflect.jvm.internal.impl.load.kotlin.KotlinClassFinder$Result           : loaded 2 times (x 73B)
Class kotlin.reflect.jvm.internal.impl.resolve.OverridingUtil$8                       : loaded 2 times (x 73B)
Class com.android.utils.EnvironmentProvider                                           : loaded 2 times (x 72B)
Class kotlin.reflect.jvm.internal.impl.resolve.OverridingUtilTypeSystemContext        : loaded 2 times (x 171B)
Class com.android.tools.lint.model.LintModelModule                                    : loaded 2 times (x 72B)
Class kotlin.reflect.jvm.internal.impl.utils.SmartSet$SingletonIterator               : loaded 2 times (x 83B)
Class kotlin.reflect.jvm.internal.impl.resolve.calls.inference.CapturedTypeConstructorKt: loaded 2 times (x 73B)
Class kotlin.reflect.jvm.internal.impl.types.model.TypeParameterMarker                : loaded 2 times (x 72B)
Class kotlin.reflect.jvm.internal.impl.metadata.deserialization.Flags$FlagField       : loaded 2 times (x 75B)
Class kotlin.reflect.jvm.internal.impl.descriptors.impl.VariableDescriptorImpl        : loaded 2 times (x 143B)
Class kotlin.reflect.jvm.internal.impl.descriptors.ClassConstructorDescriptor         : loaded 2 times (x 72B)
Class kotlin.reflect.jvm.internal.impl.renderer.OverrideRenderingPolicy               : loaded 2 times (x 81B)
Class kotlin.reflect.jvm.internal.impl.utils.WrappedValues$1                          : loaded 2 times (x 73B)
Class kotlin.reflect.jvm.internal.impl.descriptors.deserialization.PlatformDependentDeclarationFilter: loaded 2 times (x 72B)
Class kotlin.reflect.jvm.internal.impl.descriptors.Named                              : loaded 2 times (x 72B)
Class org.jetbrains.kotlin.metadata.ProtoBuf$Expression$ConstantValue$1               : loaded 2 times (x 76B)
Class org.jetbrains.kotlin.descriptors.DescriptorVisibilities$10                      : loaded 2 times (x 78B)
Class org.jetbrains.org.objectweb.asm.tree.LineNumberNode                             : loaded 2 times (x 80B)
Class com.google.gson.JsonSyntaxException                                             : loaded 2 times (x 84B)
Class org.jetbrains.kotlin.com.google.common.base.Function                            : loaded 2 times (x 72B)
Class org.apache.commons.compress.compressors.bzip2.BZip2Constants                    : loaded 2 times (x 72B)
Class kotlinx.coroutines.EventLoopKt                                                  : loaded 2 times (x 73B)
Class com.google.common.collect.ImmutableRangeSet$Builder                             : loaded 2 times (x 79B)
Class com.google.common.collect.Lists$ReverseList$1                                   : loaded 2 times (x 101B)
Class [Lcom.google.common.collect.Iterators$EmptyModifiableIterator;                  : loaded 2 times (x 71B)
Class org.jetbrains.kotlin.gradle.plugin.diagnostics.CheckKotlinGradlePluginConfigurationErrors: loaded 2 times (x 318B)
Class org.jetbrains.kotlin.gradle.plugin.sources.DefaultKotlinSourceSetKt             : loaded 2 times (x 73B)
Class org.jetbrains.kotlin.gradle.dsl.KotlinJvmOptions                                : loaded 2 times (x 72B)
Class org.jetbrains.kotlin.gradle.plugin.mpp.HierarchyAttributeContainer$1            : loaded 2 times (x 80B)
Class org.jetbrains.kotlin.gradle.plugin.KotlinPluginLifecycle                        : loaded 2 times (x 72B)
Class org.jetbrains.kotlin.gradle.plugin.KotlinJsPluginWrapper                        : loaded 2 times (x 88B)
Class org.jetbrains.kotlin.gradle.dsl.ToolchainSupport                                : loaded 2 times (x 72B)
Class org.jetbrains.kotlin.tooling.core.Extras                                        : loaded 2 times (x 72B)
Class org.jetbrains.kotlin.gradle.plugin.mpp.InternalKotlinTarget                     : loaded 2 times (x 72B)
Class org.jetbrains.kotlin.gradle.fus.BuildUidService$Inject_                         : loaded 2 times (x 102B)
Class org.jetbrains.kotlin.statistics.metrics.NumberAnonymizationPolicy$RANDOM_10_PERCENT: loaded 2 times (x 87B)
Class org.jetbrains.kotlin.statistics.metrics.StringMetrics                           : loaded 2 times (x 81B)
Class com.google.common.cache.LocalCache$StrongValueReference                         : loaded 2 times (x 92B)
Class org.jetbrains.kotlin.fir.declarations.builder.FirClassBuilder                   : loaded 2 times (x 72B)
Class org.jetbrains.kotlin.resolve.jvm.JvmConstants                                   : loaded 2 times (x 73B)
Class [Lorg.jetbrains.kotlin.fir.types.ConeKotlinTypeProjection;                      : loaded 2 times (x 71B)
Class org.jetbrains.kotlin.resolve.calls.inference.components.TrivialConstraintTypeInferenceOracle$Companion: loaded 2 times (x 73B)
Class org.jetbrains.kotlin.fir.scopes.FirLookupDefaultStarImportsInSourcesSettingHolder: loaded 2 times (x 73B)
Class org.jetbrains.kotlin.util.TypeRegistry                                          : loaded 2 times (x 75B)
Class org.jetbrains.kotlin.parsing.AbstractKotlinParsing                              : loaded 2 times (x 103B)
Class org.jetbrains.kotlin.config.JvmTarget$Companion                                 : loaded 2 times (x 73B)
Class org.jetbrains.kotlin.asJava.KotlinAsJavaSupportBase$Companion                   : loaded 2 times (x 73B)
Class org.jetbrains.kotlin.metadata.ProtoBuf$QualifiedNameTable$QualifiedName$1       : loaded 2 times (x 146B)
Class org.jetbrains.kotlin.cli.common.localfs.KotlinLocalVirtualFile$getChildren$$inlined$sortedBy$1: loaded 2 times (x 91B)
Class org.jetbrains.kotlin.psi.stubs.elements.KtPropertyElementType                   : loaded 2 times (x 106B)
Class org.jetbrains.kotlin.load.java.JavaModuleAnnotationsProvider                    : loaded 2 times (x 72B)
Class it.unimi.dsi.fastutil.ints.AbstractIntSet                                       : loaded 2 times (x 235B)
Class [Lorg.jetbrains.kotlin.psi.KtBackingField;                                      : loaded 2 times (x 71B)
Class [Lorg.jetbrains.kotlin.psi.KtScript;                                            : loaded 2 times (x 71B)
Class kotlin.jvm.internal.Ref$ObjectRef                                               : loaded 2 times (x 74B)
Class [Lorg.jetbrains.kotlin.psi.ValueArgumentName;                                   : loaded 2 times (x 71B)
Class org.jetbrains.kotlin.cli.jvm.compiler.KotlinCoreApplicationEnvironment          : loaded 2 times (x 96B)
Class org.jetbrains.kotlin.psi.KtWhenEntryGuard                                       : loaded 2 times (x 377B)
Class kotlin.reflect.jvm.internal.JvmFunctionSignature$KotlinFunction                 : loaded 2 times (x 75B)
Class kotlin.reflect.jvm.internal.impl.metadata.jvm.deserialization.ClassMapperLite   : loaded 2 times (x 73B)
Class kotlin.reflect.jvm.internal.impl.descriptors.impl.AbstractLazyTypeParameterDescriptor: loaded 2 times (x 125B)
Class [Lkotlin.reflect.jvm.internal.impl.metadata.ProtoBuf$Visibility;                : loaded 2 times (x 71B)
Class kotlin.reflect.jvm.internal.impl.metadata.jvm.deserialization.UtfEncodingKt     : loaded 2 times (x 73B)
Class kotlin.reflect.jvm.internal.impl.descriptors.runtime.components.ReflectKotlinClass$Factory: loaded 2 times (x 73B)
Class kotlin.reflect.jvm.internal.impl.serialization.deserialization.DeserializationConfiguration: loaded 2 times (x 72B)
Class kotlin.reflect.jvm.internal.impl.load.kotlin.header.KotlinClassHeader$Kind$Companion: loaded 2 times (x 73B)
Class org.jetbrains.kotlin.descriptors.DescriptorVisibilities$11                      : loaded 2 times (x 78B)
Class org.apache.commons.compress.archivers.zip.UnicodeCommentExtraField              : loaded 2 times (x 95B)
Class org.jetbrains.kotlin.gradle.tasks.CompilerPluginOptions                         : loaded 2 times (x 74B)
Class [Lcom.google.gson.stream.JsonToken;                                             : loaded 2 times (x 71B)
Class org.jetbrains.kotlin.gradle.plugin.mpp.KotlinTargetSoftwareComponentImpl        : loaded 2 times (x 92B)
Class org.jetbrains.kotlin.gradle.plugin.mpp.DefaultKotlinUsageContext$PublishOnlyIf  : loaded 2 times (x 72B)
Class org.jetbrains.kotlin.gradle.dsl.KotlinCommonCompilerOptionsHelper               : loaded 2 times (x 73B)
Class org.jetbrains.kotlin.gradle.plugin.KotlinJvmPlugin$Companion                    : loaded 2 times (x 73B)
Class org.jetbrains.kotlin.gradle.artifacts.KotlinMetadataArtifactKt                  : loaded 2 times (x 73B)
Class org.jetbrains.kotlin.gradle.targets.CreateArtifactsSideEffectKt$CreateArtifactsSideEffect$1: loaded 2 times (x 76B)
Class org.jetbrains.kotlin.gradle.plugin.diagnostics.KotlinToolingDiagnostics         : loaded 2 times (x 73B)
Class org.jetbrains.kotlin.gradle.internal.properties.PropertiesBuildService$property$1$valueFromGradleAndLocalProperties$1: loaded 2 times (x 77B)
Class org.jetbrains.kotlin.gradle.plugin.KotlinPluginWrapperKt$kotlinToolingVersion$2 : loaded 2 times (x 80B)
Class org.gradle.internal.classloader.VisitableURLClassLoader$InstrumentingVisitableURLClassLoader: loaded 2 times (x 124B)
Class com.google.common.collect.MapMakerInternalMap$AbstractWeakKeyEntry              : loaded 2 times (x 90B)
Class org.jetbrains.kotlin.fir.resolve.ScopeSessionKey                                : loaded 2 times (x 73B)
Class org.jetbrains.kotlin.fir.java.enhancement.FirEnhancedSymbolsStorage             : loaded 2 times (x 74B)
Class org.jetbrains.kotlin.builtins.functions.FunctionTypeKind$KSuspendFunction       : loaded 2 times (x 79B)
Class org.jetbrains.kotlin.lexer._JetLexer                                            : loaded 2 times (x 85B)
Class kotlin.reflect.jvm.internal.KPropertyImpl$$Lambda$0                             : loaded 2 times (x 78B)
Class org.jetbrains.kotlin.load.kotlin.VirtualFileFinderFactory                       : loaded 2 times (x 72B)
Class org.jetbrains.kotlin.parsing.KotlinParser                                       : loaded 2 times (x 77B)
Class org.jetbrains.kotlin.metadata.ProtoBuf$QualifiedNameTable$1                     : loaded 2 times (x 146B)
Class org.jetbrains.kotlin.storage.LockBasedStorageManager$MapBasedMemoizedFunction   : loaded 2 times (x 84B)
Class org.jetbrains.kotlin.types.model.TypeConstructorMarker                          : loaded 2 times (x 72B)
Class org.jetbrains.kotlin.fir.scopes.FirPlatformClassMapper$Default                  : loaded 2 times (x 77B)
Class org.jetbrains.kotlin.fir.expressions.FirStatement                               : loaded 2 times (x 72B)
Class org.jetbrains.kotlin.psi.stubs.elements.KtCollectionLiteralExpressionElementType: loaded 2 times (x 102B)
Class org.jetbrains.kotlin.psi.KtValueArgumentName                                    : loaded 2 times (x 449B)
Class org.jetbrains.kotlin.psi.KtTypeConstraintList                                   : loaded 2 times (x 444B)
Class [Lorg.jetbrains.kotlin.psi.KtParameter;                                         : loaded 2 times (x 71B)
Class org.jetbrains.kotlin.psi.KtParameter                                            : loaded 2 times (x 1227B)
Class kotlin.coroutines.Continuation                                                  : loaded 2 times (x 72B)
Class kotlin.coroutines.CoroutineContext$Element$DefaultImpls                         : loaded 2 times (x 73B)
Class org.jetbrains.kotlin.fir.symbols.FirBasedSymbol                                 : loaded 2 times (x 74B)
Class org.jetbrains.kotlin.fir.declarations.FirTypeSpecificityComparatorProvider      : loaded 2 times (x 74B)
Class org.jetbrains.kotlin.fir.resolve.providers.FirSymbolProviderKt                  : loaded 2 times (x 73B)
Class com.android.tools.lint.model.LintModelArtifactType                              : loaded 2 times (x 81B)
Class [Lorg.objectweb.asm.Symbol;                                                     : loaded 2 times (x 71B)
Class org.jetbrains.kotlin.gradle.dsl.KotlinProjectExtension                          : loaded 2 times (x 130B)
Class org.jetbrains.kotlin.gradle.internal.properties.PropertiesBuildService$BooleanGradleProperty: loaded 2 times (x 78B)
Class kotlin.reflect.jvm.internal.impl.metadata.jvm.deserialization.JvmFlags          : loaded 2 times (x 73B)
Class [Lorg.jetbrains.kotlin.cli.common.arguments.Disables;                           : loaded 2 times (x 71B)
Class kotlin.reflect.jvm.internal.impl.load.java.lazy.LazyJavaTypeParameterResolver   : loaded 2 times (x 77B)
Class kotlin.reflect.jvm.internal.impl.load.java.structure.JavaModifierListOwner      : loaded 2 times (x 72B)
Class kotlin.reflect.jvm.internal.impl.serialization.deserialization.NameResolverUtilKt: loaded 2 times (x 73B)
Class kotlin.reflect.jvm.internal.impl.metadata.ProtoBuf$EnumEntryOrBuilder           : loaded 2 times (x 72B)
Class kotlin.reflect.jvm.internal.impl.metadata.ProtoBuf$VersionRequirementTable      : loaded 2 times (x 98B)
Class [Lkotlin.reflect.jvm.internal.impl.renderer.PropertyAccessorRenderingPolicy;    : loaded 2 times (x 71B)
Class [Lkotlin.reflect.jvm.internal.impl.renderer.ParameterNameRenderingPolicy;       : loaded 2 times (x 71B)
Class kotlin.reflect.jvm.internal.impl.load.java.lazy.LazyJavaResolverContext         : loaded 2 times (x 74B)
Class org.jetbrains.kotlin.descriptors.DescriptorVisibilities$12                      : loaded 2 times (x 78B)
Class com.google.common.collect.MapMakerInternalMap$StrongKeyDummyValueEntry$Helper   : loaded 2 times (x 81B)
Class org.apache.commons.compress.archivers.zip.X0016_CertificateIdForCentralDirectory: loaded 2 times (x 94B)
Class [Lorg.jetbrains.kotlin.gradle.tasks.KotlinCompilerExecutionStrategy;            : loaded 2 times (x 71B)
Class org.jetbrains.kotlin.gradle.tasks.FailedCompilationException                    : loaded 2 times (x 84B)
Class org.jetbrains.kotlin.gradle.plugin.mpp.DefaultKotlinUsageContext$1              : loaded 2 times (x 76B)
Class org.jetbrains.kotlin.gradle.plugin.mpp.compilationImpl.KotlinCompilationImpl$associateWith$2: loaded 2 times (x 81B)
Class org.jetbrains.kotlin.gradle.plugin.hierarchy.KotlinSourceSetTreeClassifier      : loaded 2 times (x 72B)
Class org.jetbrains.kotlin.gradle.plugin.mpp.compilationImpl.KotlinCompilationAssociator: loaded 2 times (x 72B)
Class org.jetbrains.kotlin.gradle.utils.WhenEvaluatedKt$whenEvaluated$afterAndroidDispatchQueue$1$1$1: loaded 2 times (x 77B)
Class org.jetbrains.kotlin.gradle.plugin.mpp.KotlinNativeTarget                       : loaded 2 times (x 166B)
Class org.jetbrains.kotlin.gradle.plugin.diagnostics.checkers.KotlinSourceSetTreeDependsOnMismatchChecker$runChecks$1: loaded 2 times (x 89B)
Class org.jetbrains.kotlin.gradle.plugin.diagnostics.checkers.PreHmppDependenciesUsageChecker$runChecks$1: loaded 2 times (x 89B)
Class org.jetbrains.kotlin.gradle.utils.ProjectExtensionsKt                           : loaded 2 times (x 73B)
Class org.jetbrains.kotlin.gradle.plugin.KotlinSourceSetTree$Companion                : loaded 2 times (x 73B)
Class org.jetbrains.kotlin.konan.target.UtilsKt$evaluatePresetName$1                  : loaded 2 times (x 80B)
Class org.jetbrains.kotlin.gradle.plugin.diagnostics.KotlinGradleProjectChecker$Companion: loaded 2 times (x 73B)
Class org.jetbrains.kotlin.gradle.plugin.KotlinGradleBuildServices$Parameters         : loaded 2 times (x 72B)
Class org.jetbrains.kotlin.gradle.plugin.statistics.BuildFusService$Companion$registerIfAbsent$1$1$1: loaded 2 times (x 77B)
Class org.jetbrains.kotlin.statistics.fileloggers.MetricsContainer$Companion          : loaded 2 times (x 73B)
Class org.objectweb.asm.ByteVector                                                    : loaded 2 times (x 81B)
Class [Lcom.google.common.cache.CacheBuilder$NullListener;                            : loaded 2 times (x 71B)
Class org.gradle.internal.classloader.VisitableURLClassLoader$Spec                    : loaded 2 times (x 76B)
Class org.gradle.internal.classpath.DefaultClassPath                                  : loaded 2 times (x 92B)
Class org.jetbrains.kotlin.fir.resolve.FirSamResolver                                 : loaded 2 times (x 82B)
Class org.jetbrains.kotlin.fir.scopes.FirScope                                        : loaded 2 times (x 80B)
Class org.jetbrains.kotlin.parsing.LastBefore                                         : loaded 2 times (x 86B)
Class org.jetbrains.kotlin.lexer._JetLexer$State                                      : loaded 2 times (x 73B)
Class it.unimi.dsi.fastutil.ints.IntArrays                                            : loaded 2 times (x 73B)
Class org.jetbrains.kotlin.gradle.plugin.VariantImplementationFactories$Companion$getProvider$1: loaded 2 times (x 77B)
Class org.jetbrains.kotlin.cli.jvm.compiler.JvmPackagePartProvider                    : loaded 2 times (x 95B)
Class kotlin.Result$Companion                                                         : loaded 2 times (x 73B)
Class kotlin.coroutines.jvm.internal.BaseContinuationImpl                             : loaded 2 times (x 89B)
Class org.jetbrains.kotlin.psi.KtIsExpression                                         : loaded 2 times (x 504B)
Class org.jetbrains.kotlin.psi.KtDeclaration                                          : loaded 2 times (x 72B)
Class it.unimi.dsi.fastutil.Hash$Strategy                                             : loaded 2 times (x 72B)
Class org.jetbrains.kotlin.gradle.plugin.statistics.KotlinBuildStatsBeanService$Companion$initStatsService$1: loaded 2 times (x 81B)
Class org.jetbrains.kotlin.statistics.metrics.StringOverridePolicy$OVERRIDE_VERSION_IF_NOT_SET: loaded 2 times (x 87B)
Class com.android.tools.lint.model.LintModelDependencies                              : loaded 2 times (x 72B)
Class org.jetbrains.kotlin.gradle.plugin.KotlinGradlePluginExtensionPointInternal     : loaded 2 times (x 78B)
Class org.jetbrains.kotlin.gradle.plugin.KotlinTargetComponent                        : loaded 2 times (x 72B)
Class org.jetbrains.kotlin.gradle.dsl.KotlinCommonCompilerToolOptionsHelper           : loaded 2 times (x 73B)
Class org.jetbrains.kotlin.gradle.plugin.KotlinPluginLifecycleImpl$WhenMappings       : loaded 2 times (x 73B)
Class kotlin.reflect.jvm.internal.impl.types.checker.NewTypeVariableConstructor       : loaded 2 times (x 72B)
Class kotlin.reflect.jvm.internal.impl.types.TypeProjectionImpl                       : loaded 2 times (x 84B)
Class kotlin.reflect.jvm.internal.impl.descriptors.runtime.structure.ReflectJavaModifierListOwner: loaded 2 times (x 72B)
Class kotlin.reflect.jvm.internal.impl.protobuf.LazyStringList                        : loaded 2 times (x 72B)
Class kotlin.reflect.jvm.internal.impl.protobuf.RopeByteString$RopeInputStream        : loaded 2 times (x 94B)
Class kotlin.reflect.jvm.internal.impl.load.kotlin.KotlinJvmBinaryClass$AnnotationArgumentVisitor: loaded 2 times (x 72B)
Class kotlin.reflect.jvm.internal.impl.renderer.AnnotationArgumentsRenderingPolicy    : loaded 2 times (x 81B)
Class kotlin.reflect.jvm.internal.impl.load.kotlin.PackagePartProvider$Empty          : loaded 2 times (x 76B)
Class kotlin.reflect.jvm.internal.impl.descriptors.annotations.Annotations$Companion$EMPTY$1: loaded 2 times (x 86B)
Class kotlin.reflect.jvm.internal.impl.descriptors.runtime.components.RuntimeModuleData: loaded 2 times (x 74B)
Class org.jetbrains.kotlin.metadata.ProtoBuf$TypeAlias$1                              : loaded 2 times (x 146B)
Class org.jetbrains.kotlin.incremental.DifferenceCalculator                           : loaded 2 times (x 75B)
Class org.jetbrains.org.objectweb.asm.Handler                                         : loaded 2 times (x 74B)
Class org.jetbrains.kotlin.incremental.impl.ExtraClassInfoGenerator                   : loaded 2 times (x 75B)
Class org.jetbrains.kotlin.com.intellij.util.io.DataExternalizer                      : loaded 2 times (x 72B)
Class jdk.internal.jimage.decompressor.ZipDecompressorFactory                         : loaded 2 times (x 76B)
Class com.google.common.collect.ImmutableSortedMap$1EntrySet$1                        : loaded 2 times (x 215B)
Class org.jetbrains.kotlin.gradle.plugin.DefaultKotlinBasePlugin$addKotlinCompilerConfiguration$2$1$1: loaded 2 times (x 77B)
Class org.jetbrains.kotlin.gradle.plugin.mpp.KotlinSoftwareComponentKt                : loaded 2 times (x 73B)
Class org.jetbrains.kotlin.gradle.plugin.mpp.compilationImpl.KotlinCompilationSourceSetInclusion$AddSourcesToCompileTask: loaded 2 times (x 72B)
Class [Lorg.jetbrains.kotlin.gradle.plugin.HasProject;                                : loaded 2 times (x 71B)
Class org.jetbrains.kotlin.gradle.utils.MutableObservableSetImpl                      : loaded 2 times (x 165B)
Class org.jetbrains.kotlin.gradle.tasks.KotlinTasksProvider                           : loaded 2 times (x 74B)
Class org.jetbrains.kotlin.gradle.dsl.DefaultToolchainSupport$wireToolchainToTasks$1  : loaded 2 times (x 77B)
Class org.jetbrains.kotlin.gradle.dsl.KotlinCommonCompilerOptions                     : loaded 2 times (x 72B)
Class org.jetbrains.kotlin.gradle.plugin.KotlinJsCompilerTypeHolder                   : loaded 2 times (x 72B)
Class org.jetbrains.kotlin.konan.target.Architecture                                  : loaded 2 times (x 81B)
Class org.jetbrains.kotlin.gradle.internal.properties.PropertiesBuildService$MemoizedCallable: loaded 2 times (x 77B)
Class org.jetbrains.kotlin.gradle.plugin.internal.DefaultMavenPublicationComponentAccessorFactory: loaded 2 times (x 78B)
Class org.objectweb.asm.Symbol                                                        : loaded 2 times (x 75B)
Class [Lorg.jetbrains.kotlin.build.report.metrics.GradleBuildTime;                    : loaded 2 times (x 71B)
Class org.jetbrains.kotlin.fir.java.JvmSupertypeUpdater$DelegatedConstructorCallTransformer$Companion: loaded 2 times (x 73B)
Class org.jetbrains.kotlin.fir.scopes.FirOverrideChecker                              : loaded 2 times (x 72B)
Class [Lorg.jetbrains.kotlin.fir.types.ConeKotlinType;                                : loaded 2 times (x 71B)
Class org.jetbrains.kotlin.fir.types.builder.FirResolvedTypeRefBuilder                : loaded 2 times (x 78B)
Class org.jetbrains.kotlin.fir.resolve.inference.FirInferenceLogger                   : loaded 2 times (x 81B)
Class org.jetbrains.kotlin.fir.session.ComponentsContainersKt                         : loaded 2 times (x 73B)
Class [Lorg.jetbrains.kotlin.fir.FirSession$Kind;                                     : loaded 2 times (x 71B)
Class com.android.utils.PositionXmlParser$ParserFactoryFunction                       : loaded 2 times (x 72B)
Class org.jetbrains.kotlin.gradle.plugin.diagnostics.checkers.DeprecatedKotlinNativeTargetsChecker$runChecks$1: loaded 2 times (x 89B)
Class org.jetbrains.kotlin.asJava.KotlinAsJavaSupport$Companion                       : loaded 2 times (x 73B)
Class org.jetbrains.kotlin.resolve.jvm.KotlinJavaPsiFacade$KotlinPsiElementFinderWrapperImplDumbAware: loaded 2 times (x 84B)
Class org.jetbrains.kotlin.gradle.plugin.KotlinPluginLifecycleImplKt                  : loaded 2 times (x 73B)
Class org.jetbrains.kotlin.utils.addToStdlib.AddToStdlibKt                            : loaded 2 times (x 73B)
Class org.jetbrains.kotlin.gradle.targets.js.dsl.KotlinJsTargetDsl                    : loaded 2 times (x 72B)
Class org.jetbrains.kotlin.psi.KtSuperExpression                                      : loaded 2 times (x 440B)
Class org.jetbrains.kotlin.psi.stubs.elements.KtContractEffectElementType             : loaded 2 times (x 102B)
Class [Lorg.jetbrains.kotlin.psi.KtFileAnnotationList;                                : loaded 2 times (x 71B)
Class org.jetbrains.kotlin.psi.KtAnnotation                                           : loaded 2 times (x 446B)
Class org.jetbrains.kotlin.psi.KtAnnotationEntry                                      : loaded 2 times (x 521B)
Class org.jetbrains.kotlin.psi.stubs.KotlinConstructorStub                            : loaded 2 times (x 72B)
Class org.jetbrains.kotlin.psi.stubs.elements.KtBackingFieldElementType               : loaded 2 times (x 105B)
Class org.jetbrains.kotlin.psi.KtClassLikeDeclaration                                 : loaded 2 times (x 72B)
Class org.jetbrains.kotlin.idea.KotlinFileType                                        : loaded 2 times (x 96B)
Class org.jetbrains.kotlin.konan.target.KonanTarget$WATCHOS_ARM32                     : loaded 2 times (x 80B)
Class org.jetbrains.kotlin.gradle.plugin.KotlinProjectSetupActionKt$KotlinProjectSetupCoroutine$1$1: loaded 2 times (x 97B)
Class org.jetbrains.kotlin.gradle.plugin.mpp.compilationImpl.factory.KotlinCompilationImplFactory$PreConfigure: loaded 2 times (x 72B)
Class org.jetbrains.kotlin.gradle.tasks.configuration.AbstractKotlinCompileConfig$2   : loaded 2 times (x 81B)
Class kotlin.annotation.Repeatable                                                    : loaded 2 times (x 72B)
Class [Lkotlin.reflect.jvm.internal.impl.resolve.ExternalOverridabilityCondition$Contract;: loaded 2 times (x 71B)
Class kotlin.reflect.jvm.internal.impl.load.java.JavaClassFinder$Request              : loaded 2 times (x 74B)
Class kotlin.reflect.jvm.internal.impl.protobuf.LazyStringArrayList                   : loaded 2 times (x 263B)
Class kotlin.reflect.jvm.internal.impl.metadata.ProtoBuf$Class$Kind$1                 : loaded 2 times (x 76B)
Class kotlin.reflect.jvm.internal.impl.builtins.jvm.JvmBuiltInsCustomizer$createMockJavaIoSerializableType$mockJavaIoPackageFragment$1: loaded 2 times (x 107B)
Class kotlin.reflect.jvm.internal.impl.storage.LockBasedStorageManager$CacheWithNotNullValuesBasedOnMemoizedFunction: loaded 2 times (x 88B)
Class kotlin.reflect.jvm.internal.impl.incremental.components.LookupLocation          : loaded 2 times (x 72B)
Class org.jetbrains.kotlin.metadata.ProtoBuf$Effect$1                                 : loaded 2 times (x 146B)
Class org.jetbrains.kotlin.metadata.ProtoBuf$Visibility                               : loaded 2 times (x 84B)
Class org.jetbrains.kotlin.metadata.jvm.JvmProtoBuf                                   : loaded 2 times (x 73B)
Class org.jetbrains.kotlin.metadata.jvm.deserialization.JvmMemberSignature$Field      : loaded 2 times (x 77B)
Class [Lorg.apache.commons.compress.archivers.ArchiveEntry;                           : loaded 2 times (x 71B)
Class com.google.common.io.Java8Compatibility                                         : loaded 2 times (x 73B)
Class org.jetbrains.kotlin.gradle.tasks.AbstractKotlinCompile$friendPathsSet$1        : loaded 2 times (x 77B)
Class org.jetbrains.kotlin.build.report.metrics.BuildAttributes                       : loaded 2 times (x 74B)
Class org.jetbrains.kotlin.gradle.plugin.cocoapods.KotlinCocoapodsPlugin$Companion    : loaded 2 times (x 73B)
Class org.jetbrains.kotlin.gradle.plugin.mpp.compilationImpl.KotlinCompilationImpl    : loaded 2 times (x 145B)
Class [Lorg.jetbrains.kotlin.gradle.plugin.mpp.compilationImpl.factory.KotlinCompilationImplFactory$PostConfigure;: loaded 2 times (x 71B)
Class org.jetbrains.kotlin.gradle.plugin.KotlinSourceSet$Companion                    : loaded 2 times (x 73B)
Class org.jetbrains.kotlin.konan.target.KonanTarget$MACOS_X64                         : loaded 2 times (x 80B)
Class org.jetbrains.kotlin.konan.util.Named                                           : loaded 2 times (x 72B)
Class [Lorg.jetbrains.kotlin.gradle.report.BuildReportMode;                           : loaded 2 times (x 71B)
Class org.jetbrains.kotlin.statistics.metrics.BooleanOverridePolicy                   : loaded 2 times (x 87B)
Class org.jetbrains.kotlin.gradle.plugin.AbstractKotlinAndroidPluginWrapper           : loaded 2 times (x 88B)
Class [Lcom.google.gson.Strictness;                                                   : loaded 2 times (x 71B)
Class org.gradle.internal.classloader.ClassLoaderSpec                                 : loaded 2 times (x 73B)
Class org.jetbrains.kotlin.fir.declarations.FirResolvedDeclarationStatus              : loaded 2 times (x 72B)
Class org.jetbrains.kotlin.fir.declarations.FirMustUseReturnValueStatusComponent$Disabled: loaded 2 times (x 77B)
Class org.jetbrains.kotlin.fir.ScopeSessionHolder                                     : loaded 2 times (x 72B)
Class org.jetbrains.kotlin.fir.types.impl.FirImplicitByteTypeRef                      : loaded 2 times (x 111B)
Class it.unimi.dsi.fastutil.ints.IntArrays$ForkJoinQuickSortComp                      : loaded 2 times (x 97B)
Class org.jetbrains.kotlin.gradle.utils.GradleAttributesContainerUtilsKt$setAttributeProvider$1: loaded 2 times (x 77B)
Class org.jetbrains.kotlin.gradle.tasks.CacheableTasksKt$cacheOnlyIfEnabledForKotlin$1: loaded 2 times (x 77B)
Class [Lorg.jetbrains.kotlin.psi.KtDoubleColonExpression;                             : loaded 2 times (x 71B)
Class [Lorg.jetbrains.kotlin.psi.KtElementImplStub;                                   : loaded 2 times (x 71B)
Class org.jetbrains.kotlin.psi.KtClass                                                : loaded 2 times (x 1101B)
Class org.jetbrains.kotlin.psi.KtAnnotated                                            : loaded 2 times (x 72B)
Class kotlin.text.DelimitedRangesSequence                                             : loaded 2 times (x 77B)
Class com.android.tools.lint.model.LintModelSerialization$LintModelSerializationFileAdapter: loaded 2 times (x 89B)
Class org.jetbrains.kotlin.gradle.tasks.AbstractKotlinCompile$compilerRunner$1        : loaded 2 times (x 77B)
Class com.android.prefs.VariableType                                                  : loaded 2 times (x 81B)
Class org.apache.commons.compress.archivers.zip.RandomAccessOutputStream              : loaded 2 times (x 90B)
Class [Lkotlin.reflect.jvm.internal.impl.load.java.AnnotationQualifierApplicabilityType;: loaded 2 times (x 71B)
Class kotlin.reflect.jvm.internal.impl.descriptors.runtime.structure.Java16SealedRecordLoader$Cache: loaded 2 times (x 74B)
Class kotlin.reflect.jvm.internal.impl.serialization.deserialization.DeserializedPackageFragmentImpl: loaded 2 times (x 111B)
Class kotlin.reflect.jvm.internal.impl.metadata.ProtoBuf$EnumEntry$1                  : loaded 2 times (x 89B)
Class kotlin.reflect.jvm.internal.impl.load.java.FieldOverridabilityCondition         : loaded 2 times (x 77B)
Class kotlin.reflect.jvm.internal.impl.types.checker.NewKotlinTypeChecker             : loaded 2 times (x 72B)
Class kotlin.reflect.jvm.internal.impl.load.java.NullabilityAnnotationStates          : loaded 2 times (x 72B)
Class kotlin.reflect.jvm.internal.impl.descriptors.impl.PackageViewDescriptorFactory  : loaded 2 times (x 72B)
Class org.jetbrains.kotlin.descriptors.DeclarationDescriptorWithVisibility            : loaded 2 times (x 72B)
Class org.jetbrains.org.objectweb.asm.tree.AbstractInsnNode                           : loaded 2 times (x 80B)
Class org.jetbrains.org.objectweb.asm.tree.InnerClassNode                             : loaded 2 times (x 75B)
Class com.google.common.io.ByteSource$EmptyByteSource                                 : loaded 2 times (x 87B)
Class org.apache.commons.compress.archivers.zip.ZipEncoding                           : loaded 2 times (x 72B)
Class org.jetbrains.kotlin.gradle.tasks.DefaultKotlinJavaToolchain$DefaultJavaToolchainSetter: loaded 2 times (x 77B)
Class org.jetbrains.kotlin.build.report.metrics.BuildAttributeKind                    : loaded 2 times (x 81B)
Class org.jetbrains.kotlin.gradle.plugin.mpp.KotlinCompilationsKt$moduleNameForCompilation$1: loaded 2 times (x 77B)
Class org.jetbrains.kotlin.gradle.plugin.sources.KotlinDependencyScopeKt              : loaded 2 times (x 73B)
Class org.jetbrains.kotlin.gradle.plugin.diagnostics.TransformActionUsingKotlinToolingDiagnostics$Parameters: loaded 2 times (x 72B)
Class org.jetbrains.kotlin.compilerRunner.CompilerSystemPropertiesService$Companion$registerIfAbsent$2$1: loaded 2 times (x 81B)
Class org.jetbrains.kotlin.gradle.plugin.mpp.KotlinCompilationsKt$addSourcesToKotlinCompileTask$1: loaded 2 times (x 77B)
Class org.jetbrains.kotlin.gradle.internal.KotlinDependenciesManagementKt$configureDefaultVersionsResolutionStrategy$1$1: loaded 2 times (x 77B)
Class org.jetbrains.kotlin.gradle.utils.KotlinExtensionUtilsKt$forAllTargets$1        : loaded 2 times (x 97B)
Class org.jetbrains.kotlin.gradle.plugin.diagnostics.CheckKotlinGradlePluginConfigurationErrorsKt$locateOrRegisterCheckKotlinGradlePluginErrorsTask$taskProvider$1: loaded 2 times (x 77B)
Class org.jetbrains.kotlin.gradle.plugin.diagnostics.checkers.KmpPartiallyResolvedDependenciesChecker$runChecks$1: loaded 2 times (x 89B)
Class org.jetbrains.kotlin.gradle.plugin.diagnostics.checkers.OverriddenKotlinNativeHomeChecker$StdlibExistenceCheckerValueSource$Params: loaded 2 times (x 72B)
Class org.jetbrains.kotlin.gradle.dsl.PlatformSourceSetConventionsChecker$nativeTargetPresets$1$1: loaded 2 times (x 81B)
Class org.jetbrains.kotlin.gradle.tooling.BuildKotlinToolingMetadataTaskKt$buildKotlinToolingMetadataTask$1: loaded 2 times (x 80B)
Class org.jetbrains.kotlin.gradle.internal.Kapt3GradleSubplugin$Companion             : loaded 2 times (x 73B)
Class org.jetbrains.kotlin.gradle.plugin.mpp.compilationImpl.KotlinCreateCompilationArchiveTaskKt$KotlinRegisterCompilationArchiveTasksExtension$1: loaded 2 times (x 76B)
Class [Lorg.jetbrains.kotlin.statistics.metrics.NumberOverridePolicy;                 : loaded 2 times (x 71B)
Class org.jetbrains.kotlin.gradle.internal.properties.PropertiesBuildService$GradleProperty: loaded 2 times (x 72B)
Class org.jetbrains.kotlin.gradle.plugin.statistics.BuildFinishBuildService$Companion : loaded 2 times (x 73B)
Class org.jetbrains.kotlin.gradle.utils.StoredPropertyKt$projectStoredProperty$1      : loaded 2 times (x 80B)
Class org.objectweb.asm.AnnotationWriter                                              : loaded 2 times (x 80B)
Class com.google.common.cache.CacheStats                                              : loaded 2 times (x 73B)
Class com.google.common.collect.MapMakerInternalMap$WeakKeyStrongValueEntry$LinkedWeakKeyStrongValueEntry: loaded 2 times (x 93B)
Class [Lorg.jetbrains.kotlin.load.java.AnnotationQualifierApplicabilityType;          : loaded 2 times (x 71B)
Class org.jetbrains.kotlin.fir.scopes.impl.FirGeneratedMemberDeclarationsStorage$ClassifierStorage: loaded 2 times (x 74B)
Class org.jetbrains.kotlin.fir.extensions.FirExtensionService                         : loaded 2 times (x 84B)
Class kotlin.jdk7.AutoCloseableKt                                                     : loaded 2 times (x 73B)
Class it.unimi.dsi.fastutil.objects.AbstractObject2IntMap                             : loaded 2 times (x 241B)
Class com.android.resources.ResourceType                                              : loaded 2 times (x 81B)
Class org.jetbrains.kotlin.serialization.DescriptorSerializerPlugin                   : loaded 2 times (x 72B)
Class com.google.common.collect.TransformedListIterator                               : loaded 2 times (x 95B)
Class org.jetbrains.kotlin.load.kotlin.ModuleMappingUtilKt                            : loaded 2 times (x 73B)
Class com.google.common.cache.LocalCache$Values                                       : loaded 2 times (x 120B)
Class kotlin.time.DurationKt                                                          : loaded 2 times (x 73B)
Class com.google.common.reflect.TypeCapture                                           : loaded 2 times (x 73B)
Class jdk.internal.jimage.decompressor.StringSharingDecompressorFactory               : loaded 2 times (x 76B)
Class build_bcc7x5a5z49o38ytag3dy7atk$_run_closure1$_closure3                         : loaded 2 times (x 140B)
Class org.jetbrains.kotlin.psi.KtForExpression                                        : loaded 2 times (x 446B)
Class [Lorg.jetbrains.kotlin.psi.KtSuperTypeCallEntry;                                : loaded 2 times (x 71B)
Class [Lorg.jetbrains.kotlin.psi.KtDotQualifiedExpression;                            : loaded 2 times (x 71B)
Class org.jetbrains.kotlin.psi.KtAnnotationsContainer                                 : loaded 2 times (x 72B)
Class org.jetbrains.kotlin.cli.common.localfs.KotlinLocalFileSystem                   : loaded 2 times (x 105B)
Class org.jetbrains.org.objectweb.asm.tree.FieldInsnNode                              : loaded 2 times (x 81B)
Class org.jetbrains.kotlin.incremental.classpathDiff.impl.ClassListSnapshotterKt$WhenMappings: loaded 2 times (x 73B)
Class kotlin.reflect.jvm.internal.impl.storage.CacheWithNullableValues                : loaded 2 times (x 72B)
Class kotlin.reflect.jvm.internal.impl.storage.SimpleLock$Companion                   : loaded 2 times (x 73B)
Class kotlin.reflect.jvm.internal.impl.builtins.ReflectionTypes                       : loaded 2 times (x 74B)
Class com.android.tools.lint.model.PathVariables                                      : loaded 2 times (x 74B)
Class kotlin.reflect.jvm.internal.impl.resolve.constants.ByteValue                    : loaded 2 times (x 76B)
Class kotlin.reflect.jvm.internal.impl.load.java.BuiltinSpecialProperties             : loaded 2 times (x 73B)
Class kotlin.reflect.jvm.internal.impl.metadata.deserialization.VersionRequirementTable: loaded 2 times (x 74B)
Class kotlin.reflect.jvm.internal.impl.utils.WrappedValues$ThrowableWrapper           : loaded 2 times (x 74B)
Class [Lkotlin.reflect.jvm.internal.impl.renderer.OverrideRenderingPolicy;            : loaded 2 times (x 71B)
Class org.jetbrains.kotlin.incremental.IncrementalJvmCacheKt                          : loaded 2 times (x 73B)
Class org.jetbrains.kotlin.load.kotlin.header.KotlinClassHeader$Kind$Companion        : loaded 2 times (x 73B)
Class org.jetbrains.kotlin.incremental.classpathDiff.impl.InlinedClassSnapshotter     : loaded 2 times (x 77B)
Class com.google.common.collect.ImmutableMultisetGwtSerializationDependencies         : loaded 2 times (x 127B)
Class [Lcom.google.common.base.Predicate;                                             : loaded 2 times (x 71B)
Class com.google.common.collect.Interners                                             : loaded 2 times (x 73B)
Class [Lorg.apache.commons.compress.archivers.zip.ZipArchiveEntry$CommentSource;      : loaded 2 times (x 71B)
Class org.apache.http.util.Args                                                       : loaded 2 times (x 73B)
Class org.jetbrains.kotlin.gradle.tasks.K2MultiplatformStructure$RefinesEdge          : loaded 2 times (x 74B)
Class org.jetbrains.kotlin.gradle.plugin.mpp.SyncLanguageSettingsWithKotlinExtensionSetupActionKt$SyncLanguageSettingsWithKotlinExtensionSetupAction$1$1: loaded 2 times (x 77B)
Class org.jetbrains.kotlin.gradle.tasks.configuration.TaskConfigAction$configureTask$1: loaded 2 times (x 81B)
Class org.jetbrains.kotlin.gradle.plugin.diagnostics.checkers.DuplicateSourceSetChecker$runChecks$1: loaded 2 times (x 89B)
Class org.jetbrains.kotlin.gradle.dsl.JvmTarget                                       : loaded 2 times (x 81B)
Class org.jetbrains.kotlin.gradle.dsl.abi.AbiValidationExtension                      : loaded 2 times (x 72B)
Class org.jetbrains.kotlin.gradle.plugin.diagnostics.ToolingDiagnostic$Severity       : loaded 2 times (x 81B)
Class org.jetbrains.kotlin.gradle.internal.ClassLoadersCachingBuildService            : loaded 2 times (x 78B)
Class org.jetbrains.kotlin.gradle.plugin.internal.DefaultJavaExecTaskParametersCompatibility$Factory: loaded 2 times (x 78B)
Class org.jetbrains.kotlin.gradle.plugin.VariantImplementationFactoriesConfigurator$Companion: loaded 2 times (x 73B)
Class org.objectweb.asm.RecordComponentWriter                                         : loaded 2 times (x 79B)
Class com.google.common.util.concurrent.AbstractFuture$Listener                       : loaded 2 times (x 74B)
Class Settings_gradle$1$1                                                             : loaded 2 times (x 76B)
Class org.jetbrains.kotlin.load.java.AbstractAnnotationTypeQualifierResolver          : loaded 2 times (x 79B)
Class org.jetbrains.kotlin.fir.caches.FirCachesFactory$ValueReferenceStrength         : loaded 2 times (x 81B)
Class kotlin.reflect.jvm.internal.impl.resolve.constants.LongValue                    : loaded 2 times (x 76B)
Class kotlin.reflect.jvm.internal.impl.descriptors.ClassOrPackageFragmentDescriptor   : loaded 2 times (x 72B)
Class org.jetbrains.kotlin.extensions.AnnotationBasedExtension                        : loaded 2 times (x 72B)
Class org.jetbrains.kotlin.metadata.jvm.deserialization.ModuleMapping$Companion       : loaded 2 times (x 73B)
Class org.jetbrains.kotlin.lexer.KotlinLexer                                          : loaded 2 times (x 88B)
Class org.jetbrains.kotlin.psi.ValueArgumentName                                      : loaded 2 times (x 72B)
Class [Lorg.jetbrains.kotlin.psi.KtExpressionImplStub;                                : loaded 2 times (x 71B)
Class org.jetbrains.kotlin.psi.KtPureClassOrObject                                    : loaded 2 times (x 72B)
Class kotlin.collections.AbstractSet$Companion                                        : loaded 2 times (x 73B)
Class kotlin.reflect.jvm.internal.impl.util.ModuleVisibilityHelper                    : loaded 2 times (x 72B)
Class kotlin.reflect.jvm.internal.impl.protobuf.AbstractParser                        : loaded 2 times (x 89B)
Class com.android.ide.common.gradle.Version$Companion$ParseState                      : loaded 2 times (x 72B)
Class org.jetbrains.kotlin.cli.common.messages.CompilerMessageLocationWithRange       : loaded 2 times (x 82B)
Class kotlin.io.FileTreeWalk$DirectoryState                                           : loaded 2 times (x 75B)
Class kotlin.reflect.jvm.internal.impl.descriptors.impl.ValueParameterDescriptorImpl$WithDestructuringDeclaration: loaded 2 times (x 167B)
Class kotlin.reflect.jvm.internal.impl.protobuf.Parser                                : loaded 2 times (x 72B)
Class kotlin.reflect.jvm.internal.impl.protobuf.MessageLite                           : loaded 2 times (x 72B)
Class kotlin.reflect.jvm.internal.impl.types.KotlinTypeFactory                        : loaded 2 times (x 73B)
Class kotlin.reflect.jvm.internal.impl.descriptors.PackageFragmentProviderOptimized   : loaded 2 times (x 72B)
Class kotlin.reflect.jvm.internal.impl.resolve.jvm.CompositeSyntheticJavaPartsProvider: loaded 2 times (x 81B)
Class kotlin.reflect.jvm.internal.impl.load.java.components.JavaResolverCache         : loaded 2 times (x 72B)
Class org.jetbrains.kotlin.cli.common.ModuleVisibilityHelperImpl                      : loaded 2 times (x 76B)
Class org.jetbrains.kotlin.build.report.metrics.SNAPSHOT_JAVA_CLASSES                 : loaded 2 times (x 74B)
Class org.jetbrains.kotlin.incremental.classpathDiff.impl.PrefixBasedSnapshotter$special$$inlined$sortedBy$1: loaded 2 times (x 91B)
Class org.jetbrains.kotlin.build.report.metrics.GRADLE_TASK_ACTION                    : loaded 2 times (x 74B)
Class com.google.common.collect.ForwardingSet                                         : loaded 2 times (x 153B)
Class [Lorg.jetbrains.kotlin.compilerRunner.KotlinCompilerArgumentsLogLevel;          : loaded 2 times (x 71B)
Class org.jetbrains.kotlin.gradle.tasks.KotlinCompile_Decorated                       : loaded 2 times (x 601B)
Class org.jetbrains.kotlin.gradle.plugin.mpp.SyncLanguageSettingsWithKotlinExtensionSetupActionKt$SyncLanguageSettingsWithKotlinExtensionSetupAction$1$2: loaded 2 times (x 77B)
Class org.jetbrains.kotlin.gradle.plugin.internal.BuildIdService$Companion            : loaded 2 times (x 73B)
Class org.jetbrains.kotlin.gradle.plugin.diagnostics.checkers.OverriddenKotlinNativeHomeChecker$StdlibExistenceCheckerValueSource$Companion: loaded 2 times (x 73B)
Class org.jetbrains.kotlin.gradle.targets.js.dsl.KotlinWasmSubTargetContainerDsl      : loaded 2 times (x 72B)
Class org.jetbrains.kotlin.gradle.plugin.diagnostics.checkers.WasmWasiEnvironmentChecker$1: loaded 2 times (x 80B)
Class org.jetbrains.kotlin.gradle.plugin.diagnostics.checkers.DisabledCinteropCommonizationInHmppProjectChecker: loaded 2 times (x 76B)
Class org.jetbrains.kotlin.gradle.plugin.diagnostics.checkers.NoKotlinTargetsDeclaredChecker: loaded 2 times (x 76B)
Class org.jetbrains.kotlin.gradle.targets.jvm.KotlinJvmTargetTestFixturesSideEffectKt$ConfigureJavaTestFixturesSideEffect$1: loaded 2 times (x 76B)
Class org.jetbrains.kotlin.gradle.utils.StoredPropertyStorage                         : loaded 2 times (x 74B)
Class org.jetbrains.kotlin.gradle.plugin.KotlinSourceSetContainer                     : loaded 2 times (x 72B)
Class com.google.common.base.Supplier                                                 : loaded 2 times (x 72B)
Class org.gradle.internal.classloader.VisitableURLClassLoader                         : loaded 2 times (x 118B)
Class org.jetbrains.kotlin.fir.types.impl.FirImplicitEnumTypeRef                      : loaded 2 times (x 111B)
Class kotlin.reflect.jvm.internal.impl.serialization.deserialization.ProtoEnumFlagsUtilsKt$WhenMappings: loaded 2 times (x 73B)
Class org.jetbrains.kotlin.parsing.KotlinParsing$ModifierDetector                     : loaded 2 times (x 80B)
Class it.unimi.dsi.fastutil.objects.Object2IntMap                                     : loaded 2 times (x 72B)
Class org.jetbrains.kotlin.utils.SmartList                                            : loaded 2 times (x 203B)
Class org.jetbrains.kotlin.types.DefaultTypeAttributeTranslator                       : loaded 2 times (x 77B)
Class org.jetbrains.kotlin.storage.LockBasedStorageManager$ExceptionHandlingStrategy  : loaded 2 times (x 72B)
Class kotlin.reflect.jvm.internal.impl.descriptors.ScopesHolderForClass               : loaded 2 times (x 74B)
Class org.jetbrains.kotlin.psi.stubs.KotlinContextReceiverStub                        : loaded 2 times (x 72B)
Class org.jetbrains.kotlin.psi.stubs.elements.KtStringTemplateExpressionElementType   : loaded 2 times (x 105B)
Class kotlin.reflect.jvm.internal.impl.descriptors.impl.AbstractTypeParameterDescriptor: loaded 2 times (x 125B)
Class kotlin.reflect.jvm.internal.impl.resolve.scopes.SubstitutingScope               : loaded 2 times (x 87B)
Class com.android.ide.common.repository.AgpVersion$Companion                          : loaded 2 times (x 73B)
Class kotlin.reflect.jvm.internal.impl.load.java.typeEnhancement.TypeEnhancementUtilsKt: loaded 2 times (x 73B)
Class com.android.prefs.AbstractAndroidLocations                                      : loaded 2 times (x 84B)
Class [Lkotlin.reflect.jvm.internal.impl.serialization.deserialization.AnnotatedCallableKind;: loaded 2 times (x 71B)
Class kotlin.reflect.jvm.internal.impl.resolve.scopes.ResolutionScope$DefaultImpls    : loaded 2 times (x 73B)
Class kotlin.reflect.jvm.internal.impl.metadata.ProtoBuf$Type$ArgumentOrBuilder       : loaded 2 times (x 72B)
Class kotlin.reflect.jvm.internal.impl.builtins.functions.BuiltInFictitiousFunctionClassFactory: loaded 2 times (x 79B)
Class kotlin.reflect.jvm.internal.impl.metadata.ProtoBuf$AnnotationOrBuilder          : loaded 2 times (x 72B)
Class kotlin.reflect.jvm.internal.impl.protobuf.GeneratedMessageLite$GeneratedExtension: loaded 2 times (x 80B)
Class kotlin.reflect.jvm.internal.impl.load.kotlin.DeserializationComponentsForJava   : loaded 2 times (x 74B)
Class org.jetbrains.kotlin.inline.InlineFunction                                      : loaded 2 times (x 77B)
Class kotlin.reflect.jvm.internal.impl.resolve.OverridingUtil$7                       : loaded 2 times (x 77B)
Class com.google.common.io.CharSource$AsByteSource                                    : loaded 2 times (x 87B)
Class com.google.common.collect.ImmutableList$SerializedForm                          : loaded 2 times (x 75B)
Class org.apache.commons.compress.archivers.zip.ExtraFieldUtils                       : loaded 2 times (x 73B)
Class org.jetbrains.kotlin.gradle.plugin.statistics.plugins.ObservablePlugins         : loaded 2 times (x 81B)
Class org.jetbrains.kotlin.gradle.plugin.sources.InternalKotlinSourceSetKt$awaitPlatformCompilations$1: loaded 2 times (x 89B)
Class [Lorg.jetbrains.kotlin.gradle.plugin.sources.KotlinDependencyScope;             : loaded 2 times (x 71B)
Class org.jetbrains.kotlin.gradle.tasks.configuration.BaseKotlinCompileConfig$configureCommonParameters$1: loaded 2 times (x 76B)
Class org.jetbrains.kotlin.gradle.plugin.mpp.compilationImpl.factory.ConfigurationNaming: loaded 2 times (x 72B)
Class org.jetbrains.kotlin.gradle.plugin.mpp.compilationImpl.DefaultKotlinCompilationPostConfigureKt: loaded 2 times (x 73B)
Class org.jetbrains.kotlin.konan.target.KonanTarget$WATCHOS_X64                       : loaded 2 times (x 80B)
Class org.jetbrains.kotlin.gradle.plugin.diagnostics.KotlinGradleProjectCheckersRunnerKt: loaded 2 times (x 73B)
Class [Lorg.jetbrains.kotlin.tooling.core.HasExtras;                                  : loaded 2 times (x 71B)
Class org.jetbrains.kotlin.gradle.plugin.diagnostics.checkers.IncorrectCompileOnlyDependenciesChecker: loaded 2 times (x 76B)
Class org.jetbrains.kotlin.gradle.plugin.diagnostics.checkers.WasmWasiEnvironmentChecker$2: loaded 2 times (x 80B)
Class org.jetbrains.kotlin.gradle.dsl.DefaultToolchainSupport$wireToolchainToTasks$1$1: loaded 2 times (x 77B)
Class org.jetbrains.kotlin.gradle.internal.IdeaKt$isInIdeaEnvironment$1               : loaded 2 times (x 76B)
Class org.jetbrains.kotlin.gradle.plugin.statistics.FusUtilKt                         : loaded 2 times (x 73B)
Class org.jetbrains.kotlin.gradle.utils.SingleActionPerProject                        : loaded 2 times (x 75B)
Class org.jetbrains.kotlin.gradle.plugin.DefaultKotlinBasePlugin                      : loaded 2 times (x 84B)
Class org.gradle.internal.Cast                                                        : loaded 2 times (x 73B)
Class org.gradle.api.Action                                                           : loaded 2 times (x 72B)
Class kotlin.reflect.jvm.internal.KProperty1Impl$Getter                               : loaded 2 times (x 132B)
Class org.jetbrains.kotlin.fir.declarations.impl.FirResolvedDeclarationStatusImpl     : loaded 2 times (x 204B)
Class org.jetbrains.kotlin.storage.DefaultSimpleLock                                  : loaded 2 times (x 80B)
Class org.jetbrains.kotlin.mpp.SimpleFunctionSymbolMarker                             : loaded 2 times (x 72B)
Class org.jetbrains.kotlin.mpp.ConstructorSymbolMarker                                : loaded 2 times (x 72B)
Class org.jetbrains.kotlin.fir.types.impl.FirImplicitLongTypeRef                      : loaded 2 times (x 111B)
Class org.jetbrains.kotlin.psi.KtNameReferenceExpression$Companion                    : loaded 2 times (x 73B)
Class it.unimi.dsi.fastutil.ints.IntArrays$ArrayHashStrategy                          : loaded 2 times (x 77B)
Class com.android.ide.common.resources.configuration.ResourceQualifier                : loaded 2 times (x 90B)
Class org.jetbrains.kotlin.metadata.jvm.JvmModuleProtoBuf$PackageParts$1              : loaded 2 times (x 146B)
Class com.android.utils.ILogger                                                       : loaded 2 times (x 72B)
Class com.android.utils.NullLogger                                                    : loaded 2 times (x 87B)
Class it.unimi.dsi.fastutil.objects.ReferenceSet                                      : loaded 2 times (x 72B)
Class kotlin.reflect.jvm.internal.impl.name.ClassId$Companion                         : loaded 2 times (x 73B)
Class [Lorg.jetbrains.kotlin.psi.KtDeclarationWithBody;                               : loaded 2 times (x 71B)
Class [Lorg.jetbrains.kotlin.psi.KtValVarKeywordOwner;                                : loaded 2 times (x 71B)
Class kotlin.coroutines.AbstractCoroutineContextKey                                   : loaded 2 times (x 74B)
Class org.jetbrains.kotlin.psi.KtOperationReferenceExpression                         : loaded 2 times (x 570B)
Class org.jetbrains.kotlin.psi.KtConstantExpression                                   : loaded 2 times (x 504B)
Class org.jetbrains.kotlin.psi.KtValueArgumentList                                    : loaded 2 times (x 452B)
Class org.jetbrains.kotlin.psi.stubs.KotlinAnnotationEntryStub                        : loaded 2 times (x 72B)
Class org.jetbrains.kotlin.compiler.plugin.CompilerPluginRegistrar                    : loaded 2 times (x 76B)
Class org.jetbrains.kotlin.cli.common.messages.GradleStyleMessageRenderer             : loaded 2 times (x 80B)
Class com.android.ide.common.gradle.Version$Companion                                 : loaded 2 times (x 73B)
Class com.android.tools.lint.model.DefaultLintModelMavenName                          : loaded 2 times (x 87B)
Class [Lorg.jetbrains.kotlin.psi.KtCallElement;                                       : loaded 2 times (x 71B)
Class kotlin.collections.builders.ListBuilder$Itr                                     : loaded 2 times (x 96B)
Class org.jetbrains.kotlin.config.ExplicitApiMode$Companion                           : loaded 2 times (x 73B)
Class kotlin.reflect.jvm.internal.impl.load.java.lazy.descriptors.LazyJavaStaticClassScope: loaded 2 times (x 106B)
Class kotlin.reflect.jvm.internal.impl.protobuf.Utf8                                  : loaded 2 times (x 73B)
Class kotlin.reflect.jvm.internal.impl.metadata.builtins.BuiltInsBinaryVersion        : loaded 2 times (x 74B)
Class kotlin.reflect.jvm.internal.impl.load.java.lazy.descriptors.LazyJavaPackageScope$KotlinClassLookupResult$Found: loaded 2 times (x 74B)
Class kotlin.reflect.jvm.internal.impl.metadata.ProtoBuf$MemberKind                   : loaded 2 times (x 84B)
Class [Lkotlin.reflect.jvm.internal.impl.serialization.deserialization.descriptors.DeserializedContainerAbiStability;: loaded 2 times (x 71B)
Class kotlin.reflect.jvm.internal.impl.protobuf.SmallSortedMap$1                      : loaded 2 times (x 130B)
Class kotlin.reflect.jvm.internal.impl.resolve.descriptorUtil.DescriptorUtilsKt       : loaded 2 times (x 73B)
Class kotlin.reflect.jvm.internal.impl.renderer.ClassifierNamePolicy$FULLY_QUALIFIED  : loaded 2 times (x 76B)
Class kotlin.properties.ReadWriteProperty                                             : loaded 2 times (x 72B)
Class org.jetbrains.kotlin.metadata.ProtoBuf$Effect$EffectConditionKind               : loaded 2 times (x 84B)
Class [Lorg.jetbrains.kotlin.metadata.ProtoBuf$VersionRequirement$VersionKind;        : loaded 2 times (x 71B)
Class org.jetbrains.org.objectweb.asm.tree.TypeInsnNode                               : loaded 2 times (x 80B)
Class jdk.internal.jimage.decompressor.ZipDecompressor                                : loaded 2 times (x 77B)
Class com.google.common.io.Resources                                                  : loaded 2 times (x 73B)
Class com.google.common.collect.HashBiMap                                             : loaded 2 times (x 144B)
Class [Lorg.jetbrains.kotlin.gradle.plugin.mpp.KotlinUsageContext$MavenScope;         : loaded 2 times (x 71B)
Class org.jetbrains.kotlin.gradle.tasks.configuration.BaseKotlinCompileConfig$configureCommonParameters$2: loaded 2 times (x 77B)
Class org.jetbrains.kotlin.gradle.plugin.mpp.compilationImpl.KotlinCompilationCompilerOptionsFromTargetConfigurator: loaded 2 times (x 76B)
Class [Lorg.jetbrains.kotlin.gradle.plugin.mpp.compilationImpl.DefaultKotlinCompilationFriendPathsResolver$FriendArtifactResolver;: loaded 2 times (x 71B)
Class com.google.common.base.Strings                                                  : loaded 2 times (x 73B)
Class org.jetbrains.kotlin.gradle.utils.FailuresKt$ideaSyncClasspathModeUtil$1        : loaded 2 times (x 74B)
Class org.jetbrains.kotlin.gradle.artifacts.KotlinJsKlibArtifactKt                    : loaded 2 times (x 73B)
Class org.jetbrains.kotlin.gradle.dsl.KotlinTargetContainerWithWasmPresetFunctions    : loaded 2 times (x 72B)
Class org.jetbrains.kotlin.gradle.internal.IdeaKt$isInIdeaEnvironment$2               : loaded 2 times (x 76B)
Class org.jetbrains.kotlin.gradle.plugin.GradleUtilsKt                                : loaded 2 times (x 73B)
Class org.jetbrains.kotlin.gradle.internal.properties.PropertiesBuildService$Params$Inject_: loaded 2 times (x 108B)
Class org.jetbrains.kotlin.gradle.internal.properties.PropertiesBuildService          : loaded 2 times (x 78B)
Class org.jetbrains.kotlin.gradle.plugin.BuildFinishedListenerService$Companion$registerIfAbsent$1$1$1: loaded 2 times (x 77B)
Class org.objectweb.asm.Handler                                                       : loaded 2 times (x 74B)
Class com.google.common.base.Ticker                                                   : loaded 2 times (x 74B)
Class org.jetbrains.kotlin.fir.declarations.FirResolveState                           : loaded 2 times (x 74B)
Class org.jetbrains.kotlin.fir.declarations.FirContractDescriptionOwner               : loaded 2 times (x 72B)
Class org.jetbrains.kotlin.metadata.builtins.BuiltInsBinaryVersion$Companion          : loaded 2 times (x 73B)
Class org.jetbrains.kotlin.fir.extensions.FirFunctionTypeKindExtension$FunctionTypeKindRegistrar: loaded 2 times (x 72B)
Class org.jetbrains.kotlin.fir.scopes.impl.FirIntersectionOverrideStorage$special$$inlined$createCache$1: loaded 2 times (x 77B)
Class org.jetbrains.kotlin.types.model.TypeSystemTypeFactoryContext                   : loaded 2 times (x 72B)
Class org.jetbrains.kotlin.fir.types.impl.FirImplicitCharSequenceTypeRef              : loaded 2 times (x 111B)
Class org.jetbrains.kotlin.fir.types.CompilerConeAttributes$ExtensionFunctionType     : loaded 2 times (x 81B)
Class org.jetbrains.kotlin.util.AbstractArrayMapOwner                                 : loaded 2 times (x 83B)
Class org.jetbrains.kotlin.metadata.ProtoBuf$StringTable                              : loaded 2 times (x 110B)
Class com.android.SdkConstants                                                        : loaded 2 times (x 73B)
Class kotlin.reflect.jvm.internal.KClassImpl$Data$$Lambda$10                          : loaded 2 times (x 78B)
Class kotlin.reflect.jvm.internal.KDeclarationContainerImpl$Data$$Lambda$0            : loaded 2 times (x 78B)
Class org.jetbrains.kotlin.psi.KtArrayAccessExpression                                : loaded 2 times (x 506B)
Class org.jetbrains.kotlin.psi.KtFunctionTypeReceiver                                 : loaded 2 times (x 444B)
Class [Lorg.jetbrains.kotlin.psi.KtNullableType;                                      : loaded 2 times (x 71B)
Class org.jetbrains.kotlin.config.JvmTarget                                           : loaded 2 times (x 84B)
Class org.jetbrains.kotlin.protobuf.UnmodifiableLazyStringList                        : loaded 2 times (x 279B)
Class org.jetbrains.kotlin.fir.scopes.impl.FirSubstitutionOverrideStorage             : loaded 2 times (x 74B)
Class org.jetbrains.kotlin.fir.MutableOrEmptyList                                     : loaded 2 times (x 175B)
Class kotlin.KotlinNothingValueException                                              : loaded 2 times (x 84B)
Class [Lorg.jetbrains.kotlin.types.model.TypeArgumentListMarker;                      : loaded 2 times (x 71B)
Class kotlin.reflect.jvm.internal.KPropertyImpl$Getter                                : loaded 2 times (x 127B)
Class kotlin.reflect.jvm.internal.impl.load.java.JavaDescriptorVisibilities           : loaded 2 times (x 73B)
Class kotlin.reflect.jvm.internal.impl.types.KotlinTypeKt                             : loaded 2 times (x 73B)
Class kotlin.reflect.jvm.internal.impl.load.java.lazy.descriptors.LazyJavaPackageScope$KotlinClassLookupResult$SyntheticClass: loaded 2 times (x 73B)
Class kotlin.reflect.jvm.internal.impl.descriptors.VariableDescriptorWithAccessors    : loaded 2 times (x 72B)
Class kotlin.reflect.jvm.internal.impl.resolve.constants.ULongValue                   : loaded 2 times (x 76B)
Class kotlin.reflect.jvm.internal.impl.resolve.constants.UByteValue                   : loaded 2 times (x 76B)
Class kotlin.reflect.jvm.internal.impl.load.kotlin.BinaryClassAnnotationAndConstantLoaderImpl: loaded 2 times (x 101B)
Class org.jetbrains.kotlin.incremental.impl.InstanceOwnerRecordingClassVisitor$visitMethod$1: loaded 2 times (x 107B)
Class [Lorg.jetbrains.kotlin.metadata.jvm.JvmProtoBuf$StringTableTypes$Record$Operation;: loaded 2 times (x 71B)
Class [Lorg.jetbrains.kotlin.load.kotlin.header.KotlinClassHeader$Kind;               : loaded 2 times (x 71B)
Class com.google.common.collect.ImmutableSortedSet$Builder                            : loaded 2 times (x 87B)
Class org.jetbrains.kotlin.gradle.tasks.KotlinCompile$javaSources$1                   : loaded 2 times (x 77B)
Class org.jetbrains.kotlin.gradle.plugin.KotlinTarget$DefaultImpls                    : loaded 2 times (x 73B)
Class org.jetbrains.kotlin.gradle.plugin.mpp.compilationImpl.KotlinCreateCompilationArchiveTaskKt: loaded 2 times (x 73B)
Class org.jetbrains.kotlin.tooling.core.MutableExtrasImpl                             : loaded 2 times (x 167B)
Class org.jetbrains.kotlin.gradle.plugin.diagnostics.KotlinToolingDiagnosticsCollector: loaded 2 times (x 78B)
Class org.jetbrains.kotlin.gradle.plugin.statistics.KotlinBuildStatsMXBean            : loaded 2 times (x 72B)
Class org.jetbrains.kotlin.gradle.utils.FileUtilsKt                                   : loaded 2 times (x 73B)
Class [Lcom.google.common.cache.LocalCache$Segment;                                   : loaded 2 times (x 71B)
Class [Lcom.google.common.cache.LocalCache$Strength;                                  : loaded 2 times (x 71B)
Class com.google.common.cache.CacheBuilder$1                                          : loaded 2 times (x 87B)
Class org.gradle.internal.classpath.DefaultClassPath$ImmutableUniqueList$Builder      : loaded 2 times (x 77B)
Class org.jetbrains.kotlin.fir.resolve.substitution.AbstractConeSubstitutor           : loaded 2 times (x 78B)
Class org.jetbrains.kotlin.fir.declarations.builder.FirRegularClassBuilder            : loaded 2 times (x 161B)
Class org.jetbrains.kotlin.fir.analysis.checkers.FirPlatformUpperBoundsProvider       : loaded 2 times (x 72B)
Class org.jetbrains.kotlin.parsing.KotlinParsing                                      : loaded 2 times (x 126B)
Class org.jetbrains.kotlin.extensions.internal.TypeResolutionInterceptorExtension     : loaded 2 times (x 72B)
Class org.jetbrains.kotlin.metadata.ProtoBuf$QualifiedNameTable$QualifiedName$Kind$1  : loaded 2 times (x 76B)
Class com.google.gson.stream.MalformedJsonException                                   : loaded 2 times (x 84B)
Class [Lorg.jetbrains.kotlin.lexer.KtSingleValueToken;                                : loaded 2 times (x 71B)
Class kotlin.reflect.jvm.internal.KClassImpl$Data$$Lambda$11                          : loaded 2 times (x 78B)
Class org.jetbrains.kotlin.gradle.internal.properties.PropertiesBuildService$IntGradleProperty: loaded 2 times (x 78B)
Class org.jetbrains.kotlin.gradle.plugin.statistics.FlowActionBuildFusService$Companion$registerIfAbsentImpl$1: loaded 2 times (x 77B)
Class org.jetbrains.kotlin.gradle.plugin.mpp.KotlinUsages$KotlinMetadataDisambiguation: loaded 2 times (x 78B)
Class org.jetbrains.kotlin.psi.KtTypeParameterListOwnerNotStubbed                     : loaded 2 times (x 927B)
Class org.jetbrains.kotlin.utils.exceptions.KotlinExceptionWithAttachments            : loaded 2 times (x 72B)
Class org.jetbrains.kotlin.psi.KtTypeElement                                          : loaded 2 times (x 72B)
Class org.jetbrains.kotlin.psi.KtCallableDeclaration                                  : loaded 2 times (x 72B)
Class org.jetbrains.kotlin.psi.KtDeclarationWithBody                                  : loaded 2 times (x 72B)
Class org.jetbrains.kotlin.gradle.plugin.mpp.compilationImpl.KotlinCompilationSideEffect$Companion: loaded 2 times (x 73B)
Class [Lcom.android.prefs.LocationValue;                                              : loaded 2 times (x 71B)
Class org.jetbrains.kotlin.gradle.artifacts.KotlinNativeHostSpecificMetadataArtifactKt$KotlinNativeHostSpecificMetadataArtifact$1: loaded 2 times (x 76B)
Class kotlin.io.FileTreeWalk$WalkState                                                : loaded 2 times (x 75B)
Class kotlin.reflect.jvm.internal.JvmFunctionSignature$KotlinConstructor              : loaded 2 times (x 75B)
Class kotlin.reflect.jvm.internal.impl.metadata.jvm.JvmProtoBuf$JvmPropertySignatureOrBuilder: loaded 2 times (x 72B)
Class kotlin.reflect.jvm.internal.impl.descriptors.ValueDescriptor                    : loaded 2 times (x 72B)
Class kotlin.reflect.jvm.internal.impl.renderer.DescriptorRendererOptionsImpl$property$$inlined$vetoable$1: loaded 2 times (x 85B)
Class org.jetbrains.kotlin.serialization.deserialization.ProtoEnumFlags               : loaded 2 times (x 73B)
Class org.jetbrains.kotlin.incremental.classpathDiff.PackageFacadeKotlinClassSnapshot : loaded 2 times (x 78B)
Class org.jetbrains.kotlin.incremental.classpathDiff.impl.ClassListSnapshotterWithInlinedClassSupport: loaded 2 times (x 77B)
Class com.google.gson.stream.JsonToken                                                : loaded 2 times (x 81B)
Class org.jetbrains.kotlin.gradle.plugin.PropertiesProvider$propertyWithValueReporting$1: loaded 2 times (x 77B)
Class org.jetbrains.kotlin.gradle.plugin.mpp.KotlinCompilationFactory$DefaultImpls    : loaded 2 times (x 73B)
Class com.google.common.collect.AbstractRangeSet                                      : loaded 2 times (x 116B)
Class org.jetbrains.kotlin.gradle.plugin.diagnostics.checkers.InternalGradlePropertiesUsageChecker: loaded 2 times (x 76B)
Class org.jetbrains.kotlin.gradle.plugin.mpp.compilationImpl.CreateCInteropTasksSideEffectKt: loaded 2 times (x 73B)
Class org.jetbrains.kotlin.gradle.testing.internal.KotlinTestsRegistry$Companion      : loaded 2 times (x 73B)
Class org.jetbrains.kotlin.gradle.dsl.KotlinCommonCompilerToolOptions                 : loaded 2 times (x 72B)
Class org.jetbrains.kotlin.gradle.internal.properties.PropertiesBuildService$Companion$registerIfAbsent$1: loaded 2 times (x 77B)
Class org.jetbrains.kotlin.gradle.plugin.internal.DefaultConfigurationCacheStartParameterAccessorVariantFactory: loaded 2 times (x 78B)
Class com.google.common.cache.LocalCache                                              : loaded 2 times (x 188B)
Class com.google.common.cache.CacheBuilder$2                                          : loaded 2 times (x 81B)
Class org.jetbrains.kotlin.fir.resolve.providers.impl.AbstractFirBuiltinSymbolProvider$symbolNamesProvider$1: loaded 2 times (x 85B)
Class org.jetbrains.kotlin.fir.types.ConeFlexibleType                                 : loaded 2 times (x 80B)
Class org.jetbrains.kotlin.fir.scopes.impl.FirDynamicMembersStorage                   : loaded 2 times (x 74B)
Class org.jetbrains.kotlin.resolve.calls.inference.components.VariableFixationFinder  : loaded 2 times (x 74B)
Class org.jetbrains.kotlin.fir.declarations.SealedClassInheritorsProvider             : loaded 2 times (x 74B)
Class org.jetbrains.kotlin.fir.FirSession$Kind                                        : loaded 2 times (x 81B)
Class it.unimi.dsi.fastutil.objects.AbstractObject2IntFunction                        : loaded 2 times (x 121B)
Class org.jetbrains.kotlin.konan.target.KonanTarget$ANDROID_ARM64                     : loaded 2 times (x 80B)
Class org.jetbrains.kotlin.gradle.plugin.mpp.compilationImpl.KotlinCompilationFriendPathsResolver: loaded 2 times (x 72B)
Class org.jetbrains.kotlin.gradle.tasks.configuration.AbstractKotlinCompileConfig$1   : loaded 2 times (x 81B)
Class org.jetbrains.kotlin.gradle.plugin.sources.KotlinDependencyScope                : loaded 2 times (x 81B)
Class org.jetbrains.kotlin.scripting.definitions.ScriptDefinitionProvider             : loaded 2 times (x 72B)
Class org.jetbrains.kotlin.gradle.plugin.mpp.KotlinMetadataCompilation                : loaded 2 times (x 72B)
Class org.jetbrains.kotlin.gradle.utils.FutureKt$future$1                             : loaded 2 times (x 97B)
Class kotlin.reflect.jvm.internal.KClassImpl$Data$$Lambda$12                          : loaded 2 times (x 78B)
Class org.jetbrains.kotlin.gradle.report.GradleBuildMetricsReporter                   : loaded 2 times (x 100B)
Class org.jetbrains.kotlin.cli.jvm.compiler.MockExternalAnnotationsManager            : loaded 2 times (x 91B)
Class org.jetbrains.kotlin.psi.KtLabeledExpression                                    : loaded 2 times (x 555B)
Class org.jetbrains.kotlin.psi.KtImportInfo                                           : loaded 2 times (x 72B)
Class [Lorg.jetbrains.kotlin.psi.KtObjectDeclaration;                                 : loaded 2 times (x 71B)
Class org.jetbrains.kotlin.KotlinElementTypeProvider$Companion                        : loaded 2 times (x 73B)
Class org.apache.commons.compress.archivers.zip.ResourceAlignmentExtraField           : loaded 2 times (x 91B)
Class com.google.common.io.ByteArrayDataOutput                                        : loaded 2 times (x 72B)
Class org.jetbrains.kotlin.incremental.classpathDiff.impl.ClassListSnapshotterKt      : loaded 2 times (x 73B)
Class org.jetbrains.kotlin.incremental.classpathDiff.impl.BasicClassInfo              : loaded 2 times (x 74B)
Class kotlin.reflect.jvm.internal.impl.descriptors.runtime.structure.ReflectJavaClassifierType: loaded 2 times (x 94B)
Class org.jetbrains.kotlin.incremental.storage.ProtoMapValue                          : loaded 2 times (x 74B)
Class kotlin.reflect.jvm.internal.impl.serialization.deserialization.descriptors.DeserializedClassDescriptor: loaded 2 times (x 178B)
Class kotlin.reflect.jvm.internal.impl.load.kotlin.KotlinJvmBinaryClass$AnnotationArrayArgumentVisitor: loaded 2 times (x 72B)
Class kotlin.reflect.jvm.internal.impl.load.java.structure.JavaAnnotationOwner        : loaded 2 times (x 72B)
Class [Lkotlin.reflect.jvm.internal.impl.protobuf.WireFormat$JavaType;                : loaded 2 times (x 71B)
Class kotlin.reflect.jvm.internal.impl.types.model.TypeArgumentMarker                 : loaded 2 times (x 72B)
Class kotlin.reflect.jvm.internal.impl.renderer.RenderingFormat$HTML                  : loaded 2 times (x 82B)
Class kotlin.reflect.jvm.internal.impl.descriptors.DeclarationDescriptorWithVisibility: loaded 2 times (x 72B)
Class kotlin.reflect.jvm.internal.impl.storage.EmptySimpleLock                        : loaded 2 times (x 77B)
Class org.jetbrains.kotlin.incremental.impl.ConstantValueExternalizer                 : loaded 2 times (x 78B)
Class org.jetbrains.kotlin.metadata.jvm.deserialization.JvmNameResolverBase           : loaded 2 times (x 82B)
Class org.jetbrains.org.objectweb.asm.tree.IincInsnNode                               : loaded 2 times (x 80B)
Class org.jetbrains.org.objectweb.asm.tree.MultiANewArrayInsnNode                     : loaded 2 times (x 80B)
Class org.jetbrains.kotlin.incremental.classpathDiff.impl.BasicClassInfo$Companion    : loaded 2 times (x 73B)
Class org.jetbrains.kotlin.incremental.classpathDiff.impl.ClassMultiHashProvider      : loaded 2 times (x 72B)
Class Build_gradle$inlined$sam$i$org_gradle_api_Action$0                              : loaded 2 times (x 77B)
Class org.apache.commons.compress.archivers.zip.CharsetAccessor                       : loaded 2 times (x 72B)
Class org.apache.commons.io.build.AbstractOrigin$OutputStreamOrigin                   : loaded 2 times (x 91B)
Class kotlinx.coroutines.EventLoopImplBase                                            : loaded 2 times (x 119B)
Class org.jetbrains.kotlin.build.report.metrics.BuildPerformanceMetrics$Companion     : loaded 2 times (x 73B)
Class org.jetbrains.kotlin.gradle.plugin.mpp.compilationImpl.DefaultKotlinCompilationSourceSetsContainer$source$1: loaded 2 times (x 81B)
Class org.jetbrains.kotlin.gradle.internal.KotlinTestDependencyManagementKt           : loaded 2 times (x 73B)
Class [Lorg.jetbrains.kotlin.gradle.plugin.sources.ConsistencyCheck;                  : loaded 2 times (x 71B)
Class org.jetbrains.kotlin.konan.target.KonanTarget$ANDROID_X64                       : loaded 2 times (x 80B)
Class org.jetbrains.kotlin.gradle.plugin.statistics.FlowActionBuildFusService$Companion: loaded 2 times (x 73B)
Class org.jetbrains.kotlin.gradle.report.ReportingSettings                            : loaded 2 times (x 74B)
Class org.jetbrains.kotlin.statistics.metrics.StringAnonymizationPolicy$ComponentVersionAnonymizer: loaded 2 times (x 80B)
Class org.jetbrains.kotlin.gradle.plugin.KotlinBasePluginWrapper                      : loaded 2 times (x 88B)
Class com.google.common.collect.ArrayListMultimap                                     : loaded 2 times (x 173B)
Class com.google.common.cache.CacheBuilder$3                                          : loaded 2 times (x 74B)
Class org.gradle.api.GradleException                                                  : loaded 2 times (x 84B)
Class org.jetbrains.kotlin.fir.resolve.providers.FirSymbolProvider                    : loaded 2 times (x 83B)
Class org.jetbrains.kotlin.fir.resolve.FirJavaClassMapper                             : loaded 2 times (x 78B)
Class org.jetbrains.kotlin.fir.scopes.PlatformSpecificOverridabilityRules             : loaded 2 times (x 72B)
Class org.jetbrains.kotlin.fir.MutableOrEmptyList$Companion                           : loaded 2 times (x 73B)
Class org.jetbrains.kotlin.types.model.FlexibleTypeMarker                             : loaded 2 times (x 72B)
Class org.jetbrains.kotlin.fir.declarations.FirClass                                  : loaded 2 times (x 165B)
Class org.jetbrains.kotlin.types.model.TypeArgumentListMarker                         : loaded 2 times (x 72B)
Class com.android.ide.common.resources.configuration.FolderConfiguration              : loaded 2 times (x 77B)
Class org.jetbrains.kotlin.config.AnalysisFlag$Delegate                               : loaded 2 times (x 77B)
Class org.jetbrains.kotlin.metadata.ProtoBuf$Effect$InvocationKind$1                  : loaded 2 times (x 76B)
Class org.jetbrains.kotlin.cli.jvm.modules.CliJavaModuleFinder$systemModules$1        : loaded 2 times (x 82B)
Class kotlin.reflect.jvm.internal.impl.serialization.deserialization.KotlinMetadataFinder: loaded 2 times (x 72B)
Class kotlin.reflect.jvm.internal.impl.protobuf.InvalidProtocolBufferException        : loaded 2 times (x 86B)
Class kotlin.reflect.jvm.internal.KClassImpl$Data$$Lambda$13                          : loaded 2 times (x 78B)
Class org.jetbrains.kotlin.load.kotlin.KotlinBinaryClassCache$Companion               : loaded 2 times (x 73B)
Class org.jetbrains.kotlin.psi.KtAnnotatedExpression                                  : loaded 2 times (x 567B)
Class org.jetbrains.kotlin.psi.KtParenthesizedExpression                              : loaded 2 times (x 439B)
Class [Lorg.jetbrains.kotlin.psi.KtConstantExpression;                                : loaded 2 times (x 71B)
Class [Lorg.jetbrains.kotlin.psi.KtConstructor;                                       : loaded 2 times (x 71B)
Class org.jetbrains.kotlin.psi.stubs.elements.KtTypeAliasElementType                  : loaded 2 times (x 102B)
Class [Lorg.jetbrains.kotlin.psi.KtPropertyAccessor;                                  : loaded 2 times (x 71B)
Class [Lorg.jetbrains.kotlin.psi.KtClassOrObject;                                     : loaded 2 times (x 71B)
Class [Lkotlin.reflect.jvm.internal.impl.descriptors.impl.ModuleDescriptorImpl;       : loaded 2 times (x 71B)
Class com.android.ide.common.gradle.Version                                           : loaded 2 times (x 77B)
Class [Lkotlin.reflect.jvm.internal.impl.incremental.components.LookupLocation;       : loaded 2 times (x 71B)
Class kotlin.reflect.jvm.internal.impl.descriptors.runtime.components.ReflectKotlinClassKt: loaded 2 times (x 73B)
Class kotlin.reflect.jvm.internal.impl.protobuf.BoundedByteString                     : loaded 2 times (x 104B)
Class kotlin.reflect.jvm.internal.impl.types.TypeConstructorSubstitution$Companion    : loaded 2 times (x 73B)
Class kotlin.reflect.jvm.internal.impl.load.java.structure.JavaNamedElement           : loaded 2 times (x 72B)
Class kotlin.reflect.jvm.internal.impl.metadata.ProtoBuf$Annotation$Builder           : loaded 2 times (x 93B)
Class kotlin.reflect.jvm.internal.impl.metadata.ProtoBuf$PackageFragmentOrBuilder     : loaded 2 times (x 72B)
Class kotlin.reflect.jvm.internal.impl.descriptors.ScopesHolderForClass$Companion     : loaded 2 times (x 73B)
Class [Lkotlin.reflect.jvm.internal.impl.metadata.ProtoBuf$TypeParameter$Variance;    : loaded 2 times (x 71B)
Class kotlin.reflect.jvm.internal.impl.types.checker.KotlinTypeRefiner                : loaded 2 times (x 81B)
Class kotlin.reflect.jvm.internal.impl.descriptors.DeclarationDescriptorWithSource    : loaded 2 times (x 72B)
Class org.jetbrains.kotlin.incremental.PackagePartProtoData                           : loaded 2 times (x 74B)
Class org.jetbrains.org.objectweb.asm.tree.LocalVariableAnnotationNode                : loaded 2 times (x 84B)
Class org.jetbrains.org.objectweb.asm.SymbolTable$Entry                               : loaded 2 times (x 75B)
Class com.google.common.base.Suppliers$MemoizingSupplier                              : loaded 2 times (x 81B)
Class com.google.common.io.CharSource$EmptyCharSource                                 : loaded 2 times (x 88B)
Class org.apache.commons.io.StandardLineSeparator                                     : loaded 2 times (x 81B)
Class org.apache.commons.compress.archivers.zip.NioZipEncoding                        : loaded 2 times (x 82B)
Class org.apache.commons.compress.utils.BoundedArchiveInputStream                     : loaded 2 times (x 95B)
Class org.jetbrains.kotlin.gradle.plugin.diagnostics.KotlinToolingDiagnostics$JsEnvironmentNotChosenExplicitly: loaded 2 times (x 75B)
Class org.jetbrains.kotlin.gradle.plugin.ProjectLocalConfigurations$ProjectLocalCompatibility: loaded 2 times (x 78B)
Class org.jetbrains.kotlin.gradle.dsl.JvmDefaultMode                                  : loaded 2 times (x 81B)
Class org.jetbrains.kotlin.gradle.dsl.KotlinJvmCompilerOptions                        : loaded 2 times (x 72B)
Class org.jetbrains.kotlin.gradle.plugin.internal.DefaultMavenPublicationComponentAccessor: loaded 2 times (x 77B)
Class org.jetbrains.kotlin.gradle.plugin.statistics.BuildFinishBuildService           : loaded 2 times (x 86B)
Class org.jetbrains.kotlin.gradle.plugin.internal.DefaultProjectIsolationStartParameterAccessor$Factory: loaded 2 times (x 78B)
Class org.jetbrains.kotlin.cli.common.arguments.ArgumentField                         : loaded 2 times (x 74B)
Class org.jetbrains.kotlin.fir.resolve.providers.FirCompositeSymbolNamesProvider$Companion: loaded 2 times (x 73B)
Class org.jetbrains.kotlin.fir.resolve.providers.impl.FirCloneableSymbolProvider$symbolNamesProvider$1: loaded 2 times (x 84B)
Class kotlin.reflect.jvm.internal.impl.resolve.OverridingUtil$6                       : loaded 2 times (x 76B)
Class org.jetbrains.kotlin.resolve.jvm.JvmTypeSpecificityComparator                   : loaded 2 times (x 79B)
Class org.jetbrains.kotlin.fir.visitors.FirTransformer                                : loaded 2 times (x 391B)
Class org.jetbrains.kotlin.fir.scopes.impl.FirSubstitutionOverrideStorage$special$$inlined$createCache$1: loaded 2 times (x 77B)
Class org.jetbrains.kotlin.fir.scopes.impl.FirDelegatedMembersFilter$Default          : loaded 2 times (x 74B)
Class org.jetbrains.kotlin.cli.common.arguments.Enables$Container                     : loaded 2 times (x 72B)
Class org.jetbrains.kotlin.cli.jvm.index.JavaRoot$RootTypes                           : loaded 2 times (x 73B)
Class org.jetbrains.kotlin.storage.NotNullLazyValue                                   : loaded 2 times (x 72B)
Class kotlin.reflect.jvm.internal.calls.CallerImpl$Method                             : loaded 2 times (x 83B)
Class kotlin.reflect.jvm.internal.KClassImpl$Data$$Lambda$14                          : loaded 2 times (x 78B)
Class com.android.tools.lint.model.DefaultLintModelAndroidArtifact                    : loaded 2 times (x 95B)
Class kotlinx.coroutines.DispatchException                                            : loaded 2 times (x 84B)
Class [Lorg.jetbrains.kotlin.config.JvmTarget;                                        : loaded 2 times (x 71B)
Class org.jetbrains.kotlin.cli.jvm.compiler.KotlinCoreApplicationEnvironmentMode$UnitTest: loaded 2 times (x 73B)
Class org.jetbrains.kotlin.cli.jvm.compiler.KotlinCoreEnvironment$Companion$getOrCreateApplicationEnvironment$1$2: loaded 2 times (x 76B)
Class org.jetbrains.kotlin.psi.KtInstanceExpressionWithLabel                          : loaded 2 times (x 439B)
Class org.jetbrains.kotlin.psi.KtNamedDeclarationNotStubbed                           : loaded 2 times (x 845B)
Class org.jetbrains.kotlin.psi.KtFileAnnotationList                                   : loaded 2 times (x 508B)
Class org.jetbrains.kotlin.psi.KtProperty                                             : loaded 2 times (x 1394B)
Class org.jetbrains.kotlin.psi.KtObjectDeclaration                                    : loaded 2 times (x 1101B)
Class [Lorg.jetbrains.kotlin.psi.KtTypeProjection;                                    : loaded 2 times (x 71B)
Class org.jetbrains.kotlin.psi.stubs.KotlinFileStub                                   : loaded 2 times (x 72B)
Class org.jetbrains.kotlin.psi.KtTryExpression                                        : loaded 2 times (x 442B)
Class kotlin.reflect.jvm.internal.impl.descriptors.impl.PropertyDescriptorImpl$CopyConfiguration: loaded 2 times (x 84B)
Class [Lkotlin.reflect.jvm.internal.impl.load.java.typeEnhancement.NullabilityQualifier;: loaded 2 times (x 71B)
Class kotlin.reflect.jvm.internal.impl.descriptors.runtime.structure.ReflectJavaAnnotationOwnerKt: loaded 2 times (x 73B)
Class kotlin.reflect.jvm.internal.impl.types.TypeSubstitutor$SubstitutionException    : loaded 2 times (x 84B)
Class kotlin.reflect.jvm.internal.impl.load.java.lazy.descriptors.LazyJavaClassDescriptor: loaded 2 times (x 179B)
Class kotlin.reflect.jvm.internal.impl.metadata.ProtoBuf$StringTableOrBuilder         : loaded 2 times (x 72B)
Class kotlin.reflect.jvm.internal.impl.serialization.deserialization.DeserializationContext: loaded 2 times (x 74B)
Class kotlin.reflect.jvm.internal.impl.metadata.ProtoBuf$Type$Argument                : loaded 2 times (x 98B)
Class kotlin.reflect.jvm.internal.impl.load.java.lazy.LazyJavaAnnotationsKt           : loaded 2 times (x 73B)
Class kotlin.reflect.jvm.internal.impl.resolve.ResolutionAnchorProviderKt             : loaded 2 times (x 73B)
Class kotlin.reflect.jvm.internal.impl.protobuf.ByteString$Output                     : loaded 2 times (x 88B)
Class kotlin.reflect.jvm.internal.impl.descriptors.Visibilities$Private               : loaded 2 times (x 77B)
Class kotlin.reflect.jvm.internal.impl.renderer.ClassifierNamePolicy                  : loaded 2 times (x 72B)
Class kotlin.reflect.jvm.internal.impl.load.java.JavaNullabilityAnnotationsStatus$Companion: loaded 2 times (x 73B)
Class kotlin.reflect.jvm.internal.impl.types.model.TypeArgumentListMarker             : loaded 2 times (x 72B)
Class kotlin.reflect.jvm.internal.impl.storage.NullableLazyValue                      : loaded 2 times (x 72B)
Class org.jetbrains.org.objectweb.asm.tree.InvokeDynamicInsnNode                      : loaded 2 times (x 80B)
Class [Lcom.google.common.io.FileWriteMode;                                           : loaded 2 times (x 71B)
Class org.jetbrains.kotlin.buildtools.api.SourcesChanges                              : loaded 2 times (x 72B)
Class org.jetbrains.kotlin.gradle.plugin.KotlinPluginLifecycleImpl$launch$1           : loaded 2 times (x 81B)
Class org.jetbrains.kotlin.gradle.plugin.diagnostics.checkers.GradleDeprecatedPropertyChecker$DeprecatedProperty: loaded 2 times (x 74B)
Class org.jetbrains.kotlin.gradle.utils.Completable                                   : loaded 2 times (x 74B)
Class org.jetbrains.kotlin.konan.target.HostManager$Companion$targetAliases$2         : loaded 2 times (x 80B)
Class org.jetbrains.kotlin.gradle.plugin.DefaultKotlinBasePlugin$addKotlinCompilerConfiguration$2$1: loaded 2 times (x 77B)
Class org.jetbrains.kotlin.gradle.plugin.statistics.KotlinBuildStatsServicesRegistry$Companion: loaded 2 times (x 73B)
Class org.jetbrains.kotlin.gradle.plugin.internal.DefaultCompatibilityConventionRegistrar$Factory: loaded 2 times (x 78B)
Class kotlin.collections.builders.MapBuilder$KeysItr                                  : loaded 2 times (x 83B)
Class org.jetbrains.kotlin.fir.declarations.builder.FirFunctionBuilder                : loaded 2 times (x 72B)
Class org.jetbrains.kotlin.fir.declarations.builder.FirTypeParameterRefsOwnerBuilder  : loaded 2 times (x 72B)
Class org.jetbrains.kotlin.fir.scopes.FirKotlinScopeProvider                          : loaded 2 times (x 79B)
Class org.jetbrains.kotlin.parsing.AbstractTokenStreamPattern                         : loaded 2 times (x 85B)
Class kotlin.sequences.SequencesKt___SequencesKt$asIterable$$inlined$Iterable$1       : loaded 2 times (x 81B)
Class org.jetbrains.kotlin.resolve.diagnostics.DiagnosticSuppressor$Companion         : loaded 2 times (x 74B)
Class org.jetbrains.kotlin.metadata.jvm.deserialization.ModuleMapping                 : loaded 2 times (x 74B)
Class org.jetbrains.kotlin.cli.jvm.index.JavaRoot                                     : loaded 2 times (x 74B)
Class [Lkotlin.time.DurationUnit;                                                     : loaded 2 times (x 71B)
Class org.jetbrains.kotlin.storage.MemoizedFunctionToNotNull                          : loaded 2 times (x 72B)
Class org.jetbrains.kotlin.config.LanguageVersionSettingsKt                           : loaded 2 times (x 73B)
Class kotlin.reflect.jvm.internal.KClassImpl$Data$$Lambda$15                          : loaded 2 times (x 78B)
Class org.jetbrains.kotlin.resolve.extensions.SyntheticResolveExtension               : loaded 2 times (x 72B)
Class org.jetbrains.kotlin.resolve.jvm.KotlinJavaPsiFacade                            : loaded 2 times (x 88B)
Class org.jetbrains.kotlin.psi.KtProjectionKind                                       : loaded 2 times (x 81B)
Class org.jetbrains.kotlin.psi.impl.KotlinElementTypeProviderImpl$kdocMarkdownLinkType$1: loaded 2 times (x 86B)
Class org.jetbrains.kotlin.psi.stubs.elements.KtPlaceHolderWithTextStubElementType    : loaded 2 times (x 102B)
Class org.jetbrains.kotlin.psi.stubs.elements.KtNameReferenceExpressionElementType    : loaded 2 times (x 105B)
Class org.jetbrains.kotlin.psi.stubs.elements.KtFunctionElementType                   : loaded 2 times (x 106B)
Class org.jetbrains.kotlin.psi.KtModifierListOwner                                    : loaded 2 times (x 72B)
Class org.jetbrains.kotlin.cli.jvm.compiler.IdeaExtensionPoints                       : loaded 2 times (x 73B)
Class it.unimi.dsi.fastutil.objects.ObjectSet                                         : loaded 2 times (x 72B)
Class com.android.tools.lint.model.DefaultLintModelSourceProvider                     : loaded 2 times (x 86B)
Class org.jetbrains.kotlin.config.JvmAnalysisFlags$Delegates$JavaTypeEnhancementStateNullByDefault: loaded 2 times (x 73B)
Class [Lcom.android.prefs.VariableType;                                               : loaded 2 times (x 71B)
Class kotlin.reflect.jvm.internal.impl.load.java.lazy.descriptors.ClassDeclaredMemberIndex: loaded 2 times (x 88B)
Class org.gradle.api.internal.classpath.ManifestUtil                                  : loaded 2 times (x 73B)
Class kotlin.reflect.jvm.internal.FunctionWithAllInvokes                              : loaded 2 times (x 72B)
Class kotlin.reflect.jvm.internal.impl.resolve.jvm.JavaDescriptorResolver             : loaded 2 times (x 74B)
Class kotlin.reflect.jvm.internal.impl.metadata.ProtoBuf$TypeTableOrBuilder           : loaded 2 times (x 72B)
Class kotlin.reflect.jvm.internal.impl.descriptors.DescriptorVisibilities$10          : loaded 2 times (x 76B)
Class org.jetbrains.kotlin.incremental.classpathDiff.impl.PrefixBasedSnapshotter$getRangeByPredicate$1$iterator$1$special$$inlined$binarySearchBy$default$1: loaded 2 times (x 77B)
Class org.jetbrains.kotlin.incremental.classpathDiff.impl.PrefixBasedSnapshotter$getRangeByPredicate$1$iterator$1: loaded 2 times (x 81B)
Class org.jetbrains.kotlin.metadata.jvm.JvmProtoBuf$JvmPropertySignature$Builder      : loaded 2 times (x 142B)
Class [Lorg.jetbrains.org.objectweb.asm.Symbol;                                       : loaded 2 times (x 71B)
Class com.google.common.cache.LocalCache$WriteThroughEntry                            : loaded 2 times (x 81B)
Class com.google.common.cache.LocalCache$HashIterator                                 : loaded 2 times (x 88B)
Class com.google.common.collect.Iterables$4                                           : loaded 2 times (x 83B)
Class com.google.common.collect.MapMakerInternalMap$StrongKeyDummyValueSegment        : loaded 2 times (x 143B)
Class org.apache.commons.compress.compressors.lzw.LZWInputStream                      : loaded 2 times (x 125B)
Class org.jetbrains.kotlin.gradle.tasks.DefaultKotlinJavaToolchain$DefaultJdkSetter   : loaded 2 times (x 78B)
Class org.jetbrains.kotlin.gradle.plugin.diagnostics.checkers.IncorrectCompileOnlyDependenciesChecker$runChecks$1: loaded 2 times (x 89B)
Class org.jetbrains.kotlin.gradle.plugin.mpp.KotlinOnlyTarget                         : loaded 2 times (x 152B)
Class org.jetbrains.kotlin.gradle.targets.js.npm.BaseNpmDependencyExtension           : loaded 2 times (x 72B)
Class org.jetbrains.kotlin.gradle.dsl.KotlinVersion$Companion                         : loaded 2 times (x 73B)
Class org.jetbrains.kotlin.gradle.InternalKotlinGradlePluginApi                       : loaded 2 times (x 72B)
Class org.jetbrains.kotlin.gradle.targets.ConfigureNonPackedKlibConsumingSideEffectKt$ConfigureNonPackedKlibConsumingSideEffect$1: loaded 2 times (x 76B)
Class org.jetbrains.kotlin.gradle.dsl.DefaultToolchainSupport                         : loaded 2 times (x 78B)
Class org.jetbrains.kotlin.gradle.plugin.diagnostics.DiagnosticGroup$Base             : loaded 2 times (x 83B)
Class org.jetbrains.kotlin.gradle.plugin.VariantImplementationFactories$Inject_       : loaded 2 times (x 108B)
Class org.jetbrains.kotlin.gradle.plugin.internal.CustomPropertiesFileValueSource     : loaded 2 times (x 84B)
Class com.google.common.cache.LocalCache$EntryFactory                                 : loaded 2 times (x 85B)
Class com.google.common.util.concurrent.ExecutionError                                : loaded 2 times (x 84B)
Class org.jetbrains.kotlin.fir.resolve.providers.impl.FirSyntheticFunctionInterfaceProviderBase$Companion: loaded 2 times (x 73B)
Class org.jetbrains.kotlin.fir.resolve.providers.impl.FirSyntheticFunctionInterfaceProviderBase: loaded 2 times (x 86B)
Class org.jetbrains.kotlin.config.JvmAnalysisFlags                                    : loaded 2 times (x 73B)
Class org.jetbrains.kotlin.fir.modules.FirJavaModuleResolverProvider                  : loaded 2 times (x 74B)
Class org.jetbrains.kotlin.fir.types.FirFunctionTypeKindService                       : loaded 2 times (x 78B)
Class org.jetbrains.kotlin.fir.types.ConeClassLikeType                                : loaded 2 times (x 84B)
Class [Lorg.jetbrains.kotlin.name.Name;                                               : loaded 2 times (x 71B)
Class it.unimi.dsi.fastutil.ints.IntArrays$ForkJoinQuickSortIndirect                  : loaded 2 times (x 97B)
Class org.jetbrains.kotlin.extensions.StorageComponentContainerContributor$Companion  : loaded 2 times (x 74B)
Class org.jetbrains.kotlin.gradle.plugin.internal.CustomPropertiesFileValueSource$Parameters$Inject_: loaded 2 times (x 108B)
Class org.jetbrains.kotlin.statistics.metrics.StringAnonymizationPolicy$AllowedListAnonymizer: loaded 2 times (x 81B)
Class [Lorg.jetbrains.kotlin.lexer.KtModifierKeywordToken;                            : loaded 2 times (x 71B)
Class org.jetbrains.kotlin.gradle.report.BuildReportType                              : loaded 2 times (x 81B)
Class kotlin.reflect.jvm.internal.KClassImpl$Data$$Lambda$16                          : loaded 2 times (x 78B)
Class org.jetbrains.kotlin.gradle.targets.native.KonanPropertiesBuildService$Companion$registerIfAbsent$2$1: loaded 2 times (x 81B)
Class org.jetbrains.kotlin.psi.KtCallableReferenceExpression                          : loaded 2 times (x 514B)
Class org.jetbrains.kotlin.psi.KtDestructuringDeclaration                             : loaded 2 times (x 854B)
Class [Lorg.jetbrains.kotlin.psi.KtAnnotationEntry;                                   : loaded 2 times (x 71B)
Class org.jetbrains.kotlin.psi.stubs.KotlinClassOrObjectStub                          : loaded 2 times (x 72B)
Class org.jetbrains.kotlin.parsing.KotlinCommonParserDefinition                       : loaded 2 times (x 97B)
Class [Lcom.android.ide.common.gradle.Separator;                                      : loaded 2 times (x 71B)
Class com.android.prefs.QueryResult                                                   : loaded 2 times (x 84B)
Class org.jetbrains.kotlin.gradle.utils.ConfigurationCacheOpaqueValueSource           : loaded 2 times (x 81B)
Class com.google.common.base.CharMatcher$Whitespace                                   : loaded 2 times (x 114B)
Class com.google.common.base.Splitter$1$1                                             : loaded 2 times (x 88B)
Class org.jetbrains.kotlin.gradle.dsl.KotlinHierarchyDsl                              : loaded 2 times (x 72B)
Class org.jetbrains.kotlin.gradle.utils.MutableObservableSet                          : loaded 2 times (x 72B)
Class [Lkotlin.reflect.jvm.internal.impl.load.java.SpecialGenericSignatures$TypeSafeBarrierDescription;: loaded 2 times (x 71B)
Class org.jetbrains.kotlin.gradle.plugin.mpp.compilationImpl.factory.KotlinCompilationImplFactory$KotlinCompilationSourceSetsContainerFactory: loaded 2 times (x 72B)
Class kotlin.reflect.jvm.internal.impl.types.TypeSubstitution$replaceWithNonApproximating$1: loaded 2 times (x 80B)
Class kotlin.reflect.jvm.internal.impl.descriptors.DescriptorVisibilities$11          : loaded 2 times (x 76B)
Class kotlin.reflect.jvm.internal.impl.storage.LockBasedStorageManager$CacheWithNullableValuesBasedOnMemoizedFunction$1: loaded 2 times (x 78B)
Class kotlin.reflect.jvm.internal.impl.load.java.AnnotationTypeQualifierResolver      : loaded 2 times (x 74B)
Class kotlin.reflect.jvm.internal.impl.descriptors.DeclarationDescriptor              : loaded 2 times (x 72B)
Class kotlin.reflect.jvm.internal.impl.storage.LockBasedStorageManager                : loaded 2 times (x 97B)
Class org.jetbrains.kotlin.incremental.ProtoData                                      : loaded 2 times (x 73B)
Class com.google.common.reflect.TypeParameter                                         : loaded 2 times (x 74B)
Class [Lcom.google.common.collect.MapMaker$Dummy;                                     : loaded 2 times (x 71B)
Class [Lorg.apache.commons.compress.archivers.zip.ZipArchiveEntry;                    : loaded 2 times (x 71B)
Class com.google.common.collect.NullsLastOrdering                                     : loaded 2 times (x 117B)
Class org.jetbrains.kotlin.gradle.tasks.TaskOutputsBackup                             : loaded 2 times (x 74B)
Class org.jetbrains.kotlin.gradle.plugin.cocoapods.KotlinCocoapodsPlugin              : loaded 2 times (x 78B)
Class org.jetbrains.kotlin.gradle.internal.CompilerOptionsDslHelpersKt                : loaded 2 times (x 73B)
Class org.jetbrains.kotlin.gradle.tasks.configuration.AbstractKotlinCompileConfigKt   : loaded 2 times (x 73B)
Class org.jetbrains.kotlin.gradle.internal.StdlibDependencyManagementKt$configureStdlibVersionAlignment$1$1: loaded 2 times (x 77B)
Class org.jetbrains.kotlin.gradle.dsl.KotlinProjectExtension$awaitSourceSets$1        : loaded 2 times (x 89B)
Class org.jetbrains.kotlin.gradle.plugin.KotlinPluginLifecycle$CoroutineStart         : loaded 2 times (x 81B)
Class org.jetbrains.kotlin.gradle.tasks.TasksProviderKt$sam$org_gradle_api_Action$0   : loaded 2 times (x 77B)
Class org.jetbrains.kotlin.gradle.tooling.BuildKotlinToolingMetadataTask$FromKotlinExtension: loaded 2 times (x 316B)
Class org.jetbrains.kotlin.gradle.utils.FailuresKt                                    : loaded 2 times (x 73B)
Class org.jetbrains.kotlin.gradle.targets.native.internal.CInteropConfigurationsKt$special$$inlined$KotlinTargetSideEffect$1: loaded 2 times (x 76B)
Class org.jetbrains.kotlin.konan.target.Family                                        : loaded 2 times (x 81B)
Class org.jetbrains.kotlin.gradle.plugin.diagnostics.DiagnosticGroup                  : loaded 2 times (x 72B)
Class org.jetbrains.kotlin.gradle.internal.properties.NativePropertiesLoader$konanDataDirProperty$1: loaded 2 times (x 77B)
Class org.jetbrains.kotlin.gradle.plugin.KotlinGradleBuildServices$Inject_            : loaded 2 times (x 102B)
Class org.jetbrains.kotlin.gradle.plugin.KotlinGradleBuildServices$Companion$registerIfAbsent$2$1: loaded 2 times (x 81B)
Class org.jetbrains.kotlin.gradle.plugin.statistics.BuildFusService$Parameters_Decorated: loaded 2 times (x 141B)
Class org.jetbrains.kotlin.gradle.plugin.VariantImplementationFactoriesConfigurator$Inject_: loaded 2 times (x 98B)
Class org.jetbrains.kotlin.tooling.core.HasMutableExtras                              : loaded 2 times (x 72B)
Class com.google.common.cache.LocalCache$AbstractReferenceEntry                       : loaded 2 times (x 109B)
Class org.gradle.internal.IoActions                                                   : loaded 2 times (x 73B)
Class org.jetbrains.kotlin.fir.resolve.providers.impl.BinaryVersionAndPackageFragment : loaded 2 times (x 74B)
Class org.jetbrains.kotlin.builtins.functions.FunctionTypeKindExtractor$Companion     : loaded 2 times (x 73B)
Class org.jetbrains.kotlin.fir.declarations.FirDeclarationOverloadabilityHelper       : loaded 2 times (x 72B)
Class org.jetbrains.kotlin.fir.SessionHolder                                          : loaded 2 times (x 72B)
Class org.jetbrains.kotlin.fir.resolve.transformers.FirJumpingPhaseComputationSessionForLocalClassesProvider: loaded 2 times (x 76B)
Class org.jetbrains.kotlin.gradle.report.UsesBuildMetricsService                      : loaded 2 times (x 72B)
Class org.jetbrains.kotlin.gradle.plugin.hierarchy.KotlinSourceSetTreeClassifierKt    : loaded 2 times (x 73B)
Class com.android.ide.common.resources.configuration.LocaleQualifier                  : loaded 2 times (x 91B)
Class org.jetbrains.kotlin.resolve.jvm.NotFoundPackagesCachingStrategy                : loaded 2 times (x 72B)
Class org.jetbrains.kotlin.gradle.plugin.PropertiesProvider$separateKmpCompilation$1  : loaded 2 times (x 81B)
Class org.jetbrains.kotlin.metadata.ProtoBuf$QualifiedNameTable                       : loaded 2 times (x 109B)
Class org.jetbrains.kotlin.metadata.ProtoBuf$QualifiedNameTableOrBuilder              : loaded 2 times (x 72B)
Class org.jetbrains.kotlin.utils.KotlinExceptionWithAttachments                       : loaded 2 times (x 96B)
Class [Lkotlin.reflect.jvm.internal.impl.name.ClassId;                                : loaded 2 times (x 71B)
Class com.google.common.collect.AbstractMapBasedMultimap$WrappedCollection            : loaded 2 times (x 126B)
Class org.apache.commons.compress.utils.IOUtils                                       : loaded 2 times (x 73B)
Class kotlin.reflect.jvm.internal.KClassImpl$Data$$Lambda$17                          : loaded 2 times (x 78B)
Class kotlin.reflect.jvm.internal.KCallableImpl$$Lambda$0                             : loaded 2 times (x 78B)
Class org.jetbrains.org.objectweb.asm.tree.Util                                       : loaded 2 times (x 73B)
Class org.jetbrains.kotlin.inline.InlineUtilKt                                        : loaded 2 times (x 73B)
Class org.jetbrains.kotlin.LambdaExpressionElementType                                : loaded 2 times (x 97B)
Class org.jetbrains.kotlin.BlockExpressionElementType$Companion                       : loaded 2 times (x 73B)
Class org.jetbrains.kotlin.psi.stubs.elements.KtValueArgumentElementType              : loaded 2 times (x 102B)
Class org.jetbrains.kotlin.psi.KtFunction                                             : loaded 2 times (x 72B)
Class org.jetbrains.kotlin.psi.KtDeclarationStub                                      : loaded 2 times (x 713B)
Class it.unimi.dsi.fastutil.objects.AbstractObjectSet                                 : loaded 2 times (x 181B)
Class [Lorg.jetbrains.kotlin.platform.TargetPlatformVersion;                          : loaded 2 times (x 71B)
Class [Lorg.jetbrains.kotlin.metadata.ProtoBuf$Modality;                              : loaded 2 times (x 71B)
Class kotlin.reflect.jvm.internal.impl.metadata.ProtoBuf$TypeParameter$1              : loaded 2 times (x 89B)
Class kotlin.annotation.MustBeDocumented                                              : loaded 2 times (x 72B)
Class kotlin.reflect.jvm.internal.impl.descriptors.java.JavaVisibilities$PackageVisibility: loaded 2 times (x 77B)
Class kotlin.reflect.jvm.internal.impl.metadata.builtins.BuiltInsBinaryVersion$Companion: loaded 2 times (x 73B)
Class kotlin.reflect.jvm.internal.impl.load.java.lazy.descriptors.LazyJavaPackageScope$FindClassRequest: loaded 2 times (x 74B)
Class kotlin.reflect.jvm.internal.impl.resolve.scopes.LazyScopeAdapter                : loaded 2 times (x 96B)
Class kotlin.reflect.jvm.internal.impl.descriptors.DescriptorVisibilities$12          : loaded 2 times (x 76B)
Class kotlin.reflect.jvm.internal.impl.renderer.DescriptorRendererModifier$Companion  : loaded 2 times (x 73B)
Class kotlin.reflect.jvm.internal.impl.descriptors.SourceElement$1                    : loaded 2 times (x 76B)
Class kotlin.reflect.jvm.internal.impl.load.kotlin.DeserializationComponentsForJavaKt$makeLazyJavaPackageFragmentProvider$javaResolverComponents$1: loaded 2 times (x 76B)
Class kotlin.reflect.jvm.internal.impl.descriptors.annotations.Annotations$Companion  : loaded 2 times (x 73B)
Class org.jetbrains.kotlin.metadata.jvm.deserialization.JvmNameResolverBase$WhenMappings: loaded 2 times (x 73B)
Class org.jetbrains.kotlin.incremental.ProtoDifferenceUtilsKt                         : loaded 2 times (x 73B)
Class org.jetbrains.kotlin.descriptors.Visibilities$Local                             : loaded 2 times (x 81B)
Class org.jetbrains.kotlin.metadata.jvm.deserialization.BitEncoding                   : loaded 2 times (x 73B)
Class [Lorg.jetbrains.kotlin.com.intellij.util.io.DataExternalizer;                   : loaded 2 times (x 71B)
Class org.jetbrains.kotlin.build.report.metrics.LOAD_CONTENTS_OF_CLASSES              : loaded 2 times (x 74B)
Class com.google.common.collect.ImmutableMapKeySet                                    : loaded 2 times (x 154B)
Class org.jetbrains.kotlin.gradle.internal.Kapt3KotlinGradleSubpluginKt               : loaded 2 times (x 73B)
Class org.jetbrains.kotlin.gradle.dsl.KotlinJvmCompile                                : loaded 2 times (x 72B)
Class com.google.common.collect.ImmutableRangeSet$ComplementRanges                    : loaded 2 times (x 209B)
Class org.jetbrains.kotlin.konan.target.KonanTarget$LINUX_ARM32_HFP                   : loaded 2 times (x 80B)
Class org.jetbrains.kotlin.gradle.internal.Kapt3GradleSubplugin                       : loaded 2 times (x 83B)
Class org.jetbrains.kotlin.gradle.plugin.diagnostics.checkers.CInteropInputChecker    : loaded 2 times (x 76B)
Class org.jetbrains.kotlin.gradle.targets.native.internal.CInteropConfigurationsKt$special$$inlined$KotlinTargetSideEffect$2: loaded 2 times (x 76B)
Class org.jetbrains.kotlin.gradle.plugin.statistics.FinalizeConfigurationFusMetricActionKt$FinalizeConfigurationFusMetricAction$1: loaded 2 times (x 97B)
Class org.jetbrains.kotlin.gradle.internal.KotlinDependenciesManagementKt$CustomizeKotlinDependenciesSetupAction$1: loaded 2 times (x 76B)
Class org.jetbrains.kotlin.gradle.plugin.KotlinGradlePluginExtensionPointInternal$registeredExtensions$2: loaded 2 times (x 80B)
Class org.jetbrains.kotlin.statistics.metrics.BooleanOverridePolicy$OR                : loaded 2 times (x 87B)
Class org.jetbrains.kotlin.gradle.plugin.UsesVariantImplementationFactories           : loaded 2 times (x 72B)
Class org.objectweb.asm.SymbolTable                                                   : loaded 2 times (x 74B)
Class com.google.common.cache.CacheLoader$InvalidCacheLoadException                   : loaded 2 times (x 84B)
Class org.gradle.internal.classloader.SystemClassLoaderSpec                           : loaded 2 times (x 73B)
Class org.jetbrains.kotlin.fir.java.FirJvmDefaultModeComponent                        : loaded 2 times (x 74B)
Class org.jetbrains.kotlin.fir.types.impl.FirImplicitUShortTypeRef                    : loaded 2 times (x 111B)
Class org.jetbrains.kotlin.fir.types.FirTypeRef                                       : loaded 2 times (x 104B)
Class org.jetbrains.kotlin.cli.jvm.index.JvmDependenciesIndexImpl$ClassSearchResult$Found: loaded 2 times (x 74B)
Class org.jetbrains.kotlin.cli.jvm.index.JvmDependenciesIndexImpl$WhenMappings        : loaded 2 times (x 73B)
Class com.google.common.collect.Queues                                                : loaded 2 times (x 73B)
Class org.jetbrains.kotlin.load.java.structure.JavaClassifier                         : loaded 2 times (x 72B)
Class org.jetbrains.kotlin.metadata.jvm.JvmModuleProtoBuf$PackagePartsOrBuilder       : loaded 2 times (x 72B)
Class kotlin.jvm.internal.PropertyReference0Impl                                      : loaded 2 times (x 129B)
Class [Lkotlin.reflect.jvm.internal.impl.descriptors.annotations.AnnotatedImpl;       : loaded 2 times (x 71B)
Class kotlin.reflect.jvm.internal.impl.metadata.ProtoBuf$Class$Kind                   : loaded 2 times (x 84B)
Class kotlin.reflect.jvm.internal.KClassImpl$Data$$Lambda$18                          : loaded 2 times (x 78B)
Class kotlin.reflect.jvm.internal.KCallableImpl$$Lambda$1                             : loaded 2 times (x 78B)
Class kotlin.coroutines.intrinsics.IntrinsicsKt                                       : loaded 2 times (x 73B)
Class kotlin.coroutines.CoroutineContext$DefaultImpls                                 : loaded 2 times (x 73B)
Class [Lorg.jetbrains.kotlin.psi.KtContractEffect;                                    : loaded 2 times (x 71B)
Class org.jetbrains.kotlin.psi.KtNamed                                                : loaded 2 times (x 72B)
Class kotlin.reflect.jvm.internal.impl.serialization.deserialization.ProtoContainer   : loaded 2 times (x 75B)
Class kotlin.reflect.jvm.internal.KDeclarationContainerImpl$getMembers$visitor$1      : loaded 2 times (x 106B)
Class kotlin.reflect.jvm.internal.impl.resolve.NonReportingOverrideStrategy           : loaded 2 times (x 78B)
Class kotlin.reflect.jvm.internal.impl.resolve.OverridingUtil$5                       : loaded 2 times (x 77B)
Class com.android.utils.StdLogger$Level                                               : loaded 2 times (x 81B)
Class com.android.tools.lint.model.DefaultLintModelVariant$mainArtifact$2             : loaded 2 times (x 81B)
Class org.jetbrains.kotlin.cli.common.ExitCode                                        : loaded 2 times (x 81B)
Class org.jetbrains.kotlin.compilerRunner.ArgumentsToStrings                          : loaded 2 times (x 73B)
Class kotlin.reflect.jvm.internal.impl.types.DisjointKeysUnionTypeSubstitution$Companion: loaded 2 times (x 73B)
Class kotlin.reflect.jvm.internal.impl.load.java.lazy.descriptors.LazyJavaClassDescriptor$Companion: loaded 2 times (x 73B)
Class kotlin.reflect.jvm.internal.impl.descriptors.impl.ClassConstructorDescriptorImpl: loaded 2 times (x 217B)
Class kotlin.reflect.jvm.internal.impl.resolve.scopes.MemberScopeImpl                 : loaded 2 times (x 94B)
Class kotlin.reflect.jvm.internal.impl.resolve.constants.UShortValue                  : loaded 2 times (x 76B)
Class kotlin.reflect.jvm.internal.impl.types.checker.KotlinTypeRefiner$Default        : loaded 2 times (x 81B)
Class [Lorg.jetbrains.kotlin.metadata.ProtoBuf$Effect$EffectType;                     : loaded 2 times (x 71B)
Class org.jetbrains.kotlin.build.report.metrics.SNAPSHOT_KOTLIN_CLASSES               : loaded 2 times (x 74B)
Class org.jetbrains.org.objectweb.asm.Frame                                           : loaded 2 times (x 75B)
Class org.jetbrains.kotlin.build.report.metrics.SNAPSHOT_CLASSES                      : loaded 2 times (x 74B)
Class org.jetbrains.kotlin.incremental.classpathDiff.DirectoryOrJarReader$Companion   : loaded 2 times (x 73B)
Class com.google.common.collect.FluentIterable                                        : loaded 2 times (x 83B)
Class org.jetbrains.kotlin.gradle.tasks.CacheableTasksKt$cacheOnlyIfEnabledForKotlin$1$1: loaded 2 times (x 76B)
Class [Lorg.apache.commons.compress.archivers.EntryStreamOffsets;                     : loaded 2 times (x 71B)
Class org.apache.commons.compress.utils.BoundedSeekableByteChannelInputStream         : loaded 2 times (x 96B)
Class org.jetbrains.kotlin.gradle.plugin.diagnostics.DefaultProblemsReporter_Decorated: loaded 2 times (x 121B)
Class org.jetbrains.kotlin.gradle.tasks.configuration.BaseKotlinCompileConfig$1$1     : loaded 2 times (x 77B)
Class org.jetbrains.kotlin.gradle.plugin.mpp.compilationImpl.factory.KotlinCompilationImplFactory$PostConfigure: loaded 2 times (x 72B)
Class org.jetbrains.kotlin.gradle.utils.KotlinExtensionUtilsKt                        : loaded 2 times (x 73B)
Class [Lorg.jetbrains.kotlin.konan.util.Named;                                        : loaded 2 times (x 71B)
Class org.jetbrains.kotlin.gradle.plugin.diagnostics.checkers.NoKotlinTargetsDeclaredChecker$runChecks$1: loaded 2 times (x 89B)
Class org.jetbrains.kotlin.gradle.plugin.mpp.AbstractKotlinTarget$kotlinComponents$2  : loaded 2 times (x 81B)
Class org.jetbrains.kotlin.gradle.plugin.KotlinPlatformType$CompatibilityRule         : loaded 2 times (x 78B)
Class org.jetbrains.kotlin.gradle.tasks.abi.KotlinLegacyAbiDumpTask                   : loaded 2 times (x 72B)
Class org.jetbrains.kotlin.gradle.internal.properties.NativePropertiesLoader$actualNativeHomeDirectory$1: loaded 2 times (x 77B)
Class org.jetbrains.kotlin.gradle.internal.properties.NativePropertiesKt              : loaded 2 times (x 73B)
Class [Lorg.jetbrains.kotlin.statistics.metrics.BooleanOverridePolicy;                : loaded 2 times (x 71B)
Class org.jetbrains.kotlin.gradle.plugin.BuildEventsListenerRegistryHolder            : loaded 2 times (x 74B)
Class com.google.common.cache.LocalCache$StrongEntry                                  : loaded 2 times (x 110B)
Class com.google.common.util.concurrent.AbstractFuture$TrustedFuture                  : loaded 2 times (x 116B)
Class com.google.common.cache.LoadingCache                                            : loaded 2 times (x 72B)
Class org.objectweb.asm.tree.FieldInsnNode                                            : loaded 2 times (x 81B)
Class org.jetbrains.kotlin.types.model.DynamicTypeMarker                              : loaded 2 times (x 72B)
Class org.jetbrains.kotlin.resolve.calls.inference.components.ConstraintIncorporator  : loaded 2 times (x 74B)
Class org.jetbrains.kotlin.fir.analysis.FirDefaultOverridesBackwardCompatibilityHelper: loaded 2 times (x 76B)
Class it.unimi.dsi.fastutil.BidirectionalIterator                                     : loaded 2 times (x 72B)
Class com.android.sdklib.IAndroidTarget                                               : loaded 2 times (x 72B)
Class [Lorg.jetbrains.kotlin.psi.KtElement;                                           : loaded 2 times (x 71B)
Class org.jetbrains.kotlin.psi.stubs.elements.KtTokenSets                             : loaded 2 times (x 72B)
Class [Lorg.jetbrains.kotlin.psi.KtDeclarationStub;                                   : loaded 2 times (x 71B)
Class kotlin.reflect.jvm.internal.KCallableImpl$$Lambda$2                             : loaded 2 times (x 78B)
Class kotlin.coroutines.intrinsics.CoroutineSingletons                                : loaded 2 times (x 81B)
Class org.jetbrains.kotlin.psi.KtThrowExpression                                      : loaded 2 times (x 439B)
Class org.jetbrains.kotlin.psi.KtImportDirective                                      : loaded 2 times (x 459B)
Class [Lorg.jetbrains.kotlin.psi.KtModifierListOwnerStub;                             : loaded 2 times (x 71B)
Class it.unimi.dsi.fastutil.objects.ObjectCollection                                  : loaded 2 times (x 72B)
Class com.android.tools.lint.model.DefaultLintModelModule                             : loaded 2 times (x 97B)
Class org.jetbrains.kotlin.psi.KtExpressionWithLabel                                  : loaded 2 times (x 438B)
Class kotlin.reflect.jvm.internal.KProperty0Impl$$Lambda$1                            : loaded 2 times (x 78B)
Class org.jetbrains.kotlin.extensions.internal.CallResolutionInterceptorExtension     : loaded 2 times (x 72B)
Class kotlin.io.FileTreeWalk$FileTreeWalkIterator$TopDownDirectoryState               : loaded 2 times (x 75B)
Class kotlin.reflect.jvm.internal.impl.types.DefinitelyNotNullType                    : loaded 2 times (x 100B)
Class kotlin.reflect.jvm.internal.impl.types.DescriptorSubstitutor                    : loaded 2 times (x 73B)
Class kotlin.reflect.jvm.internal.impl.load.java.structure.JavaClassifier             : loaded 2 times (x 72B)
Class kotlin.reflect.jvm.internal.impl.load.java.lazy.ContextKt                       : loaded 2 times (x 73B)
Class kotlin.reflect.jvm.internal.impl.metadata.ProtoBuf$Annotation$Argument$Value$1  : loaded 2 times (x 89B)
Class kotlin.reflect.jvm.internal.impl.renderer.DescriptorRendererImpl$RenderDeclarationDescriptorVisitor: loaded 2 times (x 89B)
Class org.jetbrains.kotlin.incremental.KotlinClassInfo                                : loaded 2 times (x 74B)
Class org.jetbrains.org.objectweb.asm.tree.ClassNode                                  : loaded 2 times (x 92B)
Class org.jetbrains.kotlin.load.kotlin.FileBasedKotlinClass$InnerClassesInfo          : loaded 2 times (x 76B)
Class org.jetbrains.kotlin.load.java.structure.JavaTypeParameterListOwner             : loaded 2 times (x 72B)
Class com.google.common.base.Suppliers$NonSerializableMemoizingSupplier               : loaded 2 times (x 81B)
Class com.google.common.io.ByteStreams$LimitedInputStream                             : loaded 2 times (x 94B)
Class org.apache.commons.compress.archivers.zip.Zip64ExtendedInformationExtraField    : loaded 2 times (x 99B)
Class org.jetbrains.kotlin.gradle.tasks.GradleCompileTaskProvider                     : loaded 2 times (x 74B)
Class org.jetbrains.kotlin.gradle.plugin.mpp.KotlinTargetSoftwareComponentImplKt$KotlinTargetSoftwareComponent$1: loaded 2 times (x 97B)
Class org.jetbrains.kotlin.gradle.tasks.configuration.BaseKotlinCompileConfig$registerBuildToolsApiTransformations$1: loaded 2 times (x 81B)
Class org.jetbrains.kotlin.gradle.tasks.configuration.AbstractKotlinCompileConfigKt$sam$org_gradle_api_Action$0: loaded 2 times (x 77B)
Class org.jetbrains.kotlin.gradle.plugin.internal.BuildIdService                      : loaded 2 times (x 78B)
Class org.jetbrains.kotlin.gradle.plugin.mpp.compilationImpl.factory.KotlinCompilationDependencyConfigurationsFactoriesKt: loaded 2 times (x 73B)
Class org.jetbrains.kotlin.gradle.plugin.mpp.compilationImpl.DefaultKotlinCompilationFriendPathsResolver: loaded 2 times (x 77B)
Class org.jetbrains.kotlin.gradle.plugin.diagnostics.checkers.KmpPartiallyResolvedDependenciesCheckerKt: loaded 2 times (x 73B)
Class org.jetbrains.kotlin.gradle.plugin.diagnostics.checkers.WasmSourceSetsNotFoundChecker$runChecks$1: loaded 2 times (x 89B)
Class org.jetbrains.kotlin.konan.target.KonanTarget$IOS_SIMULATOR_ARM64               : loaded 2 times (x 80B)
Class org.jetbrains.kotlin.gradle.targets.jvm.KotlinJvmCompilationWireJavaSourcesSideEffectKt: loaded 2 times (x 73B)
Class org.jetbrains.kotlin.gradle.plugin.mpp.compilationImpl.KotlinCreateCompilationArchiveTaskKt$KotlinCreateCompilationArchivesTask$1: loaded 2 times (x 76B)
Class org.jetbrains.kotlin.gradle.dsl.KotlinVersion                                   : loaded 2 times (x 81B)
Class org.jetbrains.kotlin.gradle.internal.properties.NativePropertiesLoader$actualNativeHomeDirectory$2: loaded 2 times (x 76B)
Class org.jetbrains.kotlin.gradle.utils.StoredPropertyKt                              : loaded 2 times (x 73B)
Class [Lcom.google.common.cache.Weigher;                                              : loaded 2 times (x 71B)
Class org.jetbrains.kotlin.fir.resolve.providers.impl.FirQualifierResolverImpl        : loaded 2 times (x 76B)
Class org.jetbrains.kotlin.fir.scopes.FirKotlinScopeProviderKt                        : loaded 2 times (x 73B)
Class org.jetbrains.kotlin.fir.scopes.impl.FirDeclaredMemberScopeProvider             : loaded 2 times (x 74B)
Class org.jetbrains.kotlin.psi.KtLambdaExpression                                     : loaded 2 times (x 550B)
Class org.jetbrains.kotlin.resolve.extensions.ExtraImportsProviderExtension           : loaded 2 times (x 72B)
Class org.jetbrains.kotlin.serialization.deserialization.MetadataPartProvider         : loaded 2 times (x 72B)
Class kotlin.sequences.SequenceBuilderIterator                                        : loaded 2 times (x 87B)
Class com.android.ide.common.blame.SourcePosition                                     : loaded 2 times (x 73B)
Class kotlin.reflect.jvm.internal.KCallableImpl$$Lambda$3                             : loaded 2 times (x 78B)
Class org.jetbrains.kotlin.cli.jvm.compiler.JavaLanguageLevelKt$EntriesMappings       : loaded 2 times (x 73B)
Class org.jetbrains.kotlin.types.model.TypeArgumentMarker                             : loaded 2 times (x 72B)
Class org.jetbrains.kotlin.psi.stubs.KotlinPlaceHolderWithTextStub                    : loaded 2 times (x 72B)
Class org.jetbrains.kotlin.fir.resolve.inference.InferenceComponents                  : loaded 2 times (x 74B)
Class org.jetbrains.kotlin.fir.symbols.impl.FirFunctionSymbol                         : loaded 2 times (x 81B)
Class com.android.ide.common.gradle.Version$Companion$ParseState$EMPTY                : loaded 2 times (x 76B)
Class org.jetbrains.kotlin.fir.scopes.impl.FirStandardOverrideChecker                 : loaded 2 times (x 83B)
Class org.jetbrains.kotlin.fir.types.FirFunctionTypeKindServiceImpl$extractor$1$kinds$1$registrar$1: loaded 2 times (x 77B)
Class org.jetbrains.kotlin.build.report.metrics.COMPILE_ITERATION                     : loaded 2 times (x 74B)
Class kotlin.reflect.jvm.ReflectJvmMapping                                            : loaded 2 times (x 73B)
Class kotlin.reflect.jvm.internal.impl.load.java.PropertiesConventionUtilKt           : loaded 2 times (x 73B)
Class kotlin.reflect.jvm.internal.impl.load.java.typeEnhancement.NullabilityQualifier : loaded 2 times (x 81B)
Class kotlin.reflect.jvm.internal.impl.types.TypeProjectionBase                       : loaded 2 times (x 83B)
Class kotlin.reflect.jvm.internal.impl.metadata.ProtoBuf$Modality                     : loaded 2 times (x 84B)
Class kotlin.reflect.jvm.internal.impl.protobuf.WireFormat                            : loaded 2 times (x 73B)
Class [Lkotlin.reflect.jvm.internal.impl.descriptors.ModuleDescriptor;                : loaded 2 times (x 71B)
Class kotlin.reflect.jvm.internal.impl.metadata.ProtoBuf$TypeParameterOrBuilder       : loaded 2 times (x 72B)
Class kotlin.reflect.jvm.internal.impl.protobuf.ExtensionRegistryLite                 : loaded 2 times (x 75B)
Class kotlin.reflect.jvm.internal.impl.storage.LockBasedStorageManager$LockBasedNotNullLazyValueWithPostCompute: loaded 2 times (x 87B)
Class kotlin.reflect.jvm.internal.impl.resolve.scopes.ResolutionScope                 : loaded 2 times (x 72B)
Class kotlin.reflect.jvm.internal.impl.serialization.deserialization.ClassDataFinder  : loaded 2 times (x 72B)
Class kotlin.reflect.jvm.internal.impl.load.java.lazy.TypeParameterResolver           : loaded 2 times (x 72B)
Class org.jetbrains.kotlin.resolve.scopes.receivers.Receiver                          : loaded 2 times (x 72B)
Class org.jetbrains.kotlin.metadata.ProtoBuf$Modality$1                               : loaded 2 times (x 76B)
Class org.jetbrains.org.objectweb.asm.tree.TypeAnnotationNode                         : loaded 2 times (x 82B)
Class jdk.internal.jimage.decompressor.CompressedResourceHeader                       : loaded 2 times (x 73B)
Class com.google.common.collect.ImmutableMultimap$1                                   : loaded 2 times (x 84B)
Class com.google.common.collect.AbstractMapBasedMultimap$RandomAccessWrappedList      : loaded 2 times (x 207B)
Class org.apache.commons.compress.archivers.zip.ZipArchiveEntry$ExtraFieldParsingMode$1: loaded 2 times (x 91B)
Class org.jetbrains.kotlin.gradle.internal.build.SourcesUtilsKt                       : loaded 2 times (x 73B)
Class org.jetbrains.kotlin.gradle.plugin.sources.KotlinDependencyScope$Companion      : loaded 2 times (x 73B)
Class org.jetbrains.kotlin.gradle.tasks.configuration.BaseKotlinCompileConfig$registerBuildToolsApiTransformations$2: loaded 2 times (x 81B)
Class org.jetbrains.kotlin.gradle.tasks.KotlinJvmCompile                              : loaded 2 times (x 72B)
Class org.jetbrains.kotlin.gradle.plugin.mpp.compilationImpl.KotlinCompilationSourceSetsContainerKt: loaded 2 times (x 73B)
Class org.jetbrains.kotlin.gradle.plugin.KotlinPluginLifecycleKt$launchInStage$1      : loaded 2 times (x 97B)
Class org.jetbrains.kotlin.gradle.targets.NativeForwardImplementationToApiElementsSideEffectKt: loaded 2 times (x 73B)
Class org.jetbrains.kotlin.gradle.tasks.publishing.HelpersKt$addPgpSignatureHelpers$1 : loaded 2 times (x 77B)
Class org.jetbrains.kotlin.gradle.internal.properties.NativePropertiesLoader$actualNativeHomeDirectory$3: loaded 2 times (x 77B)
Class org.jetbrains.kotlin.gradle.report.BuildReportMode                              : loaded 2 times (x 81B)
Class org.jetbrains.kotlin.statistics.metrics.StringAnonymizationPolicy$RegexControlled: loaded 2 times (x 81B)
Class org.jetbrains.kotlin.statistics.ValueAnonymizer                                 : loaded 2 times (x 72B)
Class org.jetbrains.kotlin.gradle.plugin.VariantImplementationFactories$Companion$getProvider$2$1$1: loaded 2 times (x 77B)
Class org.jetbrains.kotlin.gradle.plugin.internal.ProjectIsolationStartParameterAccessor$Factory: loaded 2 times (x 72B)
Class org.jetbrains.kotlin.fir.resolve.substitution.AbstractConeSubstitutor$Companion : loaded 2 times (x 73B)
Class org.jetbrains.kotlin.fir.java.enhancement.FirAnnotationTypeQualifierResolver    : loaded 2 times (x 79B)
Class org.jetbrains.kotlin.fir.types.CompilerConeAttributes                           : loaded 2 times (x 73B)
Class org.jetbrains.kotlin.fir.types.ConeTypeConstructorMarker                        : loaded 2 times (x 72B)
Class org.jetbrains.kotlin.parsing.TokenStreamPattern                                 : loaded 2 times (x 72B)
Class [Lorg.jetbrains.kotlin.config.ExplicitApiMode;                                  : loaded 2 times (x 71B)
Class org.jetbrains.kotlin.load.kotlin.PackageAndMetadataPartProvider                 : loaded 2 times (x 72B)
Class org.jetbrains.kotlin.storage.LockBasedStorageManager                            : loaded 2 times (x 110B)
Class org.jetbrains.kotlin.fir.extensions.FirFunctionTypeKindExtension                : loaded 2 times (x 78B)
Class kotlin.reflect.jvm.internal.KCallableImpl$$Lambda$4                             : loaded 2 times (x 78B)
Class org.jetbrains.kotlin.psi.KtLambdaArgument                                       : loaded 2 times (x 471B)
Class [Lorg.jetbrains.kotlin.psi.KtExpression;                                        : loaded 2 times (x 71B)
Class org.jetbrains.kotlin.KtNodeType                                                 : loaded 2 times (x 78B)
Class org.jetbrains.kotlin.container.PlatformSpecificExtension                        : loaded 2 times (x 72B)
Class com.android.ide.common.repository.AgpVersion$Companion$WhenMappings             : loaded 2 times (x 73B)
Class [Lorg.jetbrains.kotlin.fir.resolve.providers.FirSymbolProvider;                 : loaded 2 times (x 71B)
Class org.jetbrains.kotlin.fir.FirTargetElement                                       : loaded 2 times (x 72B)
Class kotlin.reflect.jvm.internal.impl.types.TypeConstructorSubstitution              : loaded 2 times (x 80B)
Class kotlin.reflect.jvm.internal.impl.descriptors.impl.DeclarationDescriptorVisitorEmptyBodies: loaded 2 times (x 103B)
Class kotlin.reflect.jvm.internal.impl.descriptors.runtime.structure.ReflectJavaElement: loaded 2 times (x 73B)
Class kotlin.reflect.jvm.internal.impl.storage.SimpleLock                             : loaded 2 times (x 72B)
Class kotlin.reflect.full.KClasses                                                    : loaded 2 times (x 73B)
Class org.jetbrains.kotlin.metadata.jvm.JvmProtoBuf$1                                 : loaded 2 times (x 73B)
Class org.jetbrains.kotlin.metadata.ProtoBuf$VersionRequirement                       : loaded 2 times (x 118B)
Class com.google.common.collect.ImmutableMultimap$2                                   : loaded 2 times (x 83B)
Class com.google.common.collect.AbstractIterator$State                                : loaded 2 times (x 81B)
Class org.apache.commons.compress.archivers.zip.ZipArchiveEntry$ExtraFieldParsingMode$2: loaded 2 times (x 91B)
Class [Lorg.apache.http.NameValuePair;                                                : loaded 2 times (x 71B)
Class org.jetbrains.kotlin.gradle.tasks.DefaultKotlinJavaToolchain$javaExecutable$1   : loaded 2 times (x 77B)
Class org.jetbrains.kotlin.build.report.metrics.BuildAttribute                        : loaded 2 times (x 81B)
Class com.google.common.collect.RegularImmutableBiMap                                 : loaded 2 times (x 150B)
Class org.jetbrains.kotlin.gradle.plugin.mpp.compilationImpl.KotlinCompilationRegisterInSourceSetsConfigurator: loaded 2 times (x 76B)
Class org.jetbrains.kotlin.gradle.plugin.mpp.compilationImpl.factory.DefaultKotlinCompilationTaskNamesContainerFactory: loaded 2 times (x 76B)
Class org.jetbrains.kotlin.gradle.plugin.mpp.compilationImpl.DefaultKotlinCompilationFriendPathsResolver$FriendArtifactResolver$Companion: loaded 2 times (x 73B)
Class org.jetbrains.kotlin.gradle.targets.native.internal.CommonizerTasksKt           : loaded 2 times (x 73B)
Class [Lorg.jetbrains.kotlin.gradle.targets.js.npm.NpmDependency$Scope;               : loaded 2 times (x 71B)
Class org.jetbrains.kotlin.gradle.plugin.KotlinCompilerPluginSupportPlugin            : loaded 2 times (x 72B)
Class org.jetbrains.kotlin.gradle.plugin.mpp.AbstractKotlinTarget$components$2        : loaded 2 times (x 81B)
Class org.jetbrains.kotlin.gradle.targets.CreateNonPackedKlibVariantsSideEffectKt$CreateNonPackedKlibVariantsSideEffect$1: loaded 2 times (x 76B)
Class org.jetbrains.kotlin.gradle.plugin.mpp.KotlinUsages$setupAttributesMatchingStrategy$1: loaded 2 times (x 76B)
Class org.jetbrains.kotlin.gradle.plugin.KotlinGradleBuildServices$Companion$registerIfAbsent$2$1$1: loaded 2 times (x 77B)
Class org.jetbrains.kotlin.gradle.plugin.statistics.BuildFinishBuildService$Parameters$Inject_: loaded 2 times (x 116B)
Class org.jetbrains.kotlin.gradle.internal.diagnostics.AgpCompatibilityCheck$runAgpCompatibilityCheckIfAgpIsApplied$1$1: loaded 2 times (x 77B)
Class org.jetbrains.kotlin.gradle.utils.AndroidPluginIdsKt                            : loaded 2 times (x 73B)
Class org.jetbrains.kotlin.gradle.plugin.KotlinBasePlugin                             : loaded 2 times (x 72B)
Class com.google.common.cache.LocalCache$ValueReference                               : loaded 2 times (x 72B)
Class org.jetbrains.kotlin.fir.resolve.FirQualifierResolver                           : loaded 2 times (x 75B)
Class org.gradle.internal.classloader.ClassLoaderHierarchy                            : loaded 2 times (x 72B)
Class org.jetbrains.kotlin.types.model.TypeSubstitutorMarker                          : loaded 2 times (x 72B)
Class org.jetbrains.kotlin.config.JvmAnalysisFlags$Delegates$JvmDefaultModeNullByDefault: loaded 2 times (x 73B)
Class org.jetbrains.kotlin.fir.analysis.diagnostics.FirComposedDiagnosticRendererFactory: loaded 2 times (x 77B)
Class org.jetbrains.kotlin.fir.types.ConeClassifierLookupTag                          : loaded 2 times (x 76B)
Class it.unimi.dsi.fastutil.ints.IntArrays$Segment                                    : loaded 2 times (x 73B)
Class it.unimi.dsi.fastutil.ints.IntBidirectionalIterator                             : loaded 2 times (x 72B)
Class org.jetbrains.kotlin.cli.common.localfs.KotlinLocalVirtualFile                  : loaded 2 times (x 158B)
Class org.jetbrains.kotlin.gradle.plugin.internal.ConfigurationCacheStartParameterAccessorKt: loaded 2 times (x 73B)
Class kotlin.reflect.jvm.internal.KCallableImpl$$Lambda$5                             : loaded 2 times (x 78B)
Class org.jetbrains.kotlin.psi.KtWhenCondition                                        : loaded 2 times (x 377B)
Class org.jetbrains.kotlin.psi.KtPostfixExpression                                    : loaded 2 times (x 503B)
Class org.jetbrains.kotlin.psi.KtStringTemplateEntryWithExpression                    : loaded 2 times (x 445B)
Class org.jetbrains.kotlin.psi.stubs.impl.KotlinTypeBean                              : loaded 2 times (x 72B)
Class [Lorg.jetbrains.kotlin.psi.KtDeclarationContainer;                              : loaded 2 times (x 71B)
Class kotlin.concurrent.atomics.AtomicsKt                                             : loaded 2 times (x 73B)
Class org.jetbrains.kotlin.platform.TargetPlatformKt                                  : loaded 2 times (x 73B)
Class org.jetbrains.kotlin.platform.SimplePlatform                                    : loaded 2 times (x 77B)
Class org.jetbrains.kotlin.gradle.plugin.KotlinPlatformType$Companion                 : loaded 2 times (x 73B)
Class com.android.tools.lint.model.LintModelAndroidLibrary                            : loaded 2 times (x 72B)
Class org.jetbrains.kotlin.gradle.plugin.KotlinPlatformType$DisambiguationRule        : loaded 2 times (x 78B)
Class org.jetbrains.kotlin.gradle.targets.ConfigureNonPackedKlibConsumingSideEffectKt : loaded 2 times (x 73B)
Class org.jetbrains.kotlin.gradle.plugin.diagnostics.checkers.MissingNativeStdlibChecker: loaded 2 times (x 76B)
Class kotlin.reflect.jvm.internal.impl.serialization.deserialization.descriptors.DeserializedClassConstructorDescriptor: loaded 2 times (x 230B)
Class org.jetbrains.kotlin.gradle.targets.js.npm.NpmDependencyExtensionKt$defaultNpmDependencyDelegate$1: loaded 2 times (x 162B)
Class kotlin.reflect.jvm.internal.JvmFunctionSignature                                : loaded 2 times (x 74B)
Class kotlin.reflect.jvm.internal.impl.metadata.jvm.deserialization.JvmMemberSignature$Method: loaded 2 times (x 77B)
Class kotlin.reflect.jvm.internal.impl.serialization.deserialization.descriptors.DeserializedMemberDescriptor: loaded 2 times (x 72B)
Class [Lkotlin.reflect.jvm.internal.impl.resolve.scopes.ResolutionScope;              : loaded 2 times (x 71B)
Class kotlin.reflect.jvm.internal.impl.protobuf.WireFormat$JavaType                   : loaded 2 times (x 81B)
Class kotlin.reflect.jvm.internal.impl.types.AbstractTypeConstructor                  : loaded 2 times (x 98B)
Class kotlin.reflect.jvm.internal.impl.renderer.RenderingUtilsKt                      : loaded 2 times (x 73B)
Class kotlin.reflect.jvm.internal.impl.renderer.ParameterNameRenderingPolicy          : loaded 2 times (x 81B)
Class kotlin.reflect.jvm.internal.impl.descriptors.FunctionDescriptor                 : loaded 2 times (x 72B)
Class kotlin.reflect.jvm.internal.impl.descriptors.impl.PackageViewDescriptorFactory$Default: loaded 2 times (x 76B)
Class org.jetbrains.kotlin.incremental.DifferenceCalculatorForPackageFacade           : loaded 2 times (x 76B)
Class org.jetbrains.org.objectweb.asm.Opcodes                                         : loaded 2 times (x 72B)
Class org.jetbrains.kotlin.descriptors.annotations.Annotated                          : loaded 2 times (x 72B)
Class org.jetbrains.kotlin.descriptors.SourceElement$1                                : loaded 2 times (x 76B)
Class [Lorg.jetbrains.org.objectweb.asm.AnnotationVisitor;                            : loaded 2 times (x 71B)
Class org.jetbrains.kotlin.com.intellij.openapi.diagnostic.Attachment                 : loaded 2 times (x 74B)
Class org.apache.commons.compress.archivers.zip.AsiExtraField                         : loaded 2 times (x 102B)
Class [Lorg.apache.http.Header;                                                       : loaded 2 times (x 71B)
Class com.google.common.hash.PrimitiveSink                                            : loaded 2 times (x 72B)
Class org.jetbrains.kotlin.gradle.tasks.internal.KotlinJvmOptionsCompat               : loaded 2 times (x 103B)
Class com.google.common.base.PatternCompiler                                          : loaded 2 times (x 72B)
Class org.jetbrains.kotlin.gradle.utils.FutureKt                                      : loaded 2 times (x 73B)
Class org.jetbrains.kotlin.gradle.dsl.abi.AbiFiltersSpec                              : loaded 2 times (x 72B)
Class org.jetbrains.kotlin.gradle.targets.native.internal.PlatformLibrariesGenerator$GeneratedPlatformLibrariesService: loaded 2 times (x 78B)
Class org.jetbrains.kotlin.gradle.logging.GradleLoggingUtilsKt                        : loaded 2 times (x 73B)
Class org.jetbrains.kotlin.gradle.plugin.KotlinAndroidPluginWrapper                   : loaded 2 times (x 88B)
Class com.google.common.util.concurrent.AbstractFuture$Failure                        : loaded 2 times (x 74B)
Class org.jetbrains.kotlin.fir.declarations.FirResolveStateKt                         : loaded 2 times (x 73B)
Class [Lorg.jetbrains.kotlin.descriptors.Modality;                                    : loaded 2 times (x 71B)
Class [Lorg.jetbrains.kotlin.types.model.KotlinTypeMarker;                            : loaded 2 times (x 71B)
Class org.jetbrains.kotlin.gradle.plugin.KotlinPluginLifecycleImpl$launch$coroutine$1 : loaded 2 times (x 78B)
Class kotlin.reflect.jvm.internal.KProperty0Impl                                      : loaded 2 times (x 130B)
Class org.jetbrains.kotlin.gradle.internal.KotlinDomApiDependencyManagementKt         : loaded 2 times (x 73B)
Class kotlin.reflect.jvm.internal.CacheByClassKt                                      : loaded 2 times (x 73B)
Class kotlin.coroutines.EmptyCoroutineContext                                         : loaded 2 times (x 79B)
Class org.jetbrains.kotlin.psi.KtThisExpression                                       : loaded 2 times (x 439B)
Class org.jetbrains.kotlin.psi.stubs.elements.KtConstantExpressionElementType         : loaded 2 times (x 102B)
Class org.jetbrains.kotlin.KtStubBasedElementTypes                                    : loaded 2 times (x 73B)
Class org.jetbrains.kotlin.gradle.tasks.CInteropProcess                               : loaded 2 times (x 347B)
Class org.jetbrains.kotlin.gradle.plugin.mpp.KotlinVariantWithCoordinates             : loaded 2 times (x 108B)
Class com.google.common.collect.SortedSetMultimap                                     : loaded 2 times (x 72B)
Class kotlin.reflect.jvm.internal.impl.load.java.BuiltinSpecialPropertiesKt           : loaded 2 times (x 73B)
Class [Lkotlin.reflect.jvm.internal.impl.descriptors.ClassifierDescriptor;            : loaded 2 times (x 71B)
Class kotlin.reflect.jvm.internal.impl.serialization.deserialization.ProtoContainer$Class: loaded 2 times (x 75B)
Class [Lkotlin.reflect.jvm.internal.impl.types.Variance;                              : loaded 2 times (x 71B)
Class kotlin.reflect.jvm.internal.impl.metadata.ProtoBuf$Type$Argument$Projection     : loaded 2 times (x 84B)
Class kotlin.reflect.jvm.internal.impl.metadata.ProtoBuf$Annotation$Argument$Value$Type$1: loaded 2 times (x 76B)
Class kotlin.reflect.jvm.internal.impl.metadata.jvm.JvmProtoBuf$JvmMethodSignature    : loaded 2 times (x 98B)
Class kotlin.reflect.jvm.internal.impl.descriptors.DescriptorVisibilities$1           : loaded 2 times (x 78B)
Class kotlin.reflect.jvm.internal.impl.descriptors.impl.DeclarationDescriptorNonRootImpl: loaded 2 times (x 98B)
Class kotlin.reflect.jvm.internal.impl.utils.WrappedValues$WrappedProcessCanceledException: loaded 2 times (x 84B)
Class org.jetbrains.kotlin.metadata.ProtoBuf$Expression$1                             : loaded 2 times (x 146B)
Class org.jetbrains.kotlin.descriptors.DescriptorVisibility                           : loaded 2 times (x 80B)
Class org.jetbrains.kotlin.incremental.classpathDiff.RegularKotlinClassSnapshot       : loaded 2 times (x 78B)
Class org.jetbrains.kotlin.incremental.impl.ClassNodeSnapshotter                      : loaded 2 times (x 73B)
Class com.google.common.collect.ImmutableSetMultimap                                  : loaded 2 times (x 182B)
Class com.google.common.io.CharSink                                                   : loaded 2 times (x 81B)
Class [Lorg.apache.commons.io.file.DeleteOption;                                      : loaded 2 times (x 71B)
Class com.google.common.collect.ByFunctionOrdering                                    : loaded 2 times (x 117B)
Class org.jetbrains.kotlin.compilerRunner.GradleCompilerRunner$Companion              : loaded 2 times (x 73B)
Class com.google.common.base.Joiner$1                                                 : loaded 2 times (x 82B)
Class [Lorg.jetbrains.kotlin.gradle.dsl.PlatformSourceSetConventionsChecker$CheckedPlatformInfo;: loaded 2 times (x 71B)
Class org.jetbrains.kotlin.gradle.plugin.diagnostics.KotlinGradleProjectCheckerContext: loaded 2 times (x 74B)
Class org.jetbrains.kotlin.gradle.plugin.diagnostics.checkers.DuplicateSourceSetChecker: loaded 2 times (x 76B)
Class org.jetbrains.kotlin.gradle.targets.KotlinTargetSideEffect                      : loaded 2 times (x 72B)
Class org.jetbrains.kotlin.gradle.plugin.DefaultKotlinBasePlugin$setupAttributeMatchingStrategy$1$1: loaded 2 times (x 81B)
Class org.jetbrains.kotlin.gradle.plugin.diagnostics.ToolingDiagnosticFactory         : loaded 2 times (x 75B)
Class org.jetbrains.kotlin.statistics.metrics.NumericalMetrics$Companion              : loaded 2 times (x 73B)
Class [Lorg.jetbrains.kotlin.statistics.metrics.NumberAnonymizationPolicy;            : loaded 2 times (x 71B)
Class org.jetbrains.kotlin.statistics.metrics.NumberOverridePolicy$OVERRIDE           : loaded 2 times (x 87B)
Class org.jetbrains.kotlin.gradle.internal.properties.PropertiesBuildService$property$1: loaded 2 times (x 81B)
Class org.objectweb.asm.CurrentFrame                                                  : loaded 2 times (x 75B)
Class org.objectweb.asm.ClassTooLargeException                                        : loaded 2 times (x 84B)
Class com.google.gson.stream.JsonReader                                               : loaded 2 times (x 99B)
Class com.google.common.collect.PeekingIterator                                       : loaded 2 times (x 72B)
Class org.jetbrains.kotlin.fir.FirModuleVisibilityChecker$Standard                    : loaded 2 times (x 75B)
Class org.apache.http.Header                                                          : loaded 2 times (x 72B)
Class org.jetbrains.kotlin.fir.declarations.FirResolvePhase                           : loaded 2 times (x 81B)
Class org.jetbrains.kotlin.fir.resolve.providers.impl.FirBuiltinSyntheticFunctionInterfaceProvider: loaded 2 times (x 87B)
Class com.google.common.io.FileWriteMode                                              : loaded 2 times (x 81B)
Class org.jetbrains.kotlin.fir.types.ConeDynamicType$Companion                        : loaded 2 times (x 73B)
Class org.jetbrains.kotlin.parsing.AbstractKotlinParsing$AtSet                        : loaded 2 times (x 80B)
Class org.jetbrains.kotlin.psi.psiUtil.KtPsiUtilKt                                    : loaded 2 times (x 73B)
Class com.android.resources.ResourceFolderType                                        : loaded 2 times (x 81B)
Class com.google.common.cache.LocalCache$ValueIterator                                : loaded 2 times (x 88B)
Class org.jetbrains.kotlin.metadata.jvm.deserialization.ModuleMappingKt               : loaded 2 times (x 73B)
Class org.jetbrains.kotlin.incremental.classpathDiff.DirectoryOrJarReader             : loaded 2 times (x 72B)
Class org.jetbrains.kotlin.load.kotlin.FileBasedKotlinClass$OuterAndInnerName         : loaded 2 times (x 74B)
Class org.jetbrains.kotlin.load.kotlin.KotlinBinaryClassCache$cache$1                 : loaded 2 times (x 84B)
Class org.jetbrains.kotlin.psi.KtLabelReferenceExpression                             : loaded 2 times (x 570B)
Class [Lorg.jetbrains.kotlin.psi.KtStatementExpression;                               : loaded 2 times (x 71B)
Class org.jetbrains.kotlin.psi.stubs.KotlinStubWithFqName                             : loaded 2 times (x 72B)
Class [Lorg.jetbrains.kotlin.metadata.ProtoBuf$Visibility;                            : loaded 2 times (x 71B)
Class com.android.ide.common.gradle.Version$Companion$ParseState$NUMERIC              : loaded 2 times (x 76B)
Class com.android.ide.common.repository.AgpVersion$PreviewKind                        : loaded 2 times (x 81B)
Class [Lcom.android.tools.lint.model.LintModelModuleType;                             : loaded 2 times (x 71B)
Class com.android.tools.lint.model.LintModelSerialization$LintModelSerializationFileAdapter$WhenMappings: loaded 2 times (x 73B)
Class org.jetbrains.org.objectweb.asm.TypeReference                                   : loaded 2 times (x 82B)
Class [Lkotlin.reflect.jvm.internal.impl.protobuf.Internal$EnumLite;                  : loaded 2 times (x 71B)
Class kotlin.reflect.jvm.internal.impl.load.kotlin.header.ReadKotlinClassHeaderAnnotationVisitor: loaded 2 times (x 81B)
Class org.jetbrains.kotlin.incremental.ClasspathChanges$ClasspathSnapshotEnabled      : loaded 2 times (x 74B)
Class kotlin.reflect.jvm.internal.impl.load.java.descriptors.JavaClassDescriptor      : loaded 2 times (x 72B)
Class kotlin.reflect.jvm.internal.impl.metadata.ProtoBuf$Type$Argument$Projection$1   : loaded 2 times (x 76B)
Class kotlin.reflect.jvm.internal.impl.load.java.lazy.descriptors.JvmPackageScope     : loaded 2 times (x 87B)
Class kotlin.reflect.jvm.internal.impl.serialization.deserialization.AbstractDeserializedPackageFragmentProvider: loaded 2 times (x 87B)
Class kotlin.reflect.jvm.internal.impl.descriptors.Visibilities$Internal              : loaded 2 times (x 77B)
Class kotlin.reflect.jvm.internal.impl.descriptors.DescriptorVisibilities$2           : loaded 2 times (x 78B)
Class kotlin.InitializedLazyImpl                                                      : loaded 2 times (x 78B)
Class kotlin.reflect.jvm.internal.impl.load.kotlin.DeserializedDescriptorResolver     : loaded 2 times (x 74B)
Class kotlin.reflect.jvm.internal.impl.descriptors.impl.ModuleDescriptorImpl          : loaded 2 times (x 98B)
Class kotlin.reflect.jvm.internal.impl.types.model.KotlinTypeMarker                   : loaded 2 times (x 72B)
Class org.jetbrains.kotlin.metadata.ProtoBuf$ExpressionOrBuilder                      : loaded 2 times (x 72B)
Class org.jetbrains.kotlin.incremental.classpathDiff.impl.SingleClassSnapshotter$WhenMappings: loaded 2 times (x 73B)
Class org.jetbrains.kotlin.incremental.classpathDiff.JavaClassSnapshot                : loaded 2 times (x 77B)
Class org.jetbrains.org.objectweb.asm.RecordComponentWriter                           : loaded 2 times (x 79B)
Class com.google.common.io.ByteSource$AsCharSource                                    : loaded 2 times (x 88B)
Class com.google.common.collect.Table                                                 : loaded 2 times (x 72B)
Class org.apache.commons.compress.archivers.zip.ZipExtraField                         : loaded 2 times (x 72B)
Class com.google.common.collect.Maps$IteratorBasedAbstractMap                         : loaded 2 times (x 127B)
Class org.jetbrains.kotlin.gradle.tasks.configuration.AbstractKotlinCompileConfig$2$2$1: loaded 2 times (x 77B)
Class org.jetbrains.kotlin.build.report.metrics.BuildAttributes$Companion             : loaded 2 times (x 73B)
Class org.jetbrains.kotlin.gradle.tasks.KotlinCompilationTask                         : loaded 2 times (x 72B)
Class org.jetbrains.kotlin.gradle.plugin.mpp.compilationImpl.factory.KotlinCompilationImplFactory$ProcessResourcesTaskNameFactory: loaded 2 times (x 72B)
Class com.google.common.collect.RangeGwtSerializationDependencies                     : loaded 2 times (x 73B)
Class com.google.common.base.Joiner$2                                                 : loaded 2 times (x 81B)
Class org.jetbrains.kotlin.gradle.internal.properties.PropertiesBuildService$property$2: loaded 2 times (x 81B)
Class org.jetbrains.kotlin.gradle.internal.KotlinDependenciesManagementKt             : loaded 2 times (x 73B)
Class org.jetbrains.kotlin.gradle.plugin.DefaultKotlinBasePlugin$setupAttributeMatchingStrategy$1$2: loaded 2 times (x 81B)
Class org.jetbrains.kotlin.gradle.targets.native.internal.PlatformLibrariesGenerator$Companion: loaded 2 times (x 73B)
Class org.jetbrains.kotlin.gradle.plugin.statistics.KotlinBuildStatsLoggerService     : loaded 2 times (x 74B)
Class org.objectweb.asm.Frame                                                         : loaded 2 times (x 75B)
Class com.google.common.cache.LocalCache$EntryFactory$1                               : loaded 2 times (x 85B)
Class [Lcom.google.common.cache.RemovalListener;                                      : loaded 2 times (x 71B)
Class org.jetbrains.kotlin.fir.declarations.impl.FirRegularClassImpl                  : loaded 2 times (x 177B)
Class org.jetbrains.kotlin.name.JvmStandardClassIds$Java                              : loaded 2 times (x 73B)
Class org.jetbrains.kotlin.load.java.JavaNullabilityAnnotationsStatus$Companion       : loaded 2 times (x 73B)
Class org.jetbrains.kotlin.util.NullableArrayMapAccessor                              : loaded 2 times (x 76B)
Class org.jetbrains.kotlin.fir.FirPrivateVisibleFromDifferentModuleExtension          : loaded 2 times (x 75B)
Class kotlin.reflect.jvm.internal.impl.metadata.ProtoBuf$Visibility$1                 : loaded 2 times (x 76B)
Class kotlin.reflect.jvm.internal.impl.descriptors.TypeParameterUtilsKt               : loaded 2 times (x 73B)
Class kotlin.reflect.jvm.internal.impl.resolve.scopes.MemberScope$Companion           : loaded 2 times (x 73B)
Class kotlin.reflect.jvm.internal.CachesKt                                            : loaded 2 times (x 73B)
Class [Lorg.jetbrains.kotlin.psi.KtSimpleNameStringTemplateEntry;                     : loaded 2 times (x 71B)
Class kotlin.reflect.jvm.internal.impl.types.AbstractTypeConstructor$Supertypes       : loaded 2 times (x 74B)
Class kotlin.reflect.jvm.internal.impl.descriptors.ValueParameterDescriptor           : loaded 2 times (x 72B)
Class kotlin.reflect.jvm.internal.impl.descriptors.runtime.structure.ReflectJavaClass$methods$2: loaded 2 times (x 131B)
Class kotlin.reflect.jvm.internal.impl.descriptors.TypeParameterDescriptor            : loaded 2 times (x 72B)
Class kotlin.reflect.jvm.internal.impl.metadata.deserialization.NameResolverImpl$WhenMappings: loaded 2 times (x 73B)
Class kotlin.reflect.jvm.internal.impl.serialization.deserialization.DeserializedPackageFragment: loaded 2 times (x 110B)
Class kotlin.reflect.jvm.internal.impl.load.java.lazy.descriptors.LazyJavaPackageFragment: loaded 2 times (x 107B)
Class kotlin.reflect.jvm.internal.impl.metadata.ProtoBuf$ContractOrBuilder            : loaded 2 times (x 72B)
Class kotlin.reflect.jvm.internal.impl.protobuf.GeneratedMessageLite$ExtendableMessageOrBuilder: loaded 2 times (x 72B)
Class kotlin.reflect.jvm.internal.impl.descriptors.DescriptorVisibilities$3           : loaded 2 times (x 78B)
Class [Lkotlin.reflect.jvm.internal.impl.renderer.RenderingFormat;                    : loaded 2 times (x 71B)
Class kotlin.reflect.jvm.internal.impl.storage.LockBasedStorageManager$1              : loaded 2 times (x 97B)
Class org.jetbrains.kotlin.descriptors.ValidateableDescriptor                         : loaded 2 times (x 72B)
Class org.jetbrains.kotlin.incremental.impl.InstanceOwnerRecordingClassVisitor        : loaded 2 times (x 90B)
Class org.jetbrains.kotlin.metadata.jvm.JvmProtoBuf$JvmPropertySignature$1            : loaded 2 times (x 146B)
Class org.jetbrains.kotlin.gradle.plugin.mpp.InternalKotlinTargetKt$special$$inlined$extrasStoredFuture$1: loaded 2 times (x 81B)
Class org.jetbrains.kotlin.tooling.core.ExtrasProperty                                : loaded 2 times (x 72B)
Class org.jetbrains.kotlin.compilerRunner.UsesCompilerSystemPropertiesService         : loaded 2 times (x 72B)
Class org.jetbrains.kotlin.gradle.plugin.mpp.compilationImpl.KotlinCompilationSourceSetInclusion$Companion: loaded 2 times (x 73B)
Class com.google.common.collect.RangeSet                                              : loaded 2 times (x 72B)
Class org.jetbrains.kotlin.konan.target.KonanTarget$WATCHOS_DEVICE_ARM64              : loaded 2 times (x 80B)
Class org.jetbrains.kotlin.gradle.plugin.diagnostics.checkers.MissingNativeStdlibChecker$runChecks$1: loaded 2 times (x 89B)
Class [Lorg.jetbrains.kotlin.gradle.plugin.sources.android.AndroidVariantType;        : loaded 2 times (x 71B)
Class org.jetbrains.kotlin.gradle.plugin.sources.android.AndroidVariantType           : loaded 2 times (x 81B)
Class org.jetbrains.kotlin.gradle.plugin.mpp.KotlinTargetSoftwareComponent            : loaded 2 times (x 91B)
Class org.jetbrains.kotlin.gradle.plugin.mpp.KotlinVariant                            : loaded 2 times (x 101B)
Class org.jetbrains.kotlin.gradle.targets.native.ConfigureFrameworkExportSideEffectKt : loaded 2 times (x 73B)
Class org.jetbrains.kotlin.gradle.utils.WhenPluginEnabledKt                           : loaded 2 times (x 73B)
Class org.jetbrains.kotlin.gradle.plugin.diagnostics.KotlinToolingDiagnosticsCollector$Parameter$Inject_: loaded 2 times (x 108B)
Class org.jetbrains.kotlin.gradle.plugin.VariantImplementationFactories               : loaded 2 times (x 77B)
Class org.jetbrains.kotlin.gradle.internal.diagnostics.KotlinCompilerEmbeddableCheck  : loaded 2 times (x 73B)
Class com.google.common.cache.LocalCache$EntryFactory$2                               : loaded 2 times (x 85B)
Class org.gradle.api.internal.classpath.GlobalCacheRootsProvider                      : loaded 2 times (x 72B)
Class org.jetbrains.kotlin.fir.resolve.providers.FirSymbolNamesProviderWithoutCallables: loaded 2 times (x 84B)
Class org.jetbrains.kotlin.fir.resolve.FirJavaSyntheticNamesProvider                  : loaded 2 times (x 76B)
Class org.jetbrains.kotlin.load.java.ReportLevel                                      : loaded 2 times (x 81B)
Class org.jetbrains.kotlin.fir.types.ConeKotlinType                                   : loaded 2 times (x 77B)
Class [Lkotlin.reflect.jvm.internal.impl.types.model.TypeArgumentMarker;              : loaded 2 times (x 71B)
Class it.unimi.dsi.fastutil.ints.IntArrays$ForkJoinQuickSort                          : loaded 2 times (x 97B)
Class org.jetbrains.kotlin.psi.psiUtil.PsiUtilsKt                                     : loaded 2 times (x 73B)
Class kotlin.reflect.jvm.internal.impl.resolve.OverridingUtil$4                       : loaded 2 times (x 76B)
Class kotlin.reflect.jvm.internal.impl.load.java.SpecialGenericSignatures             : loaded 2 times (x 73B)
Class kotlin.reflect.jvm.internal.impl.load.java.DescriptorsJvmAbiUtil                : loaded 2 times (x 73B)
Class [Lorg.jetbrains.kotlin.psi.KtClassLikeDeclaration;                              : loaded 2 times (x 71B)
Class org.objectweb.asm.tree.MethodInsnNode                                           : loaded 2 times (x 81B)
Class kotlin.reflect.jvm.internal.KPropertyImpl$Accessor                              : loaded 2 times (x 124B)
Class com.android.prefs.Global                                                        : loaded 2 times (x 81B)
Class org.jetbrains.kotlin.config.CompilerConfigurationKey                            : loaded 2 times (x 74B)
Class org.jetbrains.kotlin.psi.KtEnumEntry                                            : loaded 2 times (x 1174B)
Class org.jetbrains.kotlin.incremental.ClasspathSnapshotFiles                         : loaded 2 times (x 74B)
Class kotlin.reflect.jvm.internal.UtilKt                                              : loaded 2 times (x 73B)
Class kotlin.reflect.jvm.internal.impl.load.java.BuiltinMethodsWithSpecialGenericSignature: loaded 2 times (x 73B)
Class kotlin.reflect.jvm.internal.impl.descriptors.impl.AbstractTypeParameterDescriptor$1: loaded 2 times (x 79B)
Class kotlin.reflect.jvm.internal.impl.serialization.deserialization.descriptors.DeserializedSimpleFunctionDescriptor: loaded 2 times (x 213B)
Class kotlin.reflect.jvm.internal.impl.serialization.deserialization.builtins.BuiltInsPackageFragmentImpl$Companion: loaded 2 times (x 73B)
Class kotlin.reflect.jvm.internal.impl.load.kotlin.KotlinClassFinderKt                : loaded 2 times (x 73B)
Class kotlin.reflect.jvm.internal.impl.metadata.deserialization.VersionRequirementTable$Companion: loaded 2 times (x 73B)
Class kotlin.reflect.jvm.internal.impl.protobuf.SmallSortedMap$Entry                  : loaded 2 times (x 90B)
Class kotlin.reflect.jvm.internal.impl.metadata.ProtoBuf$Package$1                    : loaded 2 times (x 89B)
Class kotlin.reflect.jvm.internal.impl.descriptors.DescriptorVisibilities$4           : loaded 2 times (x 78B)
Class [Lkotlin.reflect.jvm.internal.impl.descriptors.CallableMemberDescriptor$Kind;   : loaded 2 times (x 71B)
Class kotlin.reflect.jvm.internal.impl.types.checker.KotlinTypeRefinerKt              : loaded 2 times (x 73B)
Class kotlin.reflect.jvm.internal.impl.descriptors.ClassDescriptor                    : loaded 2 times (x 72B)
Class kotlin.reflect.jvm.internal.impl.load.kotlin.PackagePartProvider                : loaded 2 times (x 72B)
Class kotlin.TypeCastException                                                        : loaded 2 times (x 84B)
Class org.jetbrains.kotlin.build.report.metrics.SNAPSHOT_INLINED_CLASSES              : loaded 2 times (x 74B)
Class org.jetbrains.kotlin.incremental.storage.FqNameExternalizer                     : loaded 2 times (x 77B)
Class org.jetbrains.kotlin.build.report.metrics.BuildTimeMetric                       : loaded 2 times (x 74B)
Class com.google.common.collect.Multimaps                                             : loaded 2 times (x 73B)
Class org.jetbrains.kotlin.tooling.core.Extras$Entry$Companion                        : loaded 2 times (x 73B)
Class com.google.common.collect.CollectCollectors                                     : loaded 2 times (x 73B)
Class org.jetbrains.kotlin.gradle.targets.js.dsl.KotlinWasmWasiTargetDsl              : loaded 2 times (x 72B)
Class org.jetbrains.kotlin.gradle.plugin.diagnostics.checkers.DisabledNativeTargetsChecker: loaded 2 times (x 76B)
Class org.jetbrains.kotlin.gradle.plugin.mpp.compilationImpl.KotlinCreateSourcesJarTaskSideEffectKt$KotlinCreateSourcesJarTaskSideEffect$1: loaded 2 times (x 76B)
Class org.jetbrains.kotlin.gradle.internal.CompilerArgumentAware                      : loaded 2 times (x 72B)
Class org.jetbrains.kotlin.gradle.plugin.statistics.BuildFusService$Parameters$Inject_: loaded 2 times (x 114B)
Class org.jetbrains.kotlin.gradle.utils.ReportUtilsKt                                 : loaded 2 times (x 73B)
Class org.jetbrains.kotlin.gradle.utils.StoredLazyProperty                            : loaded 2 times (x 77B)
Class org.objectweb.asm.ModuleWriter                                                  : loaded 2 times (x 83B)
Class com.google.common.cache.LocalCache$EntryFactory$3                               : loaded 2 times (x 85B)
Class com.google.common.base.Ticker$1                                                 : loaded 2 times (x 74B)
Class org.jetbrains.kotlin.utils.SortUtilsKt$topologicalSort$1                        : loaded 2 times (x 76B)
Class org.jetbrains.kotlin.fir.declarations.FirSimpleFunction                         : loaded 2 times (x 221B)
Class org.jetbrains.kotlin.fir.java.enhancement.EnhancedForWarningConeSubstitutor     : loaded 2 times (x 78B)
Class org.jetbrains.kotlin.storage.LockBasedStorageManager$NotValue                   : loaded 2 times (x 81B)
Class org.jetbrains.kotlin.fir.scopes.impl.FirDynamicMembersStorage$special$$inlined$createCache$1: loaded 2 times (x 77B)
Class org.jetbrains.kotlin.fir.caches.FirCache                                        : loaded 2 times (x 76B)
Class org.jetbrains.kotlin.fir.types.impl.FirImplicitNullableNothingTypeRef           : loaded 2 times (x 111B)
Class org.jetbrains.kotlin.types.model.AnnotationMarker                               : loaded 2 times (x 72B)
Class org.jetbrains.kotlin.psi.KtDynamicType                                          : loaded 2 times (x 506B)
Class org.jetbrains.kotlin.resolve.diagnostics.DiagnosticSuppressor                   : loaded 2 times (x 72B)
Class org.jetbrains.kotlin.cli.jvm.compiler.JavaLanguageLevelKt                       : loaded 2 times (x 73B)
Class org.jetbrains.kotlin.cli.common.PropertiesKt                                    : loaded 2 times (x 73B)
Class org.jetbrains.kotlin.psi.KtDoubleColonExpression                                : loaded 2 times (x 72B)
Class [Lorg.jetbrains.kotlin.psi.KtFunctionType;                                      : loaded 2 times (x 71B)
Class org.jetbrains.kotlin.psi.stubs.KotlinBackingFieldStub                           : loaded 2 times (x 72B)
Class org.jetbrains.kotlin.psi.stubs.elements.KtPropertyAccessorElementType           : loaded 2 times (x 102B)
Class org.jetbrains.kotlin.psi.impl.KotlinElementTypeProviderImpl$kdocType$1          : loaded 2 times (x 86B)
Class org.jetbrains.kotlin.analyzer.CompilationErrorException                         : loaded 2 times (x 84B)
Class org.jetbrains.kotlin.load.kotlin.VirtualFileFinder                              : loaded 2 times (x 92B)
Class kotlin.reflect.jvm.internal.KProperty0Impl$$Lambda$0                            : loaded 2 times (x 78B)
Class kotlin.reflect.jvm.internal.calls.CallerImpl                                    : loaded 2 times (x 83B)
Class org.jetbrains.kotlin.cli.common.arguments.ManualLanguageFeatureSetting          : loaded 2 times (x 74B)
Class kotlin.reflect.jvm.internal.impl.types.FlexibleType                             : loaded 2 times (x 91B)
Class kotlin.reflect.jvm.internal.impl.descriptors.impl.AbstractTypeParameterDescriptor$2: loaded 2 times (x 79B)
Class kotlin.reflect.jvm.internal.impl.serialization.deserialization.descriptors.DeserializedTypeParameterDescriptor: loaded 2 times (x 126B)
Class [Lkotlin.reflect.jvm.internal.impl.metadata.ProtoBuf$QualifiedNameTable$QualifiedName$Kind;: loaded 2 times (x 71B)
Class kotlin.reflect.jvm.internal.impl.serialization.deserialization.descriptors.DeserializedMemberScope: loaded 2 times (x 104B)
Class [Lkotlin.reflect.jvm.internal.impl.metadata.ProtoBuf$Class$Kind;                : loaded 2 times (x 71B)
Class kotlin.reflect.jvm.internal.impl.resolve.scopes.AbstractScopeAdapter            : loaded 2 times (x 95B)
Class kotlin.reflect.jvm.internal.impl.metadata.builtins.BuiltInsProtoBuf             : loaded 2 times (x 73B)
Class kotlin.reflect.jvm.internal.impl.metadata.jvm.JvmProtoBuf$JvmPropertySignature  : loaded 2 times (x 98B)
Class kotlin.reflect.jvm.internal.impl.metadata.ProtoBuf$FunctionOrBuilder            : loaded 2 times (x 72B)
Class kotlin.reflect.jvm.internal.impl.descriptors.DescriptorVisibilities$5           : loaded 2 times (x 78B)
Class kotlin.reflect.jvm.internal.impl.descriptors.Visibilities$PrivateToThis         : loaded 2 times (x 77B)
Class kotlin.reflect.jvm.internal.impl.builtins.ReflectionTypes$ClassLookup           : loaded 2 times (x 73B)
Class kotlin.reflect.jvm.internal.impl.descriptors.SupertypeLoopChecker               : loaded 2 times (x 72B)
Class kotlin.reflect.jvm.internal.impl.resolve.sam.SamConversionResolverImpl          : loaded 2 times (x 74B)
Class [Lorg.jetbrains.kotlin.metadata.ProtoBuf$Expression$ConstantValue;              : loaded 2 times (x 71B)
Class org.jetbrains.kotlin.metadata.ProtoBuf$Effect                                   : loaded 2 times (x 117B)
Class org.jetbrains.org.objectweb.asm.tree.InsnNode                                   : loaded 2 times (x 80B)
Class org.jetbrains.kotlin.incremental.storage.ClassIdExternalizer                    : loaded 2 times (x 77B)
Class Native_plugin_loader_gradle$NativePluginLoader                                  : loaded 2 times (x 74B)
Class com.google.common.collect.CollectSpliterators$1                                 : loaded 2 times (x 92B)
Class org.jetbrains.kotlin.gradle.tasks.K2MultiplatformStructure_Decorated            : loaded 2 times (x 133B)
Class org.jetbrains.kotlin.compilerRunner.GradleCompilerRunner                        : loaded 2 times (x 75B)
Class com.google.common.collect.SetMultimap                                           : loaded 2 times (x 72B)
Class org.jetbrains.kotlin.gradle.dsl.AndroidMainSourceSetConventionsChecker$runChecks$1: loaded 2 times (x 89B)
Class org.jetbrains.kotlin.gradle.plugin.sources.FragmentConsistencyChecks            : loaded 2 times (x 74B)
Class org.jetbrains.kotlin.gradle.plugin.mpp.InternalKotlinTargetComponent            : loaded 2 times (x 93B)
Class org.jetbrains.kotlin.gradle.targets.CreateNonPackedKlibVariantsSideEffectKt     : loaded 2 times (x 73B)
Class org.jetbrains.kotlin.gradle.targets.CreateDefaultTestRunSideEffectKt$special$$inlined$KotlinTargetSideEffect$1: loaded 2 times (x 76B)
Class org.jetbrains.kotlin.gradle.utils.ProviderApiUtilsKt                            : loaded 2 times (x 73B)
Class org.jetbrains.kotlin.gradle.plugin.diagnostics.IsAttachedToTerminalValueSource  : loaded 2 times (x 82B)
Class org.jetbrains.kotlin.gradle.targets.native.UsesKonanPropertiesBuildService      : loaded 2 times (x 72B)
Class org.jetbrains.kotlin.gradle.internal.properties.NativePropertiesLoader$forceDisableRunningInProcess$1: loaded 2 times (x 77B)
Class org.jetbrains.kotlin.gradle.internal.tasks.TaskWithLocalState                   : loaded 2 times (x 72B)
Class org.jetbrains.kotlin.gradle.plugin.statistics.KotlinBuildStatisticsUtilsKt      : loaded 2 times (x 73B)
Class org.jetbrains.kotlin.statistics.metrics.BooleanMetrics                          : loaded 2 times (x 81B)
Class org.jetbrains.kotlin.gradle.utils.PersistentCachesKt                            : loaded 2 times (x 73B)
Class org.jetbrains.kotlin.gradle.internal.properties.PropertiesBuildService$Params   : loaded 2 times (x 72B)
Class org.jetbrains.kotlin.gradle.internal.diagnostics.GradleCompatibilityCheck       : loaded 2 times (x 73B)
Class com.google.common.collect.ImmutableSet$Builder                                  : loaded 2 times (x 87B)
Class com.google.common.cache.LocalCache$EntryFactory$4                               : loaded 2 times (x 85B)
Class org.jetbrains.kotlin.protobuf.Utf8                                              : loaded 2 times (x 73B)
Class org.jetbrains.kotlin.fir.resolve.providers.impl.FirCloneableSymbolProvider      : loaded 2 times (x 83B)
Class org.jetbrains.kotlin.utils.WrappedValues$WrappedProcessCanceledException        : loaded 2 times (x 84B)
Class org.jetbrains.kotlin.builtins.functions.FunctionTypeKind$KFunction              : loaded 2 times (x 79B)
Class org.jetbrains.kotlin.fir.scopes.impl.FirDynamicMembersStorage$special$$inlined$createCache$2: loaded 2 times (x 77B)
Class org.jetbrains.kotlin.fir.types.ConeTypeProjection                               : loaded 2 times (x 74B)
Class org.jetbrains.kotlin.fir.types.impl.FirImplicitBuiltinTypeRef                   : loaded 2 times (x 111B)
Class org.jetbrains.kotlin.resolve.jvm.extensions.AnalysisHandlerExtension$Companion  : loaded 2 times (x 74B)
Class org.jetbrains.kotlin.types.extensions.TypeAttributeTranslators                  : loaded 2 times (x 74B)
Class org.jetbrains.kotlin.resolve.extensions.SyntheticResolveExtension$Companion     : loaded 2 times (x 74B)
Class org.jetbrains.kotlin.codegen.extensions.ClassBuilderInterceptorExtension        : loaded 2 times (x 72B)
Class it.unimi.dsi.fastutil.Stack                                                     : loaded 2 times (x 72B)
Class org.jetbrains.kotlin.config.AnalysisFlag$Delegates$WarningLevelMap              : loaded 2 times (x 73B)
Class org.jetbrains.kotlin.parsing.KotlinParsing$3                                    : loaded 2 times (x 114B)
Class org.jetbrains.kotlin.psi.stubs.elements.KtAnnotationEntryElementType            : loaded 2 times (x 102B)
Class kotlin.reflect.jvm.internal.impl.resolve.InlineClassesUtilsKt                   : loaded 2 times (x 73B)
Class kotlin.reflect.jvm.internal.impl.protobuf.UnmodifiableLazyStringList            : loaded 2 times (x 260B)
Class kotlin.reflect.jvm.internal.impl.storage.LockBasedStorageManager$4              : loaded 2 times (x 86B)
Class kotlin.reflect.jvm.internal.impl.descriptors.DescriptorVisibilities$6           : loaded 2 times (x 78B)
Class kotlin.reflect.jvm.internal.impl.descriptors.DeclarationDescriptorVisitor       : loaded 2 times (x 72B)
Class kotlin.reflect.jvm.internal.impl.renderer.DescriptorRenderer$ValueParametersHandler$DEFAULT: loaded 2 times (x 79B)
Class kotlin.reflect.jvm.internal.impl.load.java.components.JavaResolverCache$1       : loaded 2 times (x 80B)
Class kotlin.reflect.jvm.internal.impl.storage.CacheWithNotNullValues                 : loaded 2 times (x 72B)
Class org.jetbrains.org.objectweb.asm.MethodTooLargeException                         : loaded 2 times (x 84B)
Class org.jetbrains.kotlin.incremental.storage.NullableValueExternalizer              : loaded 2 times (x 78B)
Class com.google.common.io.ByteStreams$1                                              : loaded 2 times (x 87B)
Class org.apache.commons.compress.archivers.zip.ZipArchiveEntry$CommentSource         : loaded 2 times (x 81B)
Class com.google.common.collect.ReverseOrdering                                       : loaded 2 times (x 117B)
Class org.jetbrains.kotlin.gradle.plugin.sources.KotlinDependencyScopeKt$WhenMappings : loaded 2 times (x 73B)
Class org.jetbrains.kotlin.gradle.tasks.K2MultiplatformCompilationTask                : loaded 2 times (x 72B)
Class org.jetbrains.kotlin.gradle.utils.ConfigurationsKt$maybeCreateDependencyScope$1 : loaded 2 times (x 80B)
Class org.jetbrains.kotlin.gradle.plugin.sources.FragmentConsistencyChecks$languageVersionCheck$1: loaded 2 times (x 81B)
Class org.jetbrains.kotlin.gradle.plugin.mpp.DecoratedKotlinCompilation               : loaded 2 times (x 193B)
Class org.jetbrains.kotlin.gradle.plugin.diagnostics.checkers.ExperimentalTryNextUsageChecker: loaded 2 times (x 76B)
Class [Lorg.jetbrains.kotlin.gradle.plugin.KotlinPlatformType;                        : loaded 2 times (x 71B)
Class [Lorg.jetbrains.kotlin.gradle.plugin.diagnostics.ToolingDiagnostic$Severity;    : loaded 2 times (x 71B)
Class org.jetbrains.kotlin.gradle.plugin.statistics.UsesBuildFusService               : loaded 2 times (x 72B)
Class org.jetbrains.kotlin.gradle.plugin.statistics.old.Pre232IdeaKotlinBuildStatsBeanService: loaded 2 times (x 97B)
Class org.jetbrains.kotlin.statistics.metrics.NumberOverridePolicy$AVERAGE            : loaded 2 times (x 87B)
Class org.jetbrains.kotlin.gradle.plugin.BuildFinishedListenerService$Companion$registerIfAbsent$1$1: loaded 2 times (x 81B)
Class org.jetbrains.kotlin.gradle.internal.diagnostics.GradleCompatibilityCheck$CurrentGradleVersionProvider: loaded 2 times (x 72B)
Class com.google.common.cache.LocalCache$EntryFactory$5                               : loaded 2 times (x 85B)
Class org.jetbrains.kotlin.utils.SortUtilsKt                                          : loaded 2 times (x 73B)
Class com.google.common.collect.MapMakerInternalMap$WeakKeyStrongValueSegment         : loaded 2 times (x 144B)
Class org.jetbrains.kotlin.fir.scopes.FirOverrideCheckerKt                            : loaded 2 times (x 73B)
Class org.jetbrains.kotlin.fir.scopes.impl.FirDynamicMembersStorage$special$$inlined$createCache$3: loaded 2 times (x 77B)
Class org.jetbrains.kotlin.psi.KtStubbedPsiUtil                                       : loaded 2 times (x 73B)
Class org.jetbrains.kotlin.resolve.calls.inference.components.InferenceLogger         : loaded 2 times (x 80B)
Class org.jetbrains.kotlin.util.ArrayMapImpl$Companion                                : loaded 2 times (x 73B)
Class [Lorg.jetbrains.kotlin.parsing.KotlinParsing$AnnotationParsingMode;             : loaded 2 times (x 71B)
Class org.jetbrains.kotlin.resolve.extensions.AssignResolutionAltererExtension$Companion: loaded 2 times (x 74B)
Class org.jetbrains.kotlin.fir.FirPureAbstractElement                                 : loaded 2 times (x 89B)
Class kotlin.time.Duration                                                            : loaded 2 times (x 76B)
Class org.jetbrains.kotlin.fir.FirPlatformSpecificCastChecker$Default                 : loaded 2 times (x 74B)
Class org.jetbrains.kotlin.psi.stubs.KotlinPlaceHolderStub                            : loaded 2 times (x 72B)
Class org.jetbrains.kotlin.psi.stubs.KotlinCallableStubBase                           : loaded 2 times (x 72B)
Class org.jetbrains.kotlin.fir.extensions.FirExtensionService$Companion               : loaded 2 times (x 75B)
Class kotlin.reflect.jvm.internal.impl.types.TypeSystemCommonBackendContext           : loaded 2 times (x 72B)
Class kotlin.reflect.jvm.internal.impl.load.java.typeEnhancement.MutabilityQualifier  : loaded 2 times (x 81B)
Class kotlin.reflect.jvm.internal.impl.descriptors.runtime.structure.ReflectJavaAnnotationOwner: loaded 2 times (x 72B)
Class kotlin.reflect.jvm.internal.impl.protobuf.UninitializedMessageException         : loaded 2 times (x 85B)
Class kotlin.reflect.jvm.internal.impl.serialization.deserialization.builtins.BuiltInSerializerProtocol: loaded 2 times (x 74B)
Class kotlin.reflect.jvm.internal.impl.metadata.ProtoBuf$TypeOrBuilder                : loaded 2 times (x 72B)
Class kotlin.reflect.jvm.internal.impl.descriptors.Visibilities$InvisibleFake         : loaded 2 times (x 77B)
Class kotlin.reflect.jvm.internal.impl.descriptors.DescriptorVisibilities$7           : loaded 2 times (x 78B)
Class kotlin.reflect.jvm.internal.impl.storage.LockBasedStorageManager$5              : loaded 2 times (x 87B)
Class kotlin.reflect.jvm.internal.impl.builtins.jvm.JavaToKotlinClassMapper           : loaded 2 times (x 73B)
Class kotlin.reflect.jvm.internal.impl.load.java.components.JavaPropertyInitializerEvaluator: loaded 2 times (x 72B)
Class kotlin.reflect.jvm.internal.impl.load.java.JavaNullabilityAnnotationSettingsKt  : loaded 2 times (x 73B)
Class kotlin.reflect.jvm.internal.impl.load.java.lazy.SingleModuleClassResolver       : loaded 2 times (x 77B)
Class kotlin.reflect.jvm.internal.impl.descriptors.impl.PackageViewDescriptorFactory$Companion: loaded 2 times (x 73B)
Class org.jetbrains.kotlin.metadata.ProtoBuf$1                                        : loaded 2 times (x 73B)
Class org.jetbrains.org.objectweb.asm.CurrentFrame                                    : loaded 2 times (x 75B)
Class org.jetbrains.kotlin.fir.types.impl.FirResolvedTypeRefImpl                      : loaded 2 times (x 110B)
Class org.apache.commons.io.output.AppendableWriter                                   : loaded 2 times (x 102B)
Class org.apache.commons.compress.archivers.zip.InflaterInputStreamWithStatistics     : loaded 2 times (x 101B)
Class com.google.common.collect.HashMultimap                                          : loaded 2 times (x 175B)
Class org.jetbrains.kotlin.gradle.plugin.mpp.MppSourcesJarKt$sourcesJarTaskNamed$result$1: loaded 2 times (x 81B)
Class org.jetbrains.kotlin.gradle.tasks.configuration.BaseKotlinCompileConfig$1       : loaded 2 times (x 81B)
Class org.jetbrains.kotlin.gradle.plugin.mpp.compilationImpl.factory.ConfigurationNaming$Default: loaded 2 times (x 77B)
Class org.jetbrains.kotlin.gradle.plugin.mpp.compilationImpl.KotlinCompilationSourceSetInclusion: loaded 2 times (x 74B)
Class org.jetbrains.kotlin.gradle.plugin.KotlinBaseApiPlugin                          : loaded 2 times (x 118B)
Class org.jetbrains.kotlin.gradle.targets.jvm.KotlinJvmTarget                         : loaded 2 times (x 165B)
Class org.jetbrains.kotlin.gradle.targets.js.dsl.KotlinWasmJsTargetDsl                : loaded 2 times (x 72B)
Class org.jetbrains.kotlin.gradle.plugin.diagnostics.checkers.DisabledNativeTargetsChecker$runChecks$1: loaded 2 times (x 89B)
Class org.jetbrains.kotlin.gradle.plugin.KotlinPluginLifecycleImpl$await$2$1          : loaded 2 times (x 81B)
Class org.jetbrains.kotlin.gradle.plugin.sources.DefaultLanguageSettingsBuilder       : loaded 2 times (x 102B)
Class org.jetbrains.kotlin.gradle.plugin.sources.FragmentConsistencyChecks$languageVersionCheck$2: loaded 2 times (x 80B)
Class org.jetbrains.kotlin.gradle.targets.CreateTargetConfigurationsSideEffectKt$CreateTargetConfigurationsSideEffect$1: loaded 2 times (x 76B)
Class org.jetbrains.kotlin.gradle.dsl.KotlinPublishingDsl                             : loaded 2 times (x 72B)
Class org.jetbrains.kotlin.gradle.dsl.KotlinTargetContainerWithPresetFunctions        : loaded 2 times (x 72B)
Class org.jetbrains.kotlin.gradle.plugin.diagnostics.ToolingDiagnosticRenderingOptionsKt$WhenMappings: loaded 2 times (x 73B)
Class org.jetbrains.kotlin.gradle.utils.GradleConfigurationUtilsKt                    : loaded 2 times (x 73B)
Class org.jetbrains.kotlin.gradle.plugin.internal.CustomPropertiesFileValueSource$Parameters: loaded 2 times (x 72B)
Class org.jetbrains.kotlin.gradle.plugin.UsesBuildFinishedListenerService             : loaded 2 times (x 72B)
Class com.google.common.cache.LocalCache$EntryFactory$6                               : loaded 2 times (x 85B)
Class org.gradle.internal.installation.CurrentGradleInstallationLocator               : loaded 2 times (x 73B)
Class org.jetbrains.kotlin.fir.analysis.checkers.FirIdentityLessPlatformDeterminer$Default: loaded 2 times (x 74B)
Class org.jetbrains.kotlin.util.AttributeArrayOwner                                   : loaded 2 times (x 84B)
Class org.jetbrains.kotlin.lexer.KotlinLexerException                                 : loaded 2 times (x 84B)
Class com.android.utils.PositionXmlParser$Position                                    : loaded 2 times (x 80B)
Class org.jetbrains.kotlin.fir.builder.FirBuilderDslKt                                : loaded 2 times (x 73B)
Class [Lorg.jetbrains.kotlin.load.java.ReportLevel;                                   : loaded 2 times (x 71B)
Class org.jetbrains.kotlin.metadata.builtins.BuiltInsProtoBuf                         : loaded 2 times (x 73B)
Class kotlin.coroutines.jvm.internal.SpillingKt                                       : loaded 2 times (x 73B)
Class org.jetbrains.kotlin.cli.jvm.compiler.KotlinCliJavaFileManagerImpl$Companion    : loaded 2 times (x 73B)
Class [Lorg.jetbrains.kotlin.psi.KtCollectionLiteralExpression;                       : loaded 2 times (x 71B)
Class [Lorg.jetbrains.kotlin.psi.KtValueArgumentName;                                 : loaded 2 times (x 71B)
Class [Lorg.jetbrains.kotlin.psi.KtIntersectionType;                                  : loaded 2 times (x 71B)
Class org.jetbrains.kotlin.psi.stubs.elements.KtModifierListElementType               : loaded 2 times (x 105B)
Class org.jetbrains.kotlin.psi.stubs.KotlinAnnotationUseSiteTargetStub                : loaded 2 times (x 72B)
Class org.jetbrains.kotlin.psi.stubs.elements.KtParameterElementType                  : loaded 2 times (x 106B)
Class org.jetbrains.kotlin.fir.declarations.FirDeclarationAttributes                  : loaded 2 times (x 84B)
Class com.android.tools.lint.model.DefaultLintModelDependencyGraph                    : loaded 2 times (x 80B)
Class com.android.tools.lint.model.DefaultLintModelLintOptions                        : loaded 2 times (x 105B)
Class org.jetbrains.kotlin.fir.declarations.FirResolvedToPhaseState$Companion         : loaded 2 times (x 73B)
Class org.gradle.internal.classloader.FilteringClassLoader                            : loaded 2 times (x 106B)
Class [Lkotlin.io.FileWalkDirection;                                                  : loaded 2 times (x 71B)
Class kotlin.reflect.jvm.internal.impl.resolve.jvm.InlineClassManglingRulesKt         : loaded 2 times (x 73B)
Class kotlin.reflect.jvm.internal.impl.load.java.typeEnhancement.JavaTypeEnhancement$Result: loaded 2 times (x 74B)
Class [Lkotlin.reflect.jvm.internal.impl.load.java.structure.LightClassOriginKind;    : loaded 2 times (x 71B)
Class kotlin.reflect.jvm.internal.impl.metadata.ProtoBuf$MemberKind$1                 : loaded 2 times (x 76B)
Class kotlin.reflect.jvm.internal.impl.serialization.deserialization.ClassData        : loaded 2 times (x 74B)
Class kotlin.reflect.jvm.internal.impl.builtins.jvm.JvmBuiltInsPackageFragmentProvider$Companion: loaded 2 times (x 73B)
Class kotlin.reflect.jvm.internal.impl.descriptors.DescriptorVisibilities$8           : loaded 2 times (x 78B)
Class kotlin.reflect.jvm.internal.impl.types.TypeUtils$SpecialType                    : loaded 2 times (x 95B)
Class [Lkotlin.reflect.jvm.internal.impl.descriptors.Modality;                        : loaded 2 times (x 71B)
Class kotlin.reflect.jvm.internal.impl.serialization.deserialization.LocalClassifierTypeSettings$Default: loaded 2 times (x 76B)
Class kotlin.reflect.jvm.internal.impl.descriptors.PropertyAccessorDescriptor         : loaded 2 times (x 72B)
Class kotlin.reflect.jvm.internal.impl.resolve.OverridingUtil                         : loaded 2 times (x 78B)
Class kotlin.reflect.jvm.internal.impl.types.checker.KotlinTypePreparator             : loaded 2 times (x 75B)
Class kotlin.reflect.jvm.internal.impl.load.java.lazy.JavaResolverSettings            : loaded 2 times (x 72B)
Class kotlin.reflect.jvm.internal.impl.descriptors.NotFoundClasses                    : loaded 2 times (x 74B)
Class kotlin.reflect.jvm.internal.impl.types.SimpleType                               : loaded 2 times (x 90B)
Class org.jetbrains.kotlin.metadata.ProtoBuf$VersionRequirement$Level$1               : loaded 2 times (x 76B)
Class org.jetbrains.org.objectweb.asm.tree.LdcInsnNode                                : loaded 2 times (x 80B)
Class org.jetbrains.kotlin.com.intellij.openapi.util.ThreadLocalCachedValue           : loaded 2 times (x 77B)
Class org.jetbrains.kotlin.incremental.classpathDiff.ClasspathEntrySnapshotter        : loaded 2 times (x 73B)
Class com.google.common.collect.ImmutableMultimap$Builder                             : loaded 2 times (x 88B)
Class com.google.common.io.ByteSource$SlicedByteSource                                : loaded 2 times (x 87B)
Class org.apache.commons.compress.archivers.zip.X5455_ExtendedTimestamp               : loaded 2 times (x 113B)
Class org.apache.commons.io.output.ThresholdingOutputStream                           : loaded 2 times (x 97B)
Class org.jetbrains.kotlin.gradle.tasks.DefaultKotlinJavaToolchain$getToolsJarFromJvm$1: loaded 2 times (x 77B)
Class org.jetbrains.kotlin.build.report.metrics.GcMetrics                             : loaded 2 times (x 74B)
Class org.jetbrains.kotlin.gradle.plugin.diagnostics.UsesKotlinToolingDiagnosticsKt   : loaded 2 times (x 73B)
Class org.jetbrains.kotlin.gradle.tasks.configuration.BaseKotlinCompileConfig$2       : loaded 2 times (x 81B)
Class com.google.common.collect.Maps$KeySet                                           : loaded 2 times (x 139B)
Class org.jetbrains.kotlin.gradle.plugin.KotlinJvmFactory                             : loaded 2 times (x 72B)
Class org.jetbrains.kotlin.gradle.plugin.mpp.InternalKotlinCompilation                : loaded 2 times (x 72B)
Class org.jetbrains.kotlin.gradle.utils.WhenEvaluatedKt                               : loaded 2 times (x 73B)
Class org.jetbrains.kotlin.konan.target.KonanTarget$IOS_X64                           : loaded 2 times (x 80B)
Class org.jetbrains.kotlin.gradle.targets.native.internal.AddKotlinPlatformIntegersSupportLibraryKt: loaded 2 times (x 73B)
Class org.jetbrains.kotlin.gradle.plugin.AbstractKotlinJsPluginWrapper                : loaded 2 times (x 88B)
Class org.jetbrains.kotlin.gradle.plugin.internal.MavenPublicationComponentAccessor   : loaded 2 times (x 72B)
Class org.jetbrains.kotlin.gradle.fus.BuildUidService                                 : loaded 2 times (x 82B)
Class org.jetbrains.kotlin.gradle.plugin.KotlinPluginWrapperKt                        : loaded 2 times (x 73B)
Class com.google.common.collect.ImmutableSet$EmptySetBuilderImpl                      : loaded 2 times (x 78B)
Class com.google.common.cache.LocalCache$EntryFactory$7                               : loaded 2 times (x 85B)
Class org.gradle.internal.service.DefaultServiceLocator                               : loaded 2 times (x 85B)
Class org.jetbrains.kotlin.fir.declarations.FirCallableDeclaration                    : loaded 2 times (x 141B)
Class [Lorg.jetbrains.kotlin.storage.LockBasedStorageManager$NotValue;                : loaded 2 times (x 71B)
Class org.jetbrains.kotlin.fir.scopes.FirContainingNamesAwareScope                    : loaded 2 times (x 83B)
Class org.jetbrains.kotlin.parsing.FirstBefore                                        : loaded 2 times (x 86B)
Class org.jetbrains.kotlin.cli.jvm.compiler.KotlinCliJavaFileManagerImplKt            : loaded 2 times (x 73B)
Class org.jetbrains.kotlin.gradle.plugin.internal.CustomPropertiesFileValueSource$Inject_: loaded 2 times (x 115B)
Class org.jetbrains.kotlin.extensions.TypeAttributeTranslatorExtension$Companion      : loaded 2 times (x 74B)
Class org.jetbrains.kotlin.extensions.TypeAttributeTranslatorExtension                : loaded 2 times (x 72B)
Class org.jetbrains.kotlin.gradle.fus.internal.SynchronizedConfigurationMetrics$Companion: loaded 2 times (x 73B)
Class org.jetbrains.kotlin.gradle.internal.ClassLoadersCachingBuildService$Companion$registerIfAbsent$2$1$1: loaded 2 times (x 77B)
Class org.jetbrains.kotlin.load.kotlin.PackagePartProvider                            : loaded 2 times (x 72B)
Class org.jetbrains.kotlin.gradle.targets.native.KonanPropertiesBuildService$Companion$registerIfAbsent$1: loaded 2 times (x 77B)
Class org.jetbrains.kotlin.gradle.plugin.diagnostics.checkers.AndroidPublicationNotConfiguredChecker: loaded 2 times (x 76B)
Class kotlin.coroutines.jvm.internal.SuspendFunction                                  : loaded 2 times (x 72B)
Class org.jetbrains.kotlin.psi.stubs.elements.KtFileElementType                       : loaded 2 times (x 110B)
Class [Lorg.jetbrains.kotlin.psi.KtNameReferenceExpression;                           : loaded 2 times (x 71B)
Class org.jetbrains.kotlin.psi.KtSecondaryConstructor                                 : loaded 2 times (x 1346B)
Class [Lorg.jetbrains.kotlin.psi.KtTypeParameterListOwner;                            : loaded 2 times (x 71B)
Class org.jetbrains.kotlin.cli.jvm.compiler.KotlinCoreApplicationEnvironmentMode$Production: loaded 2 times (x 73B)
Class org.jetbrains.kotlin.gradle.utils.Completable$await$1                           : loaded 2 times (x 89B)
Class org.jetbrains.kotlin.compilerRunner.CompilerSystemPropertiesService$Companion   : loaded 2 times (x 73B)
Class com.google.common.io.LineReader                                                 : loaded 2 times (x 74B)
Class kotlin.io.FileTreeWalk                                                          : loaded 2 times (x 77B)
Class kotlin.reflect.jvm.internal.impl.descriptors.runtime.structure.ReflectJavaClass$fields$1: loaded 2 times (x 131B)
Class [Lkotlin.reflect.jvm.internal.impl.types.TypeProjection;                        : loaded 2 times (x 71B)
Class kotlin.reflect.jvm.internal.impl.descriptors.NotFoundClasses$MockClassDescriptor: loaded 2 times (x 177B)
Class kotlin.reflect.jvm.internal.impl.load.java.lazy.descriptors.LazyJavaPackageScope$KotlinClassLookupResult: loaded 2 times (x 73B)
Class kotlin.reflect.jvm.internal.impl.types.Variance                                 : loaded 2 times (x 81B)
Class kotlin.reflect.jvm.internal.impl.metadata.ProtoBuf$Class                        : loaded 2 times (x 103B)
Class kotlin.reflect.jvm.internal.impl.descriptors.DescriptorVisibilities$9           : loaded 2 times (x 78B)
Class kotlin.reflect.jvm.internal.impl.descriptors.ClassKind                          : loaded 2 times (x 81B)
Class kotlin.properties.ObservableProperty                                            : loaded 2 times (x 85B)
Class kotlin.reflect.jvm.internal.impl.serialization.deserialization.ContractDeserializer$Companion: loaded 2 times (x 73B)
Class kotlin.reflect.jvm.internal.impl.resolve.constants.UIntValue                    : loaded 2 times (x 76B)
Class [Lkotlin.reflect.jvm.internal.impl.load.java.lazy.types.JavaTypeFlexibility;    : loaded 2 times (x 71B)
Class kotlin.reflect.jvm.internal.impl.load.java.Jsr305Settings                       : loaded 2 times (x 74B)
Class org.jetbrains.kotlin.metadata.ProtoBuf$Class$Kind$1                             : loaded 2 times (x 76B)
Class org.jetbrains.org.objectweb.asm.SymbolTable                                     : loaded 2 times (x 74B)
Class org.jetbrains.org.objectweb.asm.tree.UnsupportedClassVersionException           : loaded 2 times (x 84B)
Class org.jetbrains.org.objectweb.asm.tree.RecordComponentNode                        : loaded 2 times (x 81B)
Class com.google.common.cache.LocalCache$SoftValueReference                           : loaded 2 times (x 100B)
Class com.google.common.collect.ImmutableMultimap$EntryCollection                     : loaded 2 times (x 130B)
Class org.apache.commons.io.build.AbstractOrigin$URIOrigin                            : loaded 2 times (x 91B)
Class com.google.common.collect.Maps$EntrySet                                         : loaded 2 times (x 138B)
Class com.google.common.collect.ComparisonChain$InactiveComparisonChain               : loaded 2 times (x 82B)
Class org.jetbrains.kotlin.gradle.tasks.configuration.BaseKotlinCompileConfig$1$1$1   : loaded 2 times (x 77B)
Class org.jetbrains.kotlin.gradle.tasks.KotlinCompile$scriptExtensions$1              : loaded 2 times (x 81B)
Class org.jetbrains.kotlin.gradle.tasks.K2MultiplatformStructure$Fragment             : loaded 2 times (x 74B)
Class org.jetbrains.kotlin.compilerRunner.CompilerSystemPropertiesService$Companion$registerIfAbsent$1: loaded 2 times (x 77B)
Class org.jetbrains.kotlin.gradle.plugin.diagnostics.checkers.WasmJsEnvironmentChecker: loaded 2 times (x 78B)
Class org.jetbrains.kotlin.gradle.plugin.diagnostics.checkers.AndroidPluginWithoutAndroidTargetChecker: loaded 2 times (x 76B)
Class org.jetbrains.kotlin.gradle.plugin.statistics.FlowActionBuildFusService$getConfigurationTimeMetrics$1: loaded 2 times (x 77B)
Class org.jetbrains.kotlin.gradle.plugin.statistics.SynchronizedMetricsContainer      : loaded 2 times (x 84B)
Class org.jetbrains.kotlin.statistics.metrics.NumberOverridePolicy                    : loaded 2 times (x 87B)
Class org.jetbrains.kotlin.statistics.metrics.StringAnonymizationPolicy$AllowedListAnonymizer$Companion: loaded 2 times (x 73B)
Class org.jetbrains.kotlin.gradle.plugin.internal.DefaultProjectIsolationStartParameterAccessor_Decorated: loaded 2 times (x 123B)
Class org.jetbrains.kotlin.gradle.plugin.internal.ProjectIsolationStartParameterAccessorKt: loaded 2 times (x 73B)
Class org.jetbrains.kotlin.gradle.testing.internal.KotlinTestsRegistry                : loaded 2 times (x 74B)
Class com.google.common.cache.LocalCache$EntryFactory$8                               : loaded 2 times (x 85B)
Class org.gradle.internal.installation.CurrentGradleInstallation                      : loaded 2 times (x 75B)
Class org.jetbrains.kotlin.name.CallableId$Companion                                  : loaded 2 times (x 73B)
Class org.jetbrains.kotlin.fir.resolve.providers.impl.FirExtensionSyntheticFunctionInterfaceProvider: loaded 2 times (x 86B)
Class org.jetbrains.kotlin.mpp.ClassifierSymbolMarker                                 : loaded 2 times (x 72B)
Class org.jetbrains.kotlin.types.model.SimpleTypeMarker                               : loaded 2 times (x 72B)
Class org.jetbrains.kotlin.parsing.SemanticWhitespaceAwarePsiBuilderImpl              : loaded 2 times (x 201B)
Class kotlin.jvm.internal.Ref$BooleanRef                                              : loaded 2 times (x 73B)
Class com.android.utils.PositionXmlParser$ParserPool                                  : loaded 2 times (x 81B)
Class org.apache.commons.compress.archivers.zip.UnparseableExtraFieldBehavior         : loaded 2 times (x 72B)
Class org.jetbrains.kotlin.load.java.structure.JavaNamedElement                       : loaded 2 times (x 72B)
Class kotlin.reflect.jvm.internal.impl.metadata.ProtoBuf$Property$1                   : loaded 2 times (x 89B)
Class kotlin.reflect.jvm.internal.impl.protobuf.FieldSet$1                            : loaded 2 times (x 73B)
Class kotlin.reflect.jvm.internal.impl.serialization.deserialization.descriptors.DeserializedClassDescriptor$DeserializedClassMemberScope: loaded 2 times (x 104B)
Class org.jetbrains.kotlin.scripting.definitions.LazyScriptDefinitionProvider$Companion: loaded 2 times (x 73B)
Class kotlin.reflect.jvm.internal.impl.resolve.scopes.DescriptorKindFilter$Companion  : loaded 2 times (x 73B)
Class kotlin.reflect.jvm.internal.impl.metadata.ProtoBuf$PackageFragment              : loaded 2 times (x 103B)
Class kotlin.coroutines.intrinsics.IntrinsicsKt__IntrinsicsJvmKt                      : loaded 2 times (x 73B)
Class kotlin.coroutines.jvm.internal.CoroutineStackFrame                              : loaded 2 times (x 72B)
Class org.jetbrains.kotlin.psi.KtBreakExpression                                      : loaded 2 times (x 438B)
Class [Lorg.jetbrains.kotlin.psi.KtFunctionTypeReceiver;                              : loaded 2 times (x 71B)
Class org.jetbrains.kotlin.psi.KtNullableType                                         : loaded 2 times (x 510B)
Class org.jetbrains.kotlin.psi.stubs.KotlinTypeAliasStub                              : loaded 2 times (x 72B)
Class [Lorg.jetbrains.kotlin.psi.KtProperty;                                          : loaded 2 times (x 71B)
Class com.android.tools.lint.model.DefaultLintModelVariant                            : loaded 2 times (x 103B)
Class com.android.tools.lint.model.LintModelArtifact                                  : loaded 2 times (x 72B)
Class kotlin.reflect.jvm.internal.impl.metadata.ProtoBuf$1                            : loaded 2 times (x 73B)
Class kotlin.reflect.jvm.internal.calls.CallerKt                                      : loaded 2 times (x 73B)
Class kotlin.reflect.jvm.internal.impl.types.model.TypeSystemOptimizationContext      : loaded 2 times (x 72B)
Class kotlin.reflect.jvm.internal.impl.types.model.DefinitelyNotNullTypeMarker        : loaded 2 times (x 72B)
Class [Lkotlin.reflect.jvm.internal.impl.load.java.typeEnhancement.JavaTypeQualifiers;: loaded 2 times (x 71B)
Class kotlin.reflect.jvm.internal.impl.descriptors.runtime.structure.ReflectJavaClass$fields$2: loaded 2 times (x 131B)
Class kotlin.reflect.jvm.internal.impl.metadata.ProtoBuf$StringTable                  : loaded 2 times (x 98B)
Class kotlin.reflect.jvm.internal.impl.serialization.deserialization.descriptors.DeserializedMemberScope$OptimizedImplementation: loaded 2 times (x 83B)
Class kotlin.reflect.jvm.internal.impl.metadata.jvm.JvmProtoBuf$JvmPropertySignature$1: loaded 2 times (x 89B)
Class kotlin.reflect.jvm.internal.impl.storage.LockBasedStorageManager$LockBasedLazyValueWithPostCompute: loaded 2 times (x 84B)
Class kotlin.reflect.jvm.internal.impl.types.TypeConstructor                          : loaded 2 times (x 72B)
Class kotlin.reflect.jvm.internal.impl.resolve.constants.IntValue                     : loaded 2 times (x 76B)
Class kotlin.reflect.jvm.internal.impl.descriptors.MemberDescriptor                   : loaded 2 times (x 72B)
Class org.jetbrains.org.objectweb.asm.ModuleWriter                                    : loaded 2 times (x 83B)
Class org.jetbrains.kotlin.incremental.classpathDiff.JarReader                        : loaded 2 times (x 84B)
Class kotlinx.coroutines.BlockingCoroutine                                            : loaded 2 times (x 145B)
Class com.google.common.collect.ForwardingObject                                      : loaded 2 times (x 74B)
Class org.jetbrains.kotlin.gradle.tasks.configuration.BaseKotlinCompileConfig$1$1$2   : loaded 2 times (x 77B)
Class org.jetbrains.kotlin.gradle.tasks.KotlinCompilerExecutionStrategy               : loaded 2 times (x 81B)
Class org.jetbrains.kotlin.gradle.plugin.mpp.InternalKotlinCompilationKt$awaitAllKotlinSourceSets$1: loaded 2 times (x 89B)
Class org.jetbrains.kotlin.gradle.plugin.sources.DefaultKotlinSourceSet$special$$inlined$Iterable$1: loaded 2 times (x 81B)
Class org.jetbrains.kotlin.gradle.plugin.mpp.compilationImpl.factory.KotlinCompilationImplFactory$KotlinCompilerOptionsFactory$Options: loaded 2 times (x 74B)
Class org.jetbrains.kotlin.gradle.plugin.statistics.FusMetrics                        : loaded 2 times (x 72B)
Class org.jetbrains.kotlin.gradle.plugin.KotlinCompilation                            : loaded 2 times (x 72B)
Class org.jetbrains.kotlin.gradle.plugin.diagnostics.ToolingDiagnosticRenderingOptionsKt: loaded 2 times (x 73B)
Class org.jetbrains.kotlin.gradle.tasks.publishing.HelpersKt                          : loaded 2 times (x 73B)
Class org.jetbrains.kotlin.gradle.plugin.KotlinTargetConfiguratorKt                   : loaded 2 times (x 73B)
Class org.jetbrains.kotlin.gradle.targets.native.internal.PlatformLibrariesGenerator  : loaded 2 times (x 74B)
Class org.jetbrains.kotlin.tooling.core.Extras$Type$Companion                         : loaded 2 times (x 73B)
Class com.google.common.cache.CacheLoader$1                                           : loaded 2 times (x 77B)
Class org.gradle.util.internal.GUtil                                                  : loaded 2 times (x 73B)
Class org.jetbrains.kotlin.fir.scopes.impl.FirIntersectionOverrideStorage             : loaded 2 times (x 74B)
Class org.jetbrains.kotlin.fir.types.TypeComponentsKt                                 : loaded 2 times (x 73B)
Class org.jetbrains.kotlin.types.model.TypeSystemOptimizationContext                  : loaded 2 times (x 72B)
Class org.jetbrains.kotlin.fir.FirExceptionHandler                                    : loaded 2 times (x 75B)
Class kotlin.reflect.jvm.internal.impl.load.java.components.DescriptorResolverUtils   : loaded 2 times (x 73B)
Class kotlin.reflect.jvm.internal.impl.resolve.OverridingUtil$3                       : loaded 2 times (x 77B)
Class [Lorg.jetbrains.kotlin.cli.jvm.index.JavaRoot$RootType;                         : loaded 2 times (x 71B)
Class org.jetbrains.kotlin.storage.LockBasedStorageManager$ExceptionHandlingStrategy$1: loaded 2 times (x 76B)
Class org.jetbrains.kotlin.storage.MemoizedFunctionToNullable                         : loaded 2 times (x 72B)
Class it.unimi.dsi.fastutil.ints.AbstractIntCollection                                : loaded 2 times (x 187B)
Class org.jetbrains.kotlin.psi.KtFile                                                 : loaded 2 times (x 950B)
Class kotlin.reflect.jvm.internal.JvmPropertySignature                                : loaded 2 times (x 74B)
Class org.jetbrains.kotlin.progress.CompilationCanceledStatus                         : loaded 2 times (x 72B)
Class com.android.prefs.AndroidPathLocator                                            : loaded 2 times (x 75B)
Class com.android.tools.lint.model.LintModelJavaLibrary                               : loaded 2 times (x 72B)
Class org.jetbrains.kotlin.psi.stubs.elements.KtImportDirectiveElementType            : loaded 2 times (x 105B)
Class org.jetbrains.kotlin.psi.KtModifierListOwnerStub                                : loaded 2 times (x 581B)
Class kotlin.concurrent.atomics.AtomicsKt__Atomics_commonKt                           : loaded 2 times (x 73B)
Class org.jetbrains.kotlin.platform.TargetPlatformVersion                             : loaded 2 times (x 72B)
Class [Lcom.android.tools.lint.model.LintModelSeverity;                               : loaded 2 times (x 71B)
Class org.jetbrains.kotlin.psi.stubs.KotlinImportAliasStub                            : loaded 2 times (x 72B)
Class com.android.prefs.PathLocator$WhenMappings                                      : loaded 2 times (x 73B)
Class kotlin.reflect.jvm.internal.impl.metadata.deserialization.ProtoBufUtilKt        : loaded 2 times (x 73B)
Class kotlin.reflect.jvm.internal.impl.builtins.jvm.CloneableClassScope$Companion     : loaded 2 times (x 73B)
Class kotlin.reflect.jvm.internal.impl.metadata.jvm.JvmProtoBuf$StringTableTypesOrBuilder: loaded 2 times (x 72B)
Class kotlin.reflect.jvm.internal.impl.descriptors.runtime.components.ReflectClassStructure: loaded 2 times (x 73B)
Class kotlin.reflect.jvm.internal.impl.incremental.components.NoLookupLocation        : loaded 2 times (x 84B)
Class kotlin.reflect.jvm.internal.impl.resolve.DescriptorUtils                        : loaded 2 times (x 73B)
Class kotlin.reflect.jvm.internal.impl.load.java.JavaIncompatibilityRulesOverridabilityCondition$Companion: loaded 2 times (x 73B)
Class kotlin.reflect.jvm.internal.impl.load.java.JavaIncompatibilityRulesOverridabilityCondition: loaded 2 times (x 77B)
Class kotlin.reflect.jvm.internal.impl.types.checker.NewKotlinTypeCheckerImpl         : loaded 2 times (x 82B)
Class [Lkotlin.reflect.jvm.internal.impl.builtins.jvm.JvmBuiltIns$Kind;               : loaded 2 times (x 71B)
Class org.jetbrains.kotlin.metadata.jvm.JvmProtoBuf$StringTableTypes$Record           : loaded 2 times (x 121B)
Class kotlin.io.NoSuchFileException                                                   : loaded 2 times (x 84B)
Class [Lorg.apache.commons.compress.archivers.zip.UnparseableExtraFieldBehavior;      : loaded 2 times (x 71B)
Class org.apache.commons.io.build.AbstractOrigin$InputStreamOrigin                    : loaded 2 times (x 91B)
Class org.jetbrains.kotlin.gradle.tasks.configuration.BaseKotlinCompileConfig$1$1$3   : loaded 2 times (x 77B)
Class org.jetbrains.kotlin.gradle.plugin.mpp.InternalKotlinTargetKt$isSourcesPublishableFuture$2: loaded 2 times (x 97B)
Class org.jetbrains.kotlin.gradle.plugin.mpp.KotlinCompilationFactory                 : loaded 2 times (x 72B)
Class org.jetbrains.kotlin.gradle.dsl.IosSourceSetConventionChecker$runChecks$1       : loaded 2 times (x 89B)
Class org.jetbrains.kotlin.gradle.plugin.mpp.AbstractKotlinCompilation                : loaded 2 times (x 193B)
Class org.jetbrains.kotlin.gradle.plugin.diagnostics.checkers.UnusedSourceSetsChecker : loaded 2 times (x 76B)
Class org.jetbrains.kotlin.gradle.utils.Future                                        : loaded 2 times (x 72B)
Class org.jetbrains.kotlin.gradle.plugin.statistics.KotlinBuildStatsConfiguration$Companion: loaded 2 times (x 73B)
Class com.google.common.cache.AbstractCache$StatsCounter                              : loaded 2 times (x 72B)
Class org.jetbrains.kotlin.psi.stubs.KotlinEnumEntrySuperclassReferenceExpressionStub : loaded 2 times (x 72B)
Class org.jetbrains.kotlin.fir.declarations.builder.FirTypeParametersOwnerBuilder     : loaded 2 times (x 72B)
Class org.jetbrains.kotlin.metadata.builtins.BuiltInsBinaryVersion                    : loaded 2 times (x 76B)
Class org.jetbrains.kotlin.fir.java.FirSyntheticPropertiesStorage$special$$inlined$createCache$1: loaded 2 times (x 77B)
Class org.jetbrains.kotlin.fir.java.scopes.FirRenamedForOverrideSymbolsStorage        : loaded 2 times (x 74B)
Class org.jetbrains.kotlin.psi.KtLiteralStringTemplateEntry                           : loaded 2 times (x 444B)
Class org.jetbrains.kotlin.resolve.jvm.KotlinJavaPsiFacade$KotlinPsiElementFinderWrapperImpl: loaded 2 times (x 84B)
Class org.jetbrains.kotlin.load.kotlin.MetadataFinderFactory                          : loaded 2 times (x 72B)
Class [Lorg.jetbrains.kotlin.psi.KtLiteralStringTemplateEntry;                        : loaded 2 times (x 71B)
Class kotlin.coroutines.jvm.internal.CompletedContinuation                            : loaded 2 times (x 77B)
Class org.jetbrains.kotlin.lexer.KtTokens                                             : loaded 2 times (x 72B)
Class org.jetbrains.kotlin.cli.jvm.index.JvmDependenciesDynamicCompoundIndex          : loaded 2 times (x 79B)
Class kotlin.time.DurationUnitKt                                                      : loaded 2 times (x 73B)
Class org.jetbrains.kotlin.config.ReturnValueCheckerMode                              : loaded 2 times (x 81B)
Class org.jetbrains.kotlin.load.java.structure.JavaAnnotationOwner                    : loaded 2 times (x 72B)
Class kotlin.coroutines.jvm.internal.DebugProbesKt                                    : loaded 2 times (x 73B)
Class org.jetbrains.kotlin.parsing.KotlinParsing$2                                    : loaded 2 times (x 80B)
Class [Lorg.jetbrains.kotlin.psi.KtStringTemplateExpression;                          : loaded 2 times (x 71B)
Class org.jetbrains.kotlin.psi.KtTypeCodeFragmentType                                 : loaded 2 times (x 86B)
Class org.jetbrains.kotlin.psi.KtNamedFunction                                        : loaded 2 times (x 1416B)
Class org.jetbrains.kotlin.psi.KtNamedDeclaration                                     : loaded 2 times (x 72B)
Class kotlin.coroutines.CoroutineContext                                              : loaded 2 times (x 72B)
Class org.jetbrains.kotlin.fir.scopes.FirLookupDefaultStarImportsInSourcesSettingHolder$Companion: loaded 2 times (x 73B)
Class com.android.tools.lint.model.DefaultLintModelDependency                         : loaded 2 times (x 88B)
Class com.android.tools.lint.model.DefaultLintModelLibrary                            : loaded 2 times (x 88B)
Class com.android.tools.lint.model.DefaultLintModelBuildFeatures                      : loaded 2 times (x 77B)
Class kotlin.reflect.jvm.internal.impl.load.java.SpecialGenericSignatures$Companion   : loaded 2 times (x 73B)
Class kotlin.reflect.jvm.internal.impl.load.java.typeEnhancement.TypeComponentPositionKt: loaded 2 times (x 73B)
Class kotlin.reflect.jvm.internal.impl.types.TypeConstructorSubstitution$Companion$createByConstructorsMap$1: loaded 2 times (x 81B)
Class kotlin.reflect.jvm.internal.impl.load.java.lazy.descriptors.LazyJavaClassDescriptor$LazyJavaClassTypeConstructor: loaded 2 times (x 99B)
Class [Lkotlin.reflect.jvm.internal.impl.descriptors.PackageFragmentProvider;         : loaded 2 times (x 71B)
Class kotlin.reflect.jvm.internal.impl.types.AbstractTypePreparator                   : loaded 2 times (x 74B)
Class kotlin.reflect.jvm.internal.impl.metadata.deserialization.BinaryVersion$Companion: loaded 2 times (x 73B)
Class kotlin.reflect.jvm.internal.impl.storage.MemoizedFunctionToNullable             : loaded 2 times (x 72B)
Class kotlin.reflect.jvm.internal.impl.load.java.sources.JavaSourceElementFactory     : loaded 2 times (x 72B)
Class org.jetbrains.kotlin.incremental.DifferenceCalculatorForPackageFacade$Companion : loaded 2 times (x 73B)
Class [Lorg.jetbrains.kotlin.metadata.ProtoBuf$MemberKind;                            : loaded 2 times (x 71B)
Class org.apache.commons.compress.archivers.zip.AbstractUnicodeExtraField             : loaded 2 times (x 95B)
Class org.apache.commons.io.build.AbstractOrigin$ReaderOrigin                         : loaded 2 times (x 91B)
Class org.apache.commons.compress.archivers.zip.Zip64RequiredException                : loaded 2 times (x 84B)
Class com.google.common.io.LineBuffer                                                 : loaded 2 times (x 77B)
Class org.jetbrains.kotlin.gradle.plugin.attributes.KlibPackaging                     : loaded 2 times (x 72B)
Class org.jetbrains.kotlin.gradle.plugin.mpp.KotlinTargetSoftwareComponentImplKt      : loaded 2 times (x 73B)
Class org.jetbrains.kotlin.gradle.targets.js.dsl.KotlinJsSubTargetContainerDsl        : loaded 2 times (x 72B)
Class org.jetbrains.kotlin.tooling.core.MutableExtrasImpl$Companion                   : loaded 2 times (x 73B)
Class org.jetbrains.kotlin.gradle.internal.ClassLoadersCachingBuildService$Parameters : loaded 2 times (x 72B)
Class org.jetbrains.kotlin.gradle.plugin.KotlinGradleBuildServices$Companion$registerIfAbsent$1: loaded 2 times (x 77B)
Class org.jetbrains.kotlin.statistics.fileloggers.MetricsContainer                    : loaded 2 times (x 79B)
Class org.jetbrains.kotlin.gradle.plugin.internal.ProjectIsolationStartParameterAccessor: loaded 2 times (x 72B)
Class org.jetbrains.kotlin.gradle.utils.StoredProperty                                : loaded 2 times (x 72B)
Class com.google.common.collect.Iterators$MergingIterator                             : loaded 2 times (x 83B)
Class org.gradle.internal.installation.GradleInstallation                             : loaded 2 times (x 77B)
Class [Lorg.jetbrains.kotlin.fir.FirSessionComponent;                                 : loaded 2 times (x 71B)
Class org.jetbrains.kotlin.fir.scopes.jvm.JvmMappedScope$FirMappedSymbolStorage$special$$inlined$createCache$1: loaded 2 times (x 77B)
Class org.jetbrains.kotlin.fir.scopes.impl.FirSynthesizedStorage$special$$inlined$createCache$1: loaded 2 times (x 77B)
Class org.jetbrains.kotlin.fir.resolve.FirDefaultParametersResolver                   : loaded 2 times (x 73B)
Class org.jetbrains.kotlin.types.TypeCheckerState                                     : loaded 2 times (x 78B)
Class org.jetbrains.kotlin.fir.FirElementWithResolveState                             : loaded 2 times (x 91B)
Class org.jetbrains.kotlin.resolve.calls.inference.components.ResultTypeResolver      : loaded 2 times (x 74B)
Class org.jetbrains.kotlin.fir.types.impl.FirImplicitCharTypeRef                      : loaded 2 times (x 111B)
Class org.jetbrains.kotlin.fir.types.impl.FirImplicitUIntTypeRef                      : loaded 2 times (x 111B)
Class org.jetbrains.kotlin.config.LanguageFeature$State                               : loaded 2 times (x 84B)
Class org.jetbrains.kotlin.resolve.JvmCompilerDeserializationConfiguration            : loaded 2 times (x 87B)
Class org.jetbrains.kotlin.cli.jvm.modules.JavaModuleGraph$module$1                   : loaded 2 times (x 127B)
Class kotlin.collections.ReversedList                                                 : loaded 2 times (x 209B)
Class kotlin.reflect.jvm.internal.impl.builtins.PrimitiveType$$Lambda$0               : loaded 2 times (x 78B)
Class org.jetbrains.kotlin.psi.KtContainerNodeForControlStructureBody                 : loaded 2 times (x 377B)
Class org.jetbrains.kotlin.psi.KtDeclarationImpl                                      : loaded 2 times (x 646B)
Class org.jetbrains.kotlin.psi.KtBlockStringTemplateEntry                             : loaded 2 times (x 445B)
Class org.jetbrains.kotlin.psi.stubs.KotlinClassLiteralExpressionStub                 : loaded 2 times (x 72B)
Class [Lcom.android.utils.StdLogger$Level;                                            : loaded 2 times (x 71B)
Class com.android.prefs.AndroidLocationsException                                     : loaded 2 times (x 84B)
Class org.jetbrains.kotlin.fir.symbols.FirLazyResolveForbiddenException               : loaded 2 times (x 84B)
Class kotlin.reflect.jvm.internal.impl.types.SpecialTypesKt                           : loaded 2 times (x 73B)
Class kotlin.reflect.jvm.internal.JvmPropertySignature$KotlinProperty                 : loaded 2 times (x 75B)
Class kotlin.reflect.jvm.internal.impl.load.java.components.DescriptorResolverUtils$1$1: loaded 2 times (x 79B)
Class kotlin.reflect.jvm.internal.impl.utils.SmartSet                                 : loaded 2 times (x 138B)
Class kotlin.reflect.jvm.internal.impl.protobuf.GeneratedMessageLite$1                : loaded 2 times (x 73B)
Class kotlin.reflect.jvm.internal.impl.serialization.deserialization.DeserializedClassDataFinder: loaded 2 times (x 77B)
Class kotlin.reflect.jvm.internal.impl.metadata.ProtoBuf$ClassOrBuilder               : loaded 2 times (x 72B)
Class kotlin.reflect.jvm.internal.impl.metadata.ProtoBuf$ValueParameter               : loaded 2 times (x 103B)
Class kotlin.reflect.jvm.internal.impl.protobuf.SmallSortedMap$EmptySet               : loaded 2 times (x 73B)
Class kotlin.reflect.jvm.internal.impl.resolve.OverridingUtil$1                       : loaded 2 times (x 76B)
Class kotlin.reflect.jvm.internal.impl.load.java.lazy.JavaResolverSettings$Default    : loaded 2 times (x 78B)
Class kotlin.reflect.jvm.internal.impl.descriptors.ClassifierDescriptor               : loaded 2 times (x 72B)
Class org.jetbrains.kotlin.metadata.deserialization.ProtoTypeTableUtilKt              : loaded 2 times (x 73B)
Class [Lorg.jetbrains.kotlin.descriptors.DescriptorVisibility;                        : loaded 2 times (x 71B)
Class org.jetbrains.kotlin.incremental.storage.InlineFunctionOrAccessorExternalizer   : loaded 2 times (x 78B)
Class org.jetbrains.kotlin.incremental.classpathDiff.impl.ClassFileWithContentsProvider: loaded 2 times (x 74B)
Class kotlin.collections.CollectionsKt__IteratorsJVMKt$iterator$1                     : loaded 2 times (x 81B)
Class jdk.internal.jimage.decompressor.ResourceDecompressor$StringsProvider           : loaded 2 times (x 72B)
Class org.apache.commons.compress.archivers.zip.ZipMethod                             : loaded 2 times (x 81B)
Class [Lorg.apache.commons.compress.archivers.zip.ZipArchiveEntry$ExtraFieldParsingMode;: loaded 2 times (x 71B)
Class org.apache.commons.compress.archivers.zip.ZipSplitOutputStream                  : loaded 2 times (x 91B)
Class com.google.common.collect.ForwardingCollection                                  : loaded 2 times (x 132B)
Class com.google.common.collect.LexicographicalOrdering                               : loaded 2 times (x 117B)
Class org.jetbrains.kotlin.gradle.dsl.KotlinJvmCompile$DefaultImpls                   : loaded 2 times (x 73B)
Class org.jetbrains.kotlin.gradle.plugin.mpp.compilationImpl.factory.KotlinCompilationImplFactory$create$1: loaded 2 times (x 77B)
Class org.jetbrains.kotlin.gradle.tasks.KotlinJavaToolchain                           : loaded 2 times (x 72B)
Class org.jetbrains.kotlin.statistics.metrics.BooleanMetrics$Companion                : loaded 2 times (x 73B)
Class org.jetbrains.kotlin.gradle.plugin.internal.CompatibilityConventionRegistrar    : loaded 2 times (x 72B)
Class org.jetbrains.kotlin.gradle.plugin.AndroidGradlePluginVersion                   : loaded 2 times (x 77B)
Class com.google.common.collect.Iterables                                             : loaded 2 times (x 73B)
Class org.jetbrains.kotlin.fir.scopes.jvm.JvmMappedScope$FirMappedSymbolStorage       : loaded 2 times (x 74B)
Class org.jetbrains.kotlin.parsing.KotlinParsing$1                                    : loaded 2 times (x 80B)
Class org.jetbrains.kotlin.util.PerformanceManagerKt                                  : loaded 2 times (x 73B)
Class com.android.utils.XmlUtils                                                      : loaded 2 times (x 73B)
Class org.jetbrains.kotlin.metadata.ProtoBuf$Annotation$Builder                       : loaded 2 times (x 137B)
Class org.jetbrains.kotlin.cli.jvm.modules.CliJavaModuleFinder                        : loaded 2 times (x 77B)
Class kotlin.collections.ReversedList$listIterator$1                                  : loaded 2 times (x 96B)
Class kotlin.reflect.jvm.internal.impl.builtins.PrimitiveType$$Lambda$1               : loaded 2 times (x 78B)
Class org.jetbrains.kotlin.fir.java.enhancement.FirEnhancedSymbolsStorage$special$$inlined$createCache$1: loaded 2 times (x 77B)
Class org.jetbrains.kotlin.psi.KtUnaryExpression                                      : loaded 2 times (x 503B)
Class org.jetbrains.kotlin.fir.java.FirJavaVisibilityChecker                          : loaded 2 times (x 75B)
Class org.jetbrains.kotlin.fir.declarations.impl.FirResolvedDeclarationStatusImpl$Companion: loaded 2 times (x 73B)
Class com.android.ide.common.gradle.Part                                              : loaded 2 times (x 79B)
Class kotlin.reflect.jvm.internal.impl.types.model.FlexibleTypeMarker                 : loaded 2 times (x 72B)
Class kotlin.io.FileWalkDirection                                                     : loaded 2 times (x 81B)
Class kotlin.reflect.jvm.internal.impl.load.java.typeEnhancement.JavaTypeEnhancement$SimpleResult: loaded 2 times (x 74B)
Class kotlin.reflect.jvm.internal.impl.types.model.IntersectionTypeConstructorMarker  : loaded 2 times (x 72B)
Class kotlin.reflect.jvm.internal.impl.load.java.structure.JavaType                   : loaded 2 times (x 72B)
Class kotlin.reflect.jvm.internal.impl.resolve.scopes.GivenFunctionsMemberScope       : loaded 2 times (x 96B)
Class kotlin.reflect.jvm.internal.impl.descriptors.impl.ValueParameterDescriptorImpl$Companion: loaded 2 times (x 73B)
Class kotlin.reflect.jvm.internal.impl.protobuf.AbstractMessageLite$Builder           : loaded 2 times (x 87B)
Class kotlin.reflect.jvm.internal.impl.resolve.scopes.ChainedMemberScope              : loaded 2 times (x 87B)
Class kotlin.reflect.jvm.internal.impl.load.kotlin.DeserializationComponentsForJava$Companion$ModuleData: loaded 2 times (x 74B)
Class kotlin.reflect.jvm.internal.impl.metadata.ProtoBuf$Class$1                      : loaded 2 times (x 89B)
Class kotlin.reflect.jvm.internal.impl.metadata.jvm.JvmProtoBuf$JvmMethodSignature$1  : loaded 2 times (x 89B)
Class kotlin.reflect.jvm.internal.impl.metadata.jvm.deserialization.JvmProtoBufUtil   : loaded 2 times (x 73B)
Class kotlin.reflect.jvm.internal.impl.descriptors.impl.AbstractClassDescriptor$1$1   : loaded 2 times (x 79B)
Class org.jetbrains.kotlin.metadata.jvm.JvmProtoBuf$StringTableTypes$Record$Operation : loaded 2 times (x 84B)
Class org.jetbrains.kotlin.com.intellij.openapi.diagnostic.DefaultLogger              : loaded 2 times (x 102B)
Class org.jetbrains.kotlin.gradle.plugin.mpp.KotlinJvmCompilation                     : loaded 2 times (x 201B)
Class org.jetbrains.kotlin.gradle.plugin.KotlinCompilation$Companion                  : loaded 2 times (x 73B)
Class com.google.common.collect.Lists$RandomAccessReverseList                         : loaded 2 times (x 202B)
Class org.jetbrains.kotlin.konan.target.KonanTarget$WATCHOS_ARM64                     : loaded 2 times (x 80B)
Class org.jetbrains.kotlin.gradle.plugin.diagnostics.checkers.OverriddenKotlinNativeHomeChecker: loaded 2 times (x 76B)
Class org.jetbrains.kotlin.gradle.artifacts.KotlinJvmJarArtifactKt$KotlinJvmJarArtifact$1: loaded 2 times (x 76B)
Class org.jetbrains.kotlin.gradle.targets.native.SetupEmbedAndSignAppleFrameworkTaskSideEffectKt: loaded 2 times (x 73B)
Class org.jetbrains.kotlin.gradle.plugin.KotlinProjectSetupActionKt$KotlinProjectSetupCoroutine$1: loaded 2 times (x 77B)
Class org.jetbrains.kotlin.gradle.dsl.ToolchainSupport$Companion                      : loaded 2 times (x 73B)
Class org.jetbrains.kotlin.gradle.plugin.KotlinSourceSet                              : loaded 2 times (x 72B)
Class org.jetbrains.kotlin.konan.target.KonanTarget$MACOS_ARM64                       : loaded 2 times (x 80B)

---------------  S Y S T E M  ---------------

OS:
 Windows 10 , 64 bit Build 19041 (10.0.19041.5915)
OS uptime: 1 days 23:02 hours

CPU: total 2 (initial active 2) (2 cores per cpu, 1 threads per core) family 6 model 23 stepping 10 microcode 0xa0c, cx8, cmov, fxsr, mmx, sse, sse2, sse3, ssse3, tsc, clflush
Processor Information for the first 2 processors :
  Max Mhz: 2600, Current Mhz: 2600, Mhz Limit: 2600

Memory: 4k page, system-wide physical 4085M (606M free)
TotalPageFile size 16144M (AvailPageFile size 695M)
current process WorkingSet (physical memory assigned to process): 774M, peak: 1407M
current process commit charge ("private bytes"): 6042M, peak: 7028M

vm_info: OpenJDK 64-Bit Server VM (25.0.3+-15898627-b508.16) for windows-amd64 JRE (25.0.3+-15898627-b508.16), built on 2026-07-20T17:54:23Z with MS VC++ 16.10 / 16.11 (VS2019)

END.
